id,category_name_en,en-US
WORD_PETS_2,Pets,Pets
WORD_FOOD_3,Food,Food
WORD_FLOWERS_4,Flowers,Flowers
WORD_CINEMA_6,Cinema,Cinema
WORD_BURGER_8,Burger,Burger
WORD_BOOK_9,Book,Book
WORD_LANDMASS_10,Landmass,Landmass
WORD_DRINKS_16,Drinks,Drinks
WORD_CHESS_17,Chess,Chess
WORD_SEASONS_18,Seasons,Seasons
WORD_FISHING_20,Fishing,Fishing
WORD_ISLANDS_21,Islands,Islands
WORD_DANCES_24,Dances,Dances
WORD_INSECTS_25,Insects,Insects
WORD_MATERIAL_27,Material,Material
WORD_AIRPORT_29,Airport,Airport
WORD_DAIRY_30,Dairy,Dairy
WORD_FISH_31,Fish,Fish
WORD_MAP_32,Nations,Nations
WORD_KNIGHT_34,Knight,Knight
WORD_GAMER_36,Gamer,Gamer
WORD_DEVICE_38,Device,Device
WORD_HOUSE_40,House,House
WORD_JOBS_42,Jobs,Jobs
WORD_FOOTWEAR_46,Footwear,Footwear
WORD_DRIVING_49,Driving,Driving
WORD_EXPLORER_51,Explorer,Explorer
WORD_MOVEMENT_52,Movement,Movement
WORD_PHASE_57,Phase,Phase
WORD_COZY_58,Cozy,Cozy
WORD_ZODIAC_59,Zodiac,Zodiac
WORD_SHIP_62,Ship,Ship
WORD_MAILMAN_63,Mailman,Mailman
WORD_SCULPT_64,Sculpt,Sculpt
WORD_LANGUAGE_70,Language,Language
WORD_CAMERA_73,Camera,Camera
WORD_FOG_76,Fog,Fog
WORD_SNOW_77,Snow,Snow
WORD_SPIKY_78,Spiky,Spiky
WORD_BIRDS_80,Birds,Birds
WORD_MINDS_82,Minds,Minds
WORD_HOCKEY_86,Hockey,Hockey
WORD_DATE_87,Date,Date
WORD_SAW_88,Saw,Saw
WORD_ACTOR_89,Actor,Actor
WORD_PLANET_90,Planet,Planet
WORD_LESSONS_94,Lessons,Lessons
WORD_PILLS_99,Pills,Pills
WORD_RAINY_100,Rainy,Rainy
WORD_BREADS_102,Breads,Breads
WORD_BRAIN_106,Brain,Brain
WORD_ELEMENTS_107,Elements,Elements
WORD_CHEESE_108,Cheese,Cheese
WORD_FITNESS_110,Fitness,Fitness
WORD_MUSCLES_112,Muscles,Muscles
WORD_EGYPT_114,Egypt,Egypt
WORD_BERRY_116,Berry,Berry
WORD_CAPITALS_119,Capitals,Capitals
WORD_MAKEUP_120,Makeup,Makeup
WORD_COMBAT_121,Combat,Combat
WORD_GUITAR_122,Guitar,Guitar
WORD_BALLET_125,Ballet,Ballet
WORD_UNITE_126,Unite,Unite
WORD_LUXURY_133,Luxury,Luxury
WORD_BIOMES_135,Biomes,Biomes
WORD_SPICY_136,Spicy,Spicy
WORD_PLANE_139,Plane,Plane
WORD_RODENTS_141,Rodents,Rodents
WORD_ENERGY_145,Energy,Energy
WORD_ARTICLES_147,Articles,Articles
WORD_DISASTER_148,Disaster,Disaster
WORD_PRIMATES_149,Primates,Primates
WORD_CODING_150,Coding,Coding
WORD_RAP_151,Rap,Rap
WORD_WATER_152,Waterfall,Waterfall
WORD_TOYS_154,Toys,Toys
WORD_ARMY_156,Army,Army
WORD_MEDITATE_160,Meditate,Meditate
WORD_FAME_161,Fame,Fame
WORD_LINGUIST_162,Linguist,Linguist
WORD_HOLIDAY_163,Holiday,Holiday
WORD_GYM_164,Gym,Gym
WORD_WILLIAM_165,William,William
WORD_CANINES_168,Canines,Canines
WORD_STUDIES_169,Studies,Studies
WORD_CITRUS_173,Citrus,Citrus
WORD_AIRCRAFT_174,Aircraft,Aircraft
WORD_GRAPE_177,Grape,Grape
WORD_MUSHROOM_178,Mushroom,Mushroom
WORD_ARCTIC_180,Arctic,Arctic
WORD_RACING_182,Racing,Racing
WORD_HELP_183,Help,Help
WORD_GEMSTONE_186,Gemstone,Gemstone
WORD_PATTERN_188,Celestial,Celestial
WORD_FUELS_190,Fuels,Fuels
WORD_ELECT_193,Elect,Elect
WORD_CROWN_194,Crown,Crown
WORD_LEADER_196,Leader,Leader
WORD_HOT_DOG_201,Hot dog,Hot dog
WORD_CIPHER_208,Cipher,Cipher
WORD_SYMPHONY_210,Symphony,Symphony
WORD_ARTWORKS_211,Artworks,Artworks
WORD_AUCTION_215,Auction,Auction
WORD_BEANS_219,Beans,Beans
WORD_CAMPING_221,Camping,Camping
WORD_PLAY_223,Music,Music
WORD_FINANCE_227,Finance,Finance
WORD_MEDIEVAL_228,Medieval,Medieval
WORD_OPTICS_229,Optics,Optics
WORD_NAVIGATE_230,Navigate,Navigate
WORD_TODDLER_231,Toddler,Toddler
WORD_FAMILIES_234,Families,Families
WORD_STARS_236,Stars,Stars
WORD_AI_238,AI,AI
WORD_DIVISION_242,Division,Division
WORD_SPEAK_244,Speak,Speak
WORD_HAIR_245,Hair,Hair
WORD_INJURIES_249,Injuries,Injuries
WORD_FLU_251,Flu,Flu
WORD_MINERALS_253,Minerals,Minerals
WORD_RADIATE_257,Radiate,Radiate
WORD_HORMONES_259,Hormones,Hormones
WORD_EYE_260,Eye,Eye
WORD_SHOVEL_261,Shovel,Shovel
WORD_ALLOY_264,Alloy,Alloy
WORD_FESTIVAL_270,Festival,Festival
WORD_METAL_272,Metal,Metal
WORD_ARTIFACT_276,Artifact,Artifact
WORD_DEFENSE_277,Defense,Defense
WORD_PARTICLE_281,Particle,Particle
WORD_NEW_YORK_287,New York,New York
WORD_NO_BONES_289,No bones,No bones
WORD_LEGENDS_291,Legends,Legends
WORD_HELLO_295,Hello,Hello
WORD_PHD_296,PhD,PhD
WORD_OK_SIGN_301,OK,OK
WORD_JUSTICE_310,Justice,Justice
WORD_PRISONER_312,Prisoner,Prisoner
WORD_SPACE_314,Space,Space
WORD_WESTERN_317,Western,Western
WORD_LOCK_321,Lock,Lock
WORD_LEGS_322,Legs,Legs
WORD_PYRAMIDS_330,Pyramids,Pyramids
WORD_SHAFT_331,Shaft,Shaft
WORD_FARMING_333,Farming,Farming
WORD_SLIDING_339,Sliding,Sliding
WORD_PAINTING_340,Painting,Painting
WORD_RICE_342,Rice,Rice
WORD_HEART_344,Love,Love
WORD_HIPPIE_349,Hippie,Hippie
WORD_ROBOT_354,Robot,Robot
WORD_GREECE_359,Greece,Greece
WORD_DYNAMICS_360,Dynamics,Dynamics
WORD_LAKES_365,Lakes,Lakes
WORD_NUCLEAR_366,Nuclear,Nuclear
WORD_ITALY_376,Italy,Italy
WORD_POINTING_379,Pointing,Pointing
WORD_SKIN_380,Skin,Skin
WORD_BUILD_384,Build,Build
WORD_POLICIES_394,Politics,Politics
WORD_STRENGTH_401,Strength,Strength
WORD_MESSAGE_407,Message,Message
WORD_VIEWS_410,Views,Views
WORD_ORGANS_412,Organs,Organs
WORD_TAROT_417,Tarot,Tarot
WORD_VOICES_439,Voices,Voices
WORD_POETRY_440,Poetry,Poetry
WORD_MEALS_444,Meals,Meals
WORD_ALCHEMY_445,Alchemy,Alchemy
WORD_PAGANISM_469,Paganism,Paganism
WORD_PRESENT_470,Present,Present
WORD_SECRET_471,Secret,Secret
WORD_EQUIDAE_475,Equidae,Equidae
WORD_LEATHER_480,Leather,Leather
WORD_CASTLE_485,Castle,Castle
WORD_DISPLAY_486,Display,Display
WORD_CULTURES_487,Cultures,Cultures
WORD_WARRIORS_491,Warriors,Warriors
WORD_LIE_492,Lie,Lie
WORD_VIOLIN_508,Orchestra,Orchestra
WORD_ANAGRAM_511,Anagram,Anagram
WORD_DRUM_518,Drum,Drum
WORD_WREATH_544,Winning,Winning
WORD_ZEN_549,Zen,Zen
WORD_NETWORK_588,Network,Network
WORD_CUSTOMS_592,Customs,Customs
WORD_MORTGAGE_595,Mortgage,Mortgage
WORD_CONCRETE_601,Concrete,Concrete
WORD_MEMES_620,Memes,Memes
WORD_ALKANES_641,Alkanes,Alkanes
WORD_EVALUATE_651,Evaluate,Evaluate
WORD_QUEST_680,Quest,Quest
WORD_BEARDS_681,Beards,Beards
WORD_YINYANG_721,Yinyang,Yinyang
WORD_FOODIE_726,Foodie,Foodie
WORD_OPERA_760,Opera,Opera
WORD_HARBOR_764,Harbor,Harbor
WORD_STREET_768,Street,Street
WORD_CHIMERA_795,Chimera,Chimera
WORD_CARRIAGE_800,Carriage,Carriage
WORD_GAITS_810,Gaits,Gaits
WORD_EARTH_831,Earth,Earth
WORD_VIOLINS_845,Violins,Violins
WORD_GRAMMAR_861,Grammar,Grammar
WORD_COASTAL_882,Coastal,Coastal
WORD_WHEEL_890,Wheel,Wheel
WORD_INDUSTRY_921,Industry,Industry
WORD_PREFIX_922,Prefix,Prefix
WORD_BREEDS_940,Breeds,Breeds
WORD_LANDMARK_948,Landmark,Landmark
WORD_RIVERS_959,Rivers,Rivers
WORD_COAST_969,Coast,Coast
WORD_SKINCARE_984,Skincare,Skincare
WORD_DYNASTY_991,Dynasty,Dynasty
WORD_PRIEST_1019,Priest,Priest
WORD_MAPS_1022,Maps,Maps
WORD_SINGING_1054,Singing,Singing
WORD_GENETICS_1060,Genetics,Genetics
WORD_SCREEN_1030,Screen,Screen
WORD_ALARM_1031,Alarm,Alarm
WORD_LEAVES_1055,Leaves,Leaves
WORD_DISHWARE_829,Dishware,Dishware
WORD_POND_830,Pond,Pond
PIC_CHESS_1,Chess,Chess
PIC_SPORTS_2,Sports,Sports
PIC_FURNITURE_3,Furniture,Furniture
PIC_DECK_4,Deck,Deck
PIC_ZODIAC_5,Zodiac,Zodiac
PIC_TOOLBOX_6,Toolbox,Toolbox
PIC_GARMENTS_7,Garments,Garments
PIC_VEGGIE_8,Veggie,Veggie
PIC_FRUITS_9,Fruits,Fruits
PIC_CHAIR_10,Chair,Chair
PIC_HATS_11,Hats,Hats
PIC_PLAY_12,Music,Music
PIC_CLEANING_13,Cleaning,Cleaning
PIC_SHOES_14,Shoes,Shoes
PIC_MAP_15,Map,Map
PIC_BIRD_16,Bird,Bird
PIC_SEAFOOD_17,Seafood,Seafood
PIC_DOGS_18,Dogs,Dogs
PIC_EATS_19,Eats,Eats
PIC_BUILD_20,Build,Build
PIC_FOLKLORE_21,Folklore,Folklore
PIC_DRUPES_22,Drupes,Drupes
PIC_PICNIC_23,Picnic,Picnic
PIC_PASTRY_24,Pastry,Pastry
PIC_WIND_25,Wind,Wind
PIC_MALL_26,Mall,Mall
PIC_STRINGS_27,Strings,Strings
PIC_JEWELRY_28,Jewelry,Jewelry
PIC_FLOWERS_29,Flowers,Flowers
PIC_REPTILES_30,Reptiles,Reptiles
PIC_GEMSTONE_31,Gemstone,Gemstone
PIC_INSECTS_32,Insects,Insects
PIC_RODENTS_33,Rodents,Rodents
PIC_WESTERN_34,Western,Western
PIC_PIRATE_35,Pirate,Pirate
PIC_BEACH_36,Beach,Beach
PIC_EGYPT_37,Egypt,Egypt
PIC_SPACE_38,Space,Space
PIC_SEA_FISH_39,Sea fish,Sea fish
PIC_BIRTHDAY_40,Birthday,Birthday
PIC_CHARGER_41,Charger,Charger
PIC_TRANSPORT_42,Transport,Transport
PIC_WHISKERS_43,Whiskers,Whiskers
PIC_BURGER_44,Burger,Burger
PIC_DRINKS_45,Drinks,Drinks
PIC_SHAPES_46,Shapes,Shapes
PIC_LUXURY_47,Luxury,Luxury
PIC_TAROT_48,Tarot,Tarot
PIC_BABIES_49,Babies,Babies
PIC_SAILOR_50,Sailor,Sailor
PIC_CANDY_51,Candy,Candy
PIC_KEYS_52,Keys,Keys
PIC_LAWN_53,Lawn,Lawn
PIC_3D_54,3D,3D
PIC_VAMPIRE_55,Vampire,Vampire
PIC_LANDMARK_56,Landmark,Landmark
PIC_DESERT_57,Desert,Desert
PIC_TOYS_58,Toys,Toys
PIC_PURPLE_59,Purple,Purple
PIC_YELLOW_60,Yellow,Yellow
PIC_RAIN_61,Rain,Rain
PIC_GYM_62,Gym,Gym
PIC_PAIRS_63,Pairs,Pairs
PIC_CAMPING_64,Camping,Camping
PIC_XMAS_65,Xmas,Xmas
PIC_MAIL_66,Mail,Mail
PIC_CHEF_67,Chef,Chef
PIC_SCREEN_68,Screen,Screen
PIC_TOOLS_69,Tools,Tools
PIC_SUPPLIES_70,Supplies,Supplies
PIC_UTENSILS_71,Utensils,Utensils
PIC_ARTS_72,Arts,Arts
PIC_SURVIVAL_73,Survival,Survival
PIC_BAKING_74,Baking,Baking
PIC_MEDICAL_75,Medical,Medical
PIC_ECO_ITEMS_76,Eco-items,Eco-items
PIC_DECOR_77,Decor,Decor
PIC_AQUATICS_78,Water_Sports,Water Sports
PIC_ICONS_79,Icons,Icons
PIC_HALLOWEEN_80,Halloween,Halloween
