id,category_name_en,ja-JP
WORD_PETS_2,Pets,ペット
WORD_FOOD_3,Food,食べ物
WORD_FLOWERS_4,Flowers,花
WORD_CINEMA_6,Cinema,映画
WORD_BURGER_8,Burger,バーガー
WORD_BOOK_9,Book,本
WORD_LANDMASS_10,Landmass,大陸
WORD_DRINKS_16,Drinks,飲み物
WORD_CHESS_17,Chess,チェス
WORD_SEASONS_18,Seasons,季節
WORD_FISHING_20,Fishing,釣り
WORD_ISLANDS_21,Islands,島
WORD_DANCES_24,Dances,ダンス
WORD_INSECTS_25,Insects,昆虫
WORD_MATERIAL_27,Material,素材
WORD_AIRPORT_29,Airport,空港
WORD_DAIRY_30,Dairy,乳製品
WORD_FISH_31,Fish,魚
WORD_MAP_32,Nations,国
WORD_KNIGHT_34,Knight,騎士
WORD_GAMER_36,Gamer,ゲーマー
WORD_DEVICE_38,Device,デバイス
WORD_HOUSE_40,House,豪邸
WORD_JOBS_42,Jobs,仕事
WORD_FOOTWEAR_46,Footwear,履物
WORD_DRIVING_49,Driving,運転
WORD_EXPLORER_51,Explorer,探検家
WORD_MOVEMENT_52,Movement,動き
WORD_PHASE_57,Phase,段階
WORD_COZY_58,Cozy,居心地
WORD_ZODIAC_59,Zodiac,星座
WORD_SHIP_62,Ship,船
WORD_MAILMAN_63,Mailman,郵便屋
WORD_SCULPT_64,Sculpt,彫刻
WORD_LANGUAGE_70,Language,言語
WORD_CAMERA_73,Camera,カメラ
WORD_FOG_76,Fog,霧
WORD_SNOW_77,Snow,雪
WORD_SPIKY_78,Spiky,トゲトゲ
WORD_BIRDS_80,Birds,鳥
WORD_MINDS_82,Minds,思想家
WORD_HOCKEY_86,Hockey,ホッケー
WORD_DATE_87,Date,デート
WORD_SAW_88,Saw,ノコギリ
WORD_ACTOR_89,Actor,俳優
WORD_PLANET_90,Planet,惑星
WORD_LESSONS_94,Lessons,レッスン
WORD_PILLS_99,Pills,薬
WORD_RAINY_100,Rainy,雨天
WORD_BREADS_102,Breads,パン
WORD_BRAIN_106,Brain,脳
WORD_ELEMENTS_107,Elements,元素
WORD_CHEESE_108,Cheese,チーズ
WORD_FITNESS_110,Fitness,フィットネス
WORD_MUSCLES_112,Muscles,筋肉
WORD_EGYPT_114,Egypt,エジプト
WORD_BERRY_116,Berry,ベリー
WORD_CAPITALS_119,Capitals,首都
WORD_MAKEUP_120,Makeup,メイク
WORD_COMBAT_121,Combat,戦闘
WORD_GUITAR_122,Guitar,ギター
WORD_BALLET_125,Ballet,バレエ
WORD_UNITE_126,Unite,団結
WORD_LUXURY_133,Luxury,高級
WORD_BIOMES_135,Biomes,バイオーム
WORD_SPICY_136,Spicy,辛い
WORD_PLANE_139,Plane,飛行機
WORD_RODENTS_141,Rodents,げっ歯類
WORD_ENERGY_145,Energy,エネルギー
WORD_ARTICLES_147,Articles,記事
WORD_DISASTER_148,Disaster,災害
WORD_PRIMATES_149,Primates,霊長類
WORD_CODING_150,Coding,コーディング
WORD_RAP_151,Rap,ラップ
WORD_WATER_152,Waterfall,滝
WORD_TOYS_154,Toys,おもちゃ
WORD_ARMY_156,Army,軍階級
WORD_MEDITATE_160,Meditate,瞑想
WORD_FAME_161,Fame,名声
WORD_LINGUIST_162,Linguist,言語学者
WORD_HOLIDAY_163,Holiday,休日
WORD_GYM_164,Gym,ジム
WORD_WILLIAM_165,William,シェイクスピア
WORD_CANINES_168,Canines,犬科
WORD_STUDIES_169,Studies,名門大学
WORD_CITRUS_173,Citrus,柑橘類
WORD_AIRCRAFT_174,Aircraft,航空機
WORD_GRAPE_177,Grape,ワイン用ブドウ
WORD_MUSHROOM_178,Mushroom,キノコ
WORD_ARCTIC_180,Arctic,北極
WORD_RACING_182,Racing,レース
WORD_HELP_183,Help,助け
WORD_GEMSTONE_186,Gemstone,宝石
WORD_PATTERN_188,Celestial,天体
WORD_FUELS_190,Fuels,燃料
WORD_ELECT_193,Elect,選挙
WORD_CROWN_194,Crown,王室称号
WORD_LEADER_196,Leader,米国大統領
WORD_HOT_DOG_201,Hot dog,ホットドッグ
WORD_CIPHER_208,Cipher,暗号
WORD_SYMPHONY_210,Symphony,交響曲
WORD_ARTWORKS_211,Artworks,芸術作品
WORD_AUCTION_215,Auction,オークション
WORD_BEANS_219,Beans,コーヒー豆
WORD_CAMPING_221,Camping,キャンプ
WORD_PLAY_223,Music,音楽
WORD_FINANCE_227,Finance,金融
WORD_MEDIEVAL_228,Medieval,中世
WORD_OPTICS_229,Optics,光学
WORD_NAVIGATE_230,Navigate,ナビゲート
WORD_TODDLER_231,Toddler,幼児
WORD_FAMILIES_234,Families,動物の科
WORD_STARS_236,Stars,星
WORD_AI_238,AI,AI
WORD_DIVISION_242,Division,行政区画
WORD_SPEAK_244,Speak,話す
WORD_HAIR_245,Hair,髪
WORD_INJURIES_249,Injuries,怪我
WORD_FLU_251,Flu,インフルエンザ
WORD_MINERALS_253,Minerals,鉱物
WORD_RADIATE_257,Radiate,放射
WORD_HORMONES_259,Hormones,ホルモン
WORD_EYE_260,Eye,目
WORD_SHOVEL_261,Shovel,シャベル
WORD_ALLOY_264,Alloy,合金
WORD_FESTIVAL_270,Festival,祭り
WORD_METAL_272,Metal,レアアース
WORD_ARTIFACT_276,Artifact,遺物
WORD_DEFENSE_277,Defense,防衛
WORD_PARTICLE_281,Particle,粒子
WORD_NEW_YORK_287,New York,ニューヨーク
WORD_NO_BONES_289,No bones,無脊椎動物
WORD_LEGENDS_291,Legends,伝説
WORD_HELLO_295,Hello,こんにちは
WORD_PHD_296,PhD,博士
WORD_OK_SIGN_301,OK,同意の言葉
WORD_JUSTICE_310,Justice,正義
WORD_PRISONER_312,Prisoner,囚人
WORD_SPACE_314,Space,宇宙
WORD_WESTERN_317,Western,西部劇
WORD_LOCK_321,Lock,錠前
WORD_LEGS_322,Legs,脚
WORD_PYRAMIDS_330,Pyramids,エジプトの神々
WORD_SHAFT_331,Shaft,鉱山
WORD_FARMING_333,Farming,農業
WORD_SLIDING_339,Sliding,スライドスポーツ
WORD_PAINTING_340,Painting,絵画
WORD_RICE_342,Rice,米
WORD_HEART_344,Love,愛
WORD_HIPPIE_349,Hippie,ヒッピー
WORD_ROBOT_354,Robot,ロボット
WORD_GREECE_359,Greece,ギリシャ文字
WORD_DYNAMICS_360,Dynamics,力学
WORD_LAKES_365,Lakes,湖
WORD_NUCLEAR_366,Nuclear,原子粒子
WORD_ITALY_376,Italy,イタリアの都市
WORD_POINTING_379,Pointing,指示語
WORD_SKIN_380,Skin,肌
WORD_BUILD_384,Build,公共建築
WORD_POLICIES_394,Politics,政治
WORD_STRENGTH_401,Strength,力
WORD_MESSAGE_407,Message,メッセージ
WORD_VIEWS_410,Views,哲学的見解
WORD_ORGANS_412,Organs,臓器
WORD_TAROT_417,Tarot,タロット
WORD_VOICES_439,Voices,声
WORD_POETRY_440,Poetry,詩
WORD_MEALS_444,Meals,食事
WORD_ALCHEMY_445,Alchemy,錬金術
WORD_PAGANISM_469,Paganism,異教
WORD_PRESENT_470,Present,現在
WORD_SECRET_471,Secret,秘密
WORD_EQUIDAE_475,Equidae,ウマ科
WORD_LEATHER_480,Leather,革
WORD_CASTLE_485,Castle,城
WORD_DISPLAY_486,Display,ディスプレイ
WORD_CULTURES_487,Cultures,古代文明
WORD_WARRIORS_491,Warriors,侍
WORD_LIE_492,Lie,嘘
WORD_VIOLIN_508,Orchestra,オーケストラ
WORD_ANAGRAM_511,Anagram,アナグラム
WORD_DRUM_518,Drum,太鼓
WORD_WREATH_544,Winning,勝利
WORD_ZEN_549,Zen,禅
WORD_NETWORK_588,Network,ネットワーク
WORD_CUSTOMS_592,Customs,税関
WORD_MORTGAGE_595,Mortgage,住宅ローン
WORD_CONCRETE_601,Concrete,建設
WORD_MEMES_620,Memes,ミーム
WORD_ALKANES_641,Alkanes,アルカン
WORD_EVALUATE_651,Evaluate,評価
WORD_QUEST_680,Quest,クエスト
WORD_BEARDS_681,Beards,ひげ
WORD_YINYANG_721,Yinyang,陰陽
WORD_FOODIE_726,Foodie,グルメ
WORD_OPERA_760,Opera,オペラ
WORD_HARBOR_764,Harbor,港
WORD_STREET_768,Street,通り
WORD_CHIMERA_795,Chimera,キメラ
WORD_CARRIAGE_800,Carriage,馬車
WORD_GAITS_810,Gaits,歩き方
WORD_EARTH_831,Earth,地球
WORD_VIOLINS_845,Violins,バイオリン
WORD_GRAMMAR_861,Grammar,文法
WORD_COASTAL_882,Coastal,沿岸
WORD_WHEEL_890,Wheel,車輪
WORD_INDUSTRY_921,Industry,産業
WORD_PREFIX_922,Prefix,接頭辞
WORD_BREEDS_940,Breeds,猫の品種
WORD_LANDMARK_948,Landmark,ランドマーク
WORD_RIVERS_959,Rivers,川
WORD_COAST_969,Coast,海岸
WORD_SKINCARE_984,Skincare,スキンケア
WORD_DYNASTY_991,Dynasty,王朝
WORD_PRIEST_1019,Priest,聖職者
WORD_MAPS_1022,Maps,地図
WORD_SINGING_1054,Singing,歌う
WORD_GENETICS_1060,Genetics,遺伝学
WORD_SCREEN_1030,Screen,スクリーン
WORD_ALARM_1031,Alarm,警報音
WORD_LEAVES_1055,Leaves,葉
WORD_DISHWARE_829,Dishware,食器
WORD_POND_830,Pond,池
PIC_CHESS_1,Chess,チェス
PIC_SPORTS_2,Sports,スポーツ
PIC_FURNITURE_3,Furniture,家具
PIC_DECK_4,Deck,トランプ
PIC_ZODIAC_5,Zodiac,星座
PIC_TOOLBOX_6,Toolbox,道具箱
PIC_GARMENTS_7,Garments,衣服
PIC_VEGGIE_8,Veggie,野菜
PIC_FRUITS_9,Fruits,果物
PIC_CHAIR_10,Chair,椅子
PIC_HATS_11,Hats,帽子
PIC_PLAY_12,Music,音楽
PIC_CLEANING_13,Cleaning,掃除
PIC_SHOES_14,Shoes,靴
PIC_MAP_15,Map,国々
PIC_BIRD_16,Bird,鳥
PIC_SEAFOOD_17,Seafood,海鮮
PIC_DOGS_18,Dogs,犬
PIC_EATS_19,Eats,ファストフード
PIC_BUILD_20,Build,公共建築
PIC_FOLKLORE_21,Folklore,民話
PIC_DRUPES_22,Drupes,核果
PIC_PICNIC_23,Picnic,ピクニック
PIC_PASTRY_24,Pastry,ペストリー
PIC_WIND_25,Wind,管楽器
PIC_MALL_26,Mall,ショッピングモール
PIC_STRINGS_27,Strings,弦
PIC_JEWELRY_28,Jewelry,宝飾品
PIC_FLOWERS_29,Flowers,花
PIC_REPTILES_30,Reptiles,爬虫類
PIC_GEMSTONE_31,Gemstone,宝石
PIC_INSECTS_32,Insects,昆虫
PIC_RODENTS_33,Rodents,げっ歯類
PIC_WESTERN_34,Western,西部劇
PIC_PIRATE_35,Pirate,海賊
PIC_BEACH_36,Beach,ビーチ
PIC_EGYPT_37,Egypt,エジプト
PIC_SPACE_38,Space,宇宙
PIC_SEA_FISH_39,Sea fish,海水魚
PIC_BIRTHDAY_40,Birthday,誕生日
PIC_CHARGER_41,Charger,充電器
PIC_TRANSPORT_42,Transport,輸送
PIC_WHISKERS_43,Whiskers,ひげ
PIC_BURGER_44,Burger,バーガー
PIC_DRINKS_45,Drinks,飲み物
PIC_SHAPES_46,Shapes,形
PIC_LUXURY_47,Luxury,高級
PIC_TAROT_48,Tarot,タロット
PIC_BABIES_49,Babies,赤ちゃん
PIC_SAILOR_50,Sailor,船乗り
PIC_CANDY_51,Candy,キャンディー
PIC_KEYS_52,Keys,鍵
PIC_LAWN_53,Lawn,芝生
PIC_3D_54,3D,3D
PIC_VAMPIRE_55,Vampire,吸血鬼
PIC_LANDMARK_56,Landmark,ランドマーク
PIC_DESERT_57,Desert,砂漠
PIC_TOYS_58,Toys,おもちゃ
PIC_PURPLE_59,Purple,紫
PIC_YELLOW_60,Yellow,黄色
PIC_RAIN_61,Rain,雨
PIC_GYM_62,Gym,ジム
PIC_PAIRS_63,Pairs,ペア
PIC_CAMPING_64,Camping,キャンプ
PIC_XMAS_65,Xmas,クリスマス
PIC_MAIL_66,Mail,郵便
PIC_CHEF_67,Chef,シェフ
PIC_SCREEN_68,Screen,スクリーン
PIC_TOOLS_69,Tools,道具
PIC_SUPPLIES_70,Supplies,用品
PIC_UTENSILS_71,Utensils,調理器具
PIC_ARTS_72,Arts,芸術
PIC_SURVIVAL_73,Survival,サバイバル
PIC_BAKING_74,Baking,ベーキング
PIC_MEDICAL_75,Medical,医療
PIC_ECO_ITEMS_76,Eco-items,エコアイテム
PIC_DECOR_77,Decor,装飾
PIC_AQUATICS_78,Aquatics,水生生物
PIC_ICONS_79,Icons,アイコン
PIC_HALLOWEEN_80,Halloween,ハロウィン
