id,category_name_en,pl-PL
WORD_PETS_2,Pets,Zwierzęta domowe
WORD_FOOD_3,Food,Jedzenie
WORD_FLOWERS_4,Flowers,Kwiaty
WORD_CINEMA_6,Cinema,Kino
WORD_BURGER_8,Burger,Burger
WORD_BOOK_9,Book,Książka
WORD_LANDMASS_10,Landmass,Ląd
WORD_DRINKS_16,Drinks,Napoje
WORD_CHESS_17,Chess,Szachy
WORD_SEASONS_18,Seasons,Pory roku
WORD_FISHING_20,Fishing,Wędkowanie
WORD_ISLANDS_21,Islands,Wyspy
WORD_DANCES_24,Dances,Tańce
WORD_INSECTS_25,Insects,Owady
WORD_MATERIAL_27,Material,Materiał
WORD_AIRPORT_29,Airport,Lotnisko
WORD_DAIRY_30,Dairy,Nabiał
WORD_FISH_31,Fish,Ryba
WORD_MAP_32,Nations,Narody
WORD_KNIGHT_34,Knight,Rycerz
WORD_GAMER_36,Gamer,Gracz
WORD_DEVICE_38,Device,Urządzenie
WORD_HOUSE_40,House,Dom
WORD_JOBS_42,Jobs,Zawody
WORD_FOOTWEAR_46,Footwear,Obuwie
WORD_DRIVING_49,Driving,Jazda
WORD_EXPLORER_51,Explorer,Odkrywca
WORD_MOVEMENT_52,Movement,Ruch
WORD_PHASE_57,Phase,Faza
WORD_COZY_58,Cozy,Przytulny
WORD_ZODIAC_59,Zodiac,Zodiak
WORD_SHIP_62,Ship,Statek
WORD_MAILMAN_63,Mailman,Listonosz
WORD_SCULPT_64,Sculpt,Rzeźba
WORD_LANGUAGE_70,Language,Język
WORD_CAMERA_73,Camera,Aparat
WORD_FOG_76,Fog,Mgła
WORD_SNOW_77,Snow,Śnieg
WORD_SPIKY_78,Spiky,Kolczasty
WORD_BIRDS_80,Birds,Ptaki
WORD_MINDS_82,Minds,Myśliciele
WORD_HOCKEY_86,Hockey,Hokej
WORD_DATE_87,Date,Randka
WORD_SAW_88,Saw,Piła
WORD_ACTOR_89,Actor,Aktor
WORD_PLANET_90,Planet,Planeta
WORD_LESSONS_94,Lessons,Lekcje
WORD_PILLS_99,Pills,Tabletki
WORD_RAINY_100,Rainy,Deszczowy
WORD_BREADS_102,Breads,Chleby
WORD_BRAIN_106,Brain,Mózg
WORD_ELEMENTS_107,Elements,Pierwiastki
WORD_CHEESE_108,Cheese,Ser
WORD_FITNESS_110,Fitness,Fitness
WORD_MUSCLES_112,Muscles,Mięśnie
WORD_EGYPT_114,Egypt,Egipt
WORD_BERRY_116,Berry,Jagoda
WORD_CAPITALS_119,Capitals,Stolice
WORD_MAKEUP_120,Makeup,Makijaż
WORD_COMBAT_121,Combat,Walka
WORD_GUITAR_122,Guitar,Gitara
WORD_BALLET_125,Ballet,Balet
WORD_UNITE_126,Unite,Jedność
WORD_LUXURY_133,Luxury,Luksus
WORD_BIOMES_135,Biomes,Biomy
WORD_SPICY_136,Spicy,Pikantny
WORD_PLANE_139,Plane,Samolot
WORD_RODENTS_141,Rodents,Gryzonie
WORD_ENERGY_145,Energy,Energia
WORD_ARTICLES_147,Articles,Artykuły
WORD_DISASTER_148,Disaster,Katastrofa
WORD_PRIMATES_149,Primates,Naczelne
WORD_CODING_150,Coding,Programowanie
WORD_RAP_151,Rap,Rap
WORD_WATER_152,Waterfall,Wodospad
WORD_TOYS_154,Toys,Zabawki
WORD_ARMY_156,Army,Armia
WORD_MEDITATE_160,Meditate,Medytacja
WORD_FAME_161,Fame,Sława
WORD_LINGUIST_162,Linguist,Językoznawca
WORD_HOLIDAY_163,Holiday,Święta
WORD_GYM_164,Gym,Siłownia
WORD_WILLIAM_165,William,Szekspir
WORD_CANINES_168,Canines,Psowate
WORD_STUDIES_169,Studies,Uniwersytety
WORD_CITRUS_173,Citrus,Cytrusy
WORD_AIRCRAFT_174,Aircraft,Samoloty
WORD_GRAPE_177,Grape,Winogrono
WORD_MUSHROOM_178,Mushroom,Grzyb
WORD_ARCTIC_180,Arctic,Arktyka
WORD_RACING_182,Racing,Wyścigi
WORD_HELP_183,Help,Pomoc
WORD_GEMSTONE_186,Gemstone,Kamień szlachetny
WORD_PATTERN_188,Celestial,Gwiazdozbiory
WORD_FUELS_190,Fuels,Paliwa
WORD_ELECT_193,Elect,Wyborczy
WORD_CROWN_194,Crown,Tytuły królewskie
WORD_LEADER_196,Leader,Prezydenci
WORD_HOT_DOG_201,Hot dog,Hot dog
WORD_CIPHER_208,Cipher,Szyfr
WORD_SYMPHONY_210,Symphony,Symfonia
WORD_ARTWORKS_211,Artworks,Dzieła sztuki
WORD_AUCTION_215,Auction,Aukcja
WORD_BEANS_219,Beans,Ziarna kawy
WORD_CAMPING_221,Camping,Camping
WORD_PLAY_223,Music,Muzyka
WORD_FINANCE_227,Finance,Finanse
WORD_MEDIEVAL_228,Medieval,Średniowiecze
WORD_OPTICS_229,Optics,Optyka
WORD_NAVIGATE_230,Navigate,Nawigacja
WORD_TODDLER_231,Toddler,Maluch
WORD_FAMILIES_234,Families,Rodziny zwierząt
WORD_STARS_236,Stars,Gwiazdy
WORD_AI_238,AI,SI
WORD_DIVISION_242,Division,Okręgi administracyjne
WORD_SPEAK_244,Speak,Mówić
WORD_HAIR_245,Hair,Włosy
WORD_INJURIES_249,Injuries,Urazy
WORD_FLU_251,Flu,Grypa
WORD_MINERALS_253,Minerals,Minerały
WORD_RADIATE_257,Radiate,Promieniować
WORD_HORMONES_259,Hormones,Hormony
WORD_EYE_260,Eye,Oko
WORD_SHOVEL_261,Shovel,Łopata
WORD_ALLOY_264,Alloy,Stop
WORD_FESTIVAL_270,Festival,Festiwal
WORD_METAL_272,Metal,Metal
WORD_ARTIFACT_276,Artifact,Artefakt
WORD_DEFENSE_277,Defense,Obrona
WORD_PARTICLE_281,Particle,Cząstka
WORD_NEW_YORK_287,New York,Nowy Jork
WORD_NO_BONES_289,No bones,Bezkręgowce
WORD_LEGENDS_291,Legends,Legendy
WORD_HELLO_295,Hello,Cześć
WORD_PHD_296,PhD,Doktorat
WORD_OK_SIGN_301,OK,Zgoda
WORD_JUSTICE_310,Justice,Sprawiedliwość
WORD_PRISONER_312,Prisoner,Więzień
WORD_SPACE_314,Space,Kosmos
WORD_WESTERN_317,Western,Western
WORD_LOCK_321,Lock,Zamek
WORD_LEGS_322,Legs,Nogi
WORD_PYRAMIDS_330,Pyramids,Egipscy bogowie
WORD_SHAFT_331,Shaft,Szyb
WORD_FARMING_333,Farming,Rolnictwo
WORD_SLIDING_339,Sliding,Ślizganie
WORD_PAINTING_340,Painting,Malarstwo
WORD_RICE_342,Rice,Ryż
WORD_HEART_344,Love,Miłość
WORD_HIPPIE_349,Hippie,Hipis
WORD_ROBOT_354,Robot,Robot
WORD_GREECE_359,Greece,Alfabet grecki
WORD_DYNAMICS_360,Dynamics,Dynamika
WORD_LAKES_365,Lakes,Jeziora
WORD_NUCLEAR_366,Nuclear,Nuklearny
WORD_ITALY_376,Italy,Włochy
WORD_POINTING_379,Pointing,Zaimki wskazujące
WORD_SKIN_380,Skin,Skóra
WORD_BUILD_384,Build,Budynki
WORD_POLICIES_394,Politics,Polityka
WORD_STRENGTH_401,Strength,Siła
WORD_MESSAGE_407,Message,Wiadomość
WORD_VIEWS_410,Views,Filozofia
WORD_ORGANS_412,Organs,Organy
WORD_TAROT_417,Tarot,Tarot
WORD_VOICES_439,Voices,Głosy
WORD_POETRY_440,Poetry,Poezja
WORD_MEALS_444,Meals,Posiłki
WORD_ALCHEMY_445,Alchemy,Alchemia
WORD_PAGANISM_469,Paganism,Pogaństwo
WORD_PRESENT_470,Present,Teraźniejszość
WORD_SECRET_471,Secret,Sekret
WORD_EQUIDAE_475,Equidae,Koniowate
WORD_LEATHER_480,Leather,Skóra
WORD_CASTLE_485,Castle,Zamek
WORD_DISPLAY_486,Display,Wyświetlacz
WORD_CULTURES_487,Cultures,Kultury
WORD_WARRIORS_491,Warriors,Wojownicy
WORD_LIE_492,Lie,Kłamstwo
WORD_VIOLIN_508,Orchestra,Orkiestra
WORD_ANAGRAM_511,Anagram,Anagram
WORD_DRUM_518,Drum,Bęben
WORD_WREATH_544,Winning,Zwycięstwo
WORD_ZEN_549,Zen,Zen
WORD_NETWORK_588,Network,Sieć
WORD_CUSTOMS_592,Customs,Cło
WORD_MORTGAGE_595,Mortgage,Hipoteka
WORD_CONCRETE_601,Concrete,Beton
WORD_MEMES_620,Memes,Memy
WORD_ALKANES_641,Alkanes,Alkany
WORD_EVALUATE_651,Evaluate,Oceniać
WORD_QUEST_680,Quest,Misja
WORD_BEARDS_681,Beards,Brody
WORD_YINYANG_721,Yinyang,Yin-Yang
WORD_FOODIE_726,Foodie,Smakosz
WORD_OPERA_760,Opera,Opera
WORD_HARBOR_764,Harbor,Port
WORD_STREET_768,Street,Ulica
WORD_CHIMERA_795,Chimera,Chimera
WORD_CARRIAGE_800,Carriage,Powóz
WORD_GAITS_810,Gaits,Chody
WORD_EARTH_831,Earth,Ziemia
WORD_VIOLINS_845,Violins,Skrzypce
WORD_GRAMMAR_861,Grammar,Gramatyka
WORD_COASTAL_882,Coastal,Przybrzeżny
WORD_WHEEL_890,Wheel,Koło
WORD_INDUSTRY_921,Industry,Przemysł
WORD_PREFIX_922,Prefix,Przedrostek
WORD_BREEDS_940,Breeds,Rasy kotów
WORD_LANDMARK_948,Landmark,Zabytek
WORD_RIVERS_959,Rivers,Rzeki
WORD_COAST_969,Coast,Wybrzeże
WORD_SKINCARE_984,Skincare,Pielęgnacja skóry
WORD_DYNASTY_991,Dynasty,Dynastia
WORD_PRIEST_1019,Priest,Ksiądz
WORD_MAPS_1022,Maps,Mapy
WORD_SINGING_1054,Singing,Śpiewanie
WORD_GENETICS_1060,Genetics,Genetyka
WORD_SCREEN_1030,Screen,Ekran
WORD_ALARM_1031,Alarm,Alarm
WORD_LEAVES_1055,Leaves,Liście
WORD_DISHWARE_829,Dishware,Naczynia
WORD_POND_830,Pond,Staw
PIC_CHESS_1,Chess,Szachy
PIC_SPORTS_2,Sports,Sport
PIC_FURNITURE_3,Furniture,Meble
PIC_DECK_4,Deck,Talia kart
PIC_ZODIAC_5,Zodiac,Zodiak
PIC_TOOLBOX_6,Toolbox,Skrzynka narzędziowa
PIC_GARMENTS_7,Garments,Odzież
PIC_VEGGIE_8,Veggie,Warzywo
PIC_FRUITS_9,Fruits,Owoce
PIC_CHAIR_10,Chair,Krzesło
PIC_HATS_11,Hats,Kapelusze
PIC_PLAY_12,Music,Muzyka
PIC_CLEANING_13,Cleaning,Sprzątanie
PIC_SHOES_14,Shoes,Buty
PIC_MAP_15,Map,Kraje
PIC_BIRD_16,Bird,Ptak
PIC_SEAFOOD_17,Seafood,Owoce morza
PIC_DOGS_18,Dogs,Psy
PIC_EATS_19,Eats,Fast food
PIC_BUILD_20,Build,Budynki
PIC_FOLKLORE_21,Folklore,Folklor
PIC_DRUPES_22,Drupes,Pestkowce
PIC_PICNIC_23,Picnic,Piknik
PIC_PASTRY_24,Pastry,Ciasto
PIC_WIND_25,Wind,Instrumenty dęte
PIC_MALL_26,Mall,Galeria handlowa
PIC_STRINGS_27,Strings,Smyczki
PIC_JEWELRY_28,Jewelry,Biżuteria
PIC_FLOWERS_29,Flowers,Kwiaty
PIC_REPTILES_30,Reptiles,Gady
PIC_GEMSTONE_31,Gemstone,Kamień szlachetny
PIC_INSECTS_32,Insects,Owady
PIC_RODENTS_33,Rodents,Gryzonie
PIC_WESTERN_34,Western,Western
PIC_PIRATE_35,Pirate,Pirat
PIC_BEACH_36,Beach,Plaża
PIC_EGYPT_37,Egypt,Egipt
PIC_SPACE_38,Space,Kosmos
PIC_SEA_FISH_39,Sea fish,Ryba morska
PIC_BIRTHDAY_40,Birthday,Urodziny
PIC_CHARGER_41,Charger,Ładowarka
PIC_TRANSPORT_42,Transport,Transport
PIC_WHISKERS_43,Whiskers,Wąsy
PIC_BURGER_44,Burger,Burger
PIC_DRINKS_45,Drinks,Napoje
PIC_SHAPES_46,Shapes,Kształty
PIC_LUXURY_47,Luxury,Luksus
PIC_TAROT_48,Tarot,Tarot
PIC_BABIES_49,Babies,Niemowlęta
PIC_SAILOR_50,Sailor,Marynarz
PIC_CANDY_51,Candy,Cukierki
PIC_KEYS_52,Keys,Klucze
PIC_LAWN_53,Lawn,Trawnik
PIC_3D_54,3D,3D
PIC_VAMPIRE_55,Vampire,Wampir
PIC_LANDMARK_56,Landmark,Zabytek
PIC_DESERT_57,Desert,Pustynia
PIC_TOYS_58,Toys,Zabawki
PIC_PURPLE_59,Purple,Fioletowy
PIC_YELLOW_60,Yellow,Żółty
PIC_RAIN_61,Rain,Deszcz
PIC_GYM_62,Gym,Siłownia
PIC_PAIRS_63,Pairs,Pary
PIC_CAMPING_64,Camping,Camping
PIC_XMAS_65,Xmas,Boże Narodzenie
PIC_MAIL_66,Mail,Poczta
PIC_CHEF_67,Chef,Kucharz
PIC_SCREEN_68,Screen,Ekran
PIC_TOOLS_69,Tools,Narzędzia
PIC_SUPPLIES_70,Supplies,Zapasy
PIC_UTENSILS_71,Utensils,Przybory
PIC_ARTS_72,Arts,Sztuka
PIC_SURVIVAL_73,Survival,Przetrwanie
PIC_BAKING_74,Baking,Pieczenie
PIC_MEDICAL_75,Medical,Medyczny
PIC_ECO_ITEMS_76,Eco-items,Eko-przedmioty
PIC_DECOR_77,Decor,Dekoracje
PIC_AQUATICS_78,Water_Sports,Sporty wodne
PIC_ICONS_79,Icons,Ikony
PIC_HALLOWEEN_80,Halloween,Halloween
