name,zh
2 wheels,两轮车
24 hours,24小时
90s,90年代
Access,通行
Achieve,成就
Acids,酸
Acronyms,缩写
Actions,动作
Activity,活动
Actors,演员
Ads,广告
Adverbs,副词
Africa,非洲
Age,年龄
Ages,时代
Alien,外星人
Allergen,过敏原
Allergy,过敏
Alphabet,字母表
Alpinist,登山家
Amino,氨基酸
Anchor,锚
Anchors,锚
Ancient,古代
Angles,角度
Animals,动物
Antonyms,反义词
Ants,蚂蚁
Apples,苹果
Approval,赞同
Apps,应用
Aquarium,水族馆
Archery,射箭
Armor,盔甲
Arrange,排列
Art,艺术
Artists,艺术家
Asia,亚洲
Atom,原子
Aura,光环
Aviation,航空
Awards,奖项
Axe,斧头
BBQ,烧烤
Baby,婴儿
Bacon,培根
Bag type,包型
Bags,包袋
Baker,面包师
Bakery,烘焙坊
Ball,球
Balloon,气球
Band,乐队
Bandage,绷带
Bank,银行
Baseball,棒球
Bathroom,浴室
Battery,电池
Bears,熊
Beauty,美容
Bed,床
Bedding,床品
Bedroom,卧室
Beds,床铺
Bedtime,睡前
Bee life,蜂群
Beehive,蜂巢
Beetles,甲虫
Belt,腰带
Beverage,饮品
Bible,圣经
Bicycle,自行车
Big,大型
Big cats,大猫
Billion,十亿
Bin,垃圾桶
Biology,生物学
Blue,蓝色
Boat,船
Boats,船只
Body,身体
Bones,骨骼
Bonfire,篝火
Books,书籍
Boots,靴子
Botanics,植物学
Bottle,瓶子
Bouquet,花束
Bowling,保龄球
Boxes,盒子
Boxing,拳击
Bread,面包
Bridge,桥
Brownie,布朗尼
Browser,浏览器
Brunch,早午餐
Bugs,虫子
Building,建筑
Buttons,按钮
Buyer,买家
Cable,电缆
Cafe,咖啡馆
Cake,蛋糕
Calendar,日历
Call,通话
Canada,加拿大
Candle,蜡烛
Canvas,画布
Car type,车型
Card,卡牌
Cards,纸牌
Career,职业
Cats,猫咪
Cave,洞穴
Ceramic,陶瓷
Chain,链条
Chat,聊天
Check,检查
Checkout,结账
Chest,胸部
Child,儿童
Chips,薯片
Circus,马戏团
City,城市
Clear,晴朗
Climate,气候
Clinic,诊所
Clocks,时钟
Clothes,衣服
Clouds,云
Clown,小丑
Coats,外套
Cocktail,鸡尾酒
Cocoa,可可
Coconut,椰子
Codes,代码
Coffee,咖啡
Coins,硬币
College,大学
Coloring,着色
Colors,颜色
Comedy,喜剧
Comet,彗星
Comics,漫画
Compass,指南针
Compete,竞赛
Composer,作曲家
Computer,电脑
Concert,音乐会
Conflict,冲突
Content,内容
Cook,烹饪
Cookware,炊具
Corals,珊瑚
Costume,戏服
Cough,咳嗽
Cow,奶牛
Cowboy,牛仔
Crawlies,爬虫
Creature,生物
Crime,犯罪
Crops,庄稼
Crowded,拥挤
Cruise,邮轮
Crunchy,脆脆的
Cryptids,神秘生物
Cupid,丘比特
Cure,治愈
Cute,可爱
Cuties,萌宠
Cycle,循环
DJ,DJ
Damages,损害
Dawn,黎明
Day,一天
Days,日子
Decorate,装饰
Delicacy,美味
Depths,深度
Deserts,沙漠
Desktop,桌面
Desserts,甜品
Diamond,钻石
Dice,骰子
Diet,饮食
Dino,恐龙
Dinosaur,恐龙
Disco,迪斯科
Dishes,菜肴
Dislike,不喜欢
Diving,潜水
Document,文档
Dog show,犬展
Donut,甜甜圈
Door,门
Dragon,龙
Drama,戏剧
Dress,连衣裙
Drive,驾驶
Driver,司机
Dunes,沙丘
Dynamite,炸药
ENT,耳鼻喉
Easter,复活节
Eating,吃饭
Echo,回声
Eclipse,日食
Ecology,生态
Economy,经济
Editing,编辑
Egg,鸡蛋
Elephant,大象
Email,邮件
Emoji,表情
Emotions,情绪
Empire,帝国
Engine,引擎
Ensemble,合奏
Even,偶数
Events,事件
Exam,考试
Exams,考试
Eyes,眼睛
Fabric,面料
Fabrics,织物
Face,脸
Factory,工厂
Fake,假冒
Fall,秋天
Family,家庭
Fans,粉丝
Fantasy,奇幻
Farm,农场
Farmers,农民
Fashion,时尚
Fast,快速
Fastener,紧固件
Fears,恐惧
Felids,猫科
File,文件
Files,文件
Films,电影
Finger,手指
Fingers,手指
Finish,终点
Fire,火焰
First,第一
Flag,旗帜
Flame,火焰
Flasks,烧瓶
Flaws,缺陷
Flooring,地板
Flora,植物
Fluffy,毛茸茸
Fluids,液体
Fonts,字体
Forest,森林
Forge,锻造
France,法国
Fresco,壁画
Friend,朋友
Friends,朋友
Frost,霜
Fuel,燃料
Gadget,小工具
Galaxy,星系
Gallery,画廊
Games,游戏
Garage,车库
Garden,花园
Gas mask,防毒面具
Gases,气体
Gems,宝石
Genie,精灵
Genome,基因组
Genres,音乐风格
Geo,地理
Geology,地质学
Geometry,几何
Gestures,手势
Ghost,鬼魂
Gift,礼物
Glasses,眼镜
Globe,地球仪
Glow,发光
Gods,众神
Gold,黄金
Golf,高尔夫
Gossip,八卦
Grains,谷物
Grass,草地
Greeting,问候
Grocery,杂货
Group,群组
Groups,群组
Grow,成长
Guide,指南
Gun,枪
Habitats,栖息地
Hairs,头发
Hammock,吊床
Hand,手
Hard hat,安全帽
Has red,含红色
Head,头部
Headwear,头饰
Health,健康
Heart,心
Heavy,重型
Heels,高跟鞋
Heraldry,纹章学
Herbs,草药
Hidden,隐藏
Hobbies,爱好
Hobby,爱好
Homes,家
Honor,荣誉
Hoof,蹄
Hoofed,有蹄类
Horror,恐怖
Horse,马
Hospital,医院
Hot,热辣
Hotel,酒店
Housing,住宅
Hunting,狩猎
Hut,小屋
Hygiene,卫生
Illusion,幻觉
Impact,冲击
India,印度
Indoor,室内
Infant,婴儿
Internet,互联网
Inventor,发明家
Islam,伊斯兰
Japan,日本
Jazz,爵士乐
Jeans,牛仔裤
Joints,关节
Joy,快乐
Judge,法官
July,七月
Jungle,丛林
Jupiter,木星
Kettle,水壶
Keyboard,键盘
King,国王
Kingdom,王国
Kitchen,厨房
Lab coat,白大褂
Ladder,梯子
Lamp,灯
Lamps,灯具
Landform,地形
Laptop,笔记本
Laugh,笑
Laughter,笑声
Laundry,洗衣
Law,法律
Legume,豆类
Legumes,豆类
Leisure,休闲
Lemon,柠檬
Length,长度
Letter,信
Letters,字母
Liberty,自由
Library,图书馆
Light,灯光
Lighting,照明
Like,喜欢
Lines,线条
Lion,狮子
Lips,嘴唇
Lipstick,口红
Listen,聆听
Lists,清单
Loader,装载机
Lollipop,棒棒糖
Lottery,彩票
Luck,运气
Lungs,肺
Madman,疯子
Maestro,大师
Magazine,杂志
Magic,魔法
Magician,魔术师
Mammoth,猛犸象
Manager,经理
Marathon,马拉松
Maritime,海事
Market,市场
Markets,市场
Marks,标记
Mars,火星
Mascots,吉祥物
Masonry,石工
Match,比赛
Maths,数学
Meadow,草地
Measure,测量
Meat,肉类
Mechanic,机械师
Medals,奖牌
Medicine,医学
Melt,融化
Memory,记忆
Mermaid,美人鱼
Meteo,气象
Metro,地铁
Milk,牛奶
Mint,薄荷
Mirror,镜子
Mission,任务
Mistakes,错误
Molluscs,软体动物
Monarch,君主
Money,金钱
Monsters,怪物
Months,月份
Moon,月亮
Mop,拖把
Morning,早晨
Mosaic,马赛克
Motel,汽车旅馆
Motor,马达
Mountain,山
Mouse,老鼠
Mouth,嘴巴
Movie,电影
Moving,搬家
Mummy,木乃伊
Museum,博物馆
Musician,音乐家
Mute,静音
Mystery,谜
Myths,神话
Nailcare,美甲
Name,名字
Names,名字
Neck,脖子
Neckline,领口
Neckwear,领饰
Needle,针
Needles,针
Net,网
New,新
News,新闻
Nickname,昵称
Night,夜晚
Nobel,诺贝尔
Noises,噪音
Nomads,游牧民
Noodle,面条
Nose,鼻子
Novel,小说
Numbers,数字
Nutrient,营养素
Nuts,坚果
OK sign,OK手势
Oasis,绿洲
Oceans,海洋
Octopus,章鱼
Odors,气味
Office,办公室
Oil,石油
Old man,老人
Olives,橄榄
Olympus,奥林匹斯
Omnivore,杂食动物
Onion,洋葱
Operas,歌剧
Orange,橙色
Orators,演说家
Organ,器官
Oscar,奥斯卡
Outlaws,亡命徒
Oyster,牡蛎
Packing,打包
Pain,疼痛
Palette,调色板
Palm,棕榈
Pancakes,煎饼
Panda,熊猫
Pants,裤子
Paper,纸
Parade,游行
Park,公园
Parrots,鹦鹉
Part of,部分
Party,派对
Passport,护照
Password,密码
Pasta,意面
Pattern,图案
Pause,暂停
Pay,支付
Pedagogy,教育学
Pencil,铅笔
Penguins,企鹅
Perfume,香水
Person,人
Phone,手机
Phones,电话
Physical,体育
Physics,物理
Pig,猪
Pigment,色素
Pizza,披萨
Place,地方
Plant,植物
Plants,植物
Plastic,塑料
Play,玩耍
Playlist,播放列表
Plumbing,水管
Poker,扑克
Police,警察
Policies,政策
Polygon,多边形
Polygons,多边形
Pop star,流行歌星
Ports,端口
Position,位置
Positive,积极
Poultry,家禽
Price,价格
Prickly,多刺
Prism,棱镜
Problem,问题
Property,房产
Protects,防护
Protest,抗议
Psycho,心理
Pulse,脉搏
Pumpkins,南瓜
Question,问题
Rabbit,兔子
Radio,收音机
Rainbow,彩虹
Rat,老鼠
Razor,剃刀
Read,阅读
Reading,阅读
Rebirth,重生
Recipe,食谱
Records,唱片
Reflexes,反射
Refuge,避难所
Reject,拒绝
Relation,关系
Relax,放松
Religion,宗教
Repair,修理
Resort,度假村
Rhyme,韵律
Rich,富有
Roads,道路
Roadwork,道路施工
Robotics,机器人学
Rocket,火箭
Rocks,岩石
Roller,滚轮
Romance,浪漫
Rooms,房间
Roots,根
Rope,绳索
Round,圆形
Ruminant,反刍动物
Rune,符文
SOS,求救
Salad,沙拉
Salami,腊肠
Salt,盐
Sand,沙
Sandwich,三明治
Santa,圣诞老人
Sauces,酱料
Scales,天平
Scent,香味
School,学校
Schools,学校
Sci-Fi,科幻
Science,科学
Scissors,剪刀
Scorpion,蝎子
Sea life,海洋生物
Search,搜索
Seas,海
Seatbelt,安全带
Seats,座位
Senses,感官
Sentence,句子
Series,系列
Sewing,缝纫
Shades,色调
Shadows,阴影
Shape,形状
Shark,鲨鱼
Sharp,锐利
Ships,轮船
Shoe,鞋
Shop,商店
Shopping,购物
Shuffle,洗牌
Sign,标志
Signpost,路标
Silver,银色
Singer,歌手
Siren,警报
Sizes,尺码
Skiing,滑雪
Sky,天空
Skydiver,跳伞
Slang,俚语
Sleep,睡眠
Sleuth,侦探
Slow,缓慢
Small,小型
Smell,嗅觉
Smile,微笑
Snake,蛇
Snowfall,降雪
Soap,肥皂
Soccer,足球
Socmed,社交媒体
Soil,土壤
Solar,太阳
Song,歌曲
Sound,声音
Sounds,声响
Soup,汤
Soups,汤类
Sour,酸
Spa,水疗
Speech,演讲
Spells,咒语
Spice,香料
Spices,香料
Spider,蜘蛛
Spring,春天
Spy,间谍
Spy gear,间谍装备
Squashes,南瓜类
States,州
Status,状态
Sticky,粘性
Stinky,臭的
Stone,石头
Stores,商店
Straight,直线
Stripes,条纹
Student,学生
Studio,工作室
Subway,地铁
Suit,西装
Summer,夏天
Support,支持
Surf,冲浪
Surfing,冲浪
Survey,调查
Sushi,寿司
Sweet,甜食
Swim,游泳
Swords,剑
Syrup,糖浆
Tablet,平板
Tailor,裁缝
Targets,目标
Taste,味觉
Tattoo,纹身
Tattoos,纹身
Taxonomy,分类学
Tea,茶
Teaching,教学
Teasers,谜题
Tech,科技
Teeth,牙齿
Temples,寺庙
Tennis,网球
Tent,帐篷
Textile,纺织
Texture,质地
Theater,剧院
Think,思考
Thinkers,思想家
Thriller,惊悚
Thunder,雷声
Ticket,票
Time,时间
Timer,计时器
Tiny,微小
Tipi,帐篷
Tired,疲惫
Titles,头衔
Tomatoes,番茄
Toppings,配料
Totem,图腾
Touch,触觉
Tower,塔
Toy,玩具
Toy box,玩具箱
Traffic,交通
Train,火车
Traits,特征
Travel,旅行
Treats,零食
Tree,树
Trees,树木
Tribe,部落
Tribes,部落
Trip,旅途
Tropics,热带
Turtles,海龟
Tutor,家教
Tuxedo,燕尾服
UI,界面
US State,美国州
Umbrella,雨伞
Unicorn,独角兽
Vacation,假期
Vase,花瓶
Vehicle,车辆
Vehicles,车辆
Vikings,维京人
Village,村庄
Villain,反派
Vintage,复古
Violin,小提琴
Virology,病毒学
Virtues,美德
Virus,病毒
Vision,视觉
Volcano,火山
Waiter,服务员
Wake up,起床
Wallet,钱包
Want,想要
Wardrobe,衣柜
Warning,警告
Warrior,战士
Water,水
Wave,波浪
We hear,我们听到
We pay,我们支付
Wear,穿着
Weather,天气
Wedding,婚礼
Week,周
Weekend,周末
Welder,焊工
Wet,潮湿
Whale,鲸鱼
Where,哪里
Whistle,口哨
White,白色
Winds,风
Wine,葡萄酒
Wings,翅膀
Winter,冬天
Wit,智慧
Witch,女巫
Wolf,狼
Woman,女人
Wood,木头
Wooden,木制品
Woodwork,木工
Words,词语
Work,工作
Worker,工人
Worms,蠕虫
Worship,崇拜
Wreath,花环
Write,写作
Writer,作家
Writing,书写
X-sports,极限运动
X-word,填字游戏
Yard,院子
Yawn,哈欠
Yoga,瑜伽
Zebra,斑马
Zombies,僵尸
Zoology,动物学
