id,basic_card_name_en,ar-SA
DOG_WORD_PETS_2,Dog,كلب
HAMSTER_WORD_PETS_2,Hamster,هامستر
CAT_WORD_PETS_2,Cat,قطة
PARROT_WORD_PETS_2,Parrot,ببغاء
HOT_DOG_WORD_FOOD_3,Hot dog,هوت دوغ
PIZZA_WORD_FOOD_3,Pizza,بيتزا
BURGER_WORD_FOOD_3,Burger,برغر
FRIES_WORD_FOOD_3,Fries,بطاطس مقلية
PEONY_WORD_FLOWERS_4,Peony,فاوانيا
LILY_WORD_FLOWERS_4,Lily,زنبق
ROSE_WORD_FLOWERS_4,Rose,وردة
TULIP_WORD_FLOWERS_4,Tulip,توليب
WESTERN_WORD_CINEMA_6,Western,ويسترن
DRAMA_WORD_CINEMA_6,Drama,دراما
COMEDY_WORD_CINEMA_6,Comedy,كوميديا
HORROR_WORD_CINEMA_6,Horror,رعب
POPCORN_WORD_CINEMA_6,Action,أكشن
TICKET_WORD_CINEMA_6,Romance,رومانسي
BEEF_WORD_BURGER_8,Beef,لحم بقري
BUN_WORD_BURGER_8,Bun,خبز برغر
SAUCE_WORD_BURGER_8,Sauce,صلصة
CHEESE_WORD_BURGER_8,Cheese,جبن
PAGE_WORD_BOOK_9,Page,صفحة
PAPER_WORD_BOOK_9,Paper,ورق
COVER_WORD_BOOK_9,Cover,غلاف
ASIA_WORD_LANDMASS_10,Asia,آسيا
AFRICA_WORD_LANDMASS_10,Africa,أفريقيا
EUROPE_WORD_LANDMASS_10,Europe,أوروبا
SODA_WORD_DRINKS_16,Soda,صودا
ESPRESSO_WORD_DRINKS_16,Espresso,إسبريسو
LEMONADE_WORD_DRINKS_16,Lemonade,ليمونادة
JUICE_WORD_DRINKS_16,Juice,عصير
PAWN_WORD_CHESS_17,Pawn,بيدق
ROOK_WORD_CHESS_17,Rook,قلعة
BISHOP_WORD_CHESS_17,Bishop,فيل
QUEEN_WORD_CHESS_17,Queen,وزير
SPRING_WORD_SEASONS_18,Spring,ربيع
AUTUMN_WORD_SEASONS_18,Autumn,خريف
WINTER_WORD_SEASONS_18,Winter,شتاء
SUMMER_WORD_SEASONS_18,Summer,صيف
ROD_WORD_FISHING_20,Rod,صنارة
BOBBER_WORD_FISHING_20,Bobber,عوامة
BAIT_WORD_FISHING_20,Bait,طُعم
JAMAICA_WORD_ISLANDS_21,Jamaica,جامايكا
ICELAND_WORD_ISLANDS_21,Iceland,آيسلندا
SICILY_WORD_ISLANDS_21,Sicily,صقلية
HAWAII_WORD_ISLANDS_21,Hawaii,هاواي
BALI_WORD_ISLANDS_21,Bali,بالي
IBIZA_WORD_ISLANDS_21,Ibiza,إيبيزا
CRETE_WORD_ISLANDS_21,Crete,كريت
BARBADOS_WORD_ISLANDS_21,Barbados,باربادوس
RUMBA_WORD_DANCES_24,Rumba,رومبا
TANGO_WORD_DANCES_24,Tango,تانغو
SALSA_WORD_DANCES_24,Salsa,سالسا
WALTZ_WORD_DANCES_24,Waltz,فالس
SAMBA_WORD_DANCES_24,Samba,سامبا
FLAMENCO_WORD_DANCES_24,Flamenco,فلامنكو
MOSQUITO_WORD_INSECTS_25,Mosquito,بعوضة
LADYBUG_WORD_INSECTS_25,Ladybug,دعسوقة
MOTH_WORD_INSECTS_25,Moth,عثّة
WASP_WORD_INSECTS_25,Wasp,دبور
DRAGONFLY_WORD_INSECTS_25,Dragonfly,يعسوب
ANT_WORD_INSECTS_25,Ant,نملة
METAL_WORD_MATERIAL_27,Metal,معدن
GLASS_WORD_MATERIAL_27,Glass,زجاج
PLASTIC_WORD_MATERIAL_27,Plastic,بلاستيك
STONE_WORD_MATERIAL_27,Stone,حجر
TERMINAL_WORD_AIRPORT_29,Terminal,صالة
RUNWAY_WORD_AIRPORT_29,Runway,مدرج
GATE_WORD_AIRPORT_29,Gate,بوابة
CREAM_WORD_DAIRY_30,Cream,قشطة
BUTTER_WORD_DAIRY_30,Butter,زبدة
YOGURT_WORD_DAIRY_30,Yogurt,لبن
GOLDFISH_WORD_FISH_31,Goldfish,سمكة ذهبية
TUNA_WORD_FISH_31,Tuna,تونة
MARLIN_WORD_FISH_31,Marlin,مارلين
SARDINE_WORD_FISH_31,Sardine,سردين
EEL_WORD_FISH_31,Eel,أنقليس
MACKEREL_WORD_FISH_31,Mackerel,ماكريل
GROUPER_WORD_FISH_31,Grouper,هامور
PERCH_WORD_FISH_31,Perch,فرخ
ITALY_WORD_MAP_32,Italy,إيطاليا
INDIA_WORD_MAP_32,India,الهند
AUSTRALIA_WORD_MAP_32,Australia,أستراليا
FRANCE_WORD_MAP_32,France,فرنسا
USA_WORD_MAP_32,USA,أمريكا
UK_WORD_MAP_32,UK,بريطانيا
CYPRUS_WORD_MAP_32,Cyprus,قبرص
JAPAN_WORD_MAP_32,Japan,اليابان
ARMOR_WORD_KNIGHT_34,Armor,درع
HELMET_WORD_KNIGHT_34,Helmet,خوذة
SHIELD_WORD_KNIGHT_34,Shield,تِرس
WEAPON_WORD_KNIGHT_34,Weapon,سلاح
DESTRIER_WORD_KNIGHT_34,Destrier,حصان حرب
CHIVALRY_WORD_KNIGHT_34,Chivalry,فروسية
SHOOTER_WORD_GAMER_36,Shooter,تصويب
ARCADE_WORD_GAMER_36,Arcade,آركيد
STRATEGY_WORD_GAMER_36,Strategy,استراتيجية
SCORE_WORD_GAMER_36,Score,نتيجة
DRYER_WORD_DEVICE_38,Dryer,مجفف
PRINTER_WORD_DEVICE_38,Printer,طابعة
FAX_WORD_DEVICE_38,Fax,فاكس
HEATER_WORD_DEVICE_38,Heater,مدفأة
MANSION_WORD_HOUSE_40,Mansion,قصر
PALACE_WORD_HOUSE_40,Palace,قصر ملكي
VILLA_WORD_HOUSE_40,Villa,فيلا
PILOT_WORD_JOBS_42,Pilot,طيار
MAILMAN_WORD_JOBS_42,Mailman,ساعي بريد
DOCTOR_WORD_JOBS_42,Doctor,طبيب
WELDER_WORD_JOBS_42,Welder,لحّام
ENGINEER_WORD_JOBS_42,Engineer,مهندس
PLUMBER_WORD_JOBS_42,Plumber,سبّاك
ACTOR_WORD_JOBS_42,Actor,ممثل
NURSE_WORD_JOBS_42,Nurse,ممرضة
SANDALS_WORD_FOOTWEAR_46,Sandals,صندل
UGGS_WORD_FOOTWEAR_46,Uggs,أُغز
SLIPPERS_WORD_FOOTWEAR_46,Slippers,شبشب
CLOGS_WORD_FOOTWEAR_46,Clogs,قبقاب
LOAFERS_WORD_FOOTWEAR_46,Loafers,لوفر
SNEAKERS_WORD_FOOTWEAR_46,Sneakers,حذاء رياضي
CAR_WORD_DRIVING_49,Car,سيارة
ROAD_WORD_DRIVING_49,Road,طريق
SIGN_WORD_DRIVING_49,Sign,لافتة
TRAFFIC_WORD_DRIVING_49,Traffic,مرور
VESPUCCI_WORD_EXPLORER_51,Vespucci,فسبوتشي
MAGELLAN_WORD_EXPLORER_51,Magellan,ماجلان
COLUMBUS_WORD_EXPLORER_51,Columbus,كولومبوس
KICK_WORD_MOVEMENT_52,Kick,ركلة
WALK_WORD_MOVEMENT_52,Walk,مشي
JUMP_WORD_MOVEMENT_52,Jump,قفز
SOLID_WORD_PHASE_57,Solid,صلب
LIQUID_WORD_PHASE_57,Liquid,سائل
GAS_WORD_PHASE_57,Gas,غاز
COMFY_WORD_COZY_58,Comfy,مريح
WARM_WORD_COZY_58,Warm,دافئ
SNUG_WORD_COZY_58,Snug,مُحتضَن
ARIES_WORD_ZODIAC_59,Aries,الحمل
TAURUS_WORD_ZODIAC_59,Taurus,الثور
GEMINI_WORD_ZODIAC_59,Gemini,الجوزاء
LEO_WORD_ZODIAC_59,Leo,الأسد
VIRGO_WORD_ZODIAC_59,Virgo,العذراء
LIBRA_WORD_ZODIAC_59,Libra,الميزان
SCORPIO_WORD_ZODIAC_59,Scorpio,العقرب
PISCES_WORD_ZODIAC_59,Pisces,الحوت
FRIGATE_WORD_SHIP_62,Frigate,فرقاطة
CARAVEL_WORD_SHIP_62,Caravel,كارافيل
GALLEON_WORD_SHIP_62,Galleon,غليون
BRIG_WORD_SHIP_62,Brig,بريغ
TANKER_WORD_SHIP_62,Tanker,ناقلة
TUGBOAT_WORD_SHIP_62,Tugboat,قاطرة
STAMP_WORD_MAILMAN_63,Stamp,طابع
ENVELOPE_WORD_MAILMAN_63,Envelope,ظرف
LETTER_WORD_MAILMAN_63,Letter,رسالة
MAIL_WORD_MAILMAN_63,Mail,بريد
SEAL_WORD_MAILMAN_63,Seal,ختم
INK_WORD_MAILMAN_63,Ink,حبر
BUST_WORD_SCULPT_64,Bust,تمثال نصفي
FIGURINE_WORD_SCULPT_64,Figurine,تمثال صغير
STATUE_WORD_SCULPT_64,Statue,تمثال
MONUMENT_WORD_SCULPT_64,Monument,نصب تذكاري
ENGLISH_WORD_LANGUAGE_70,English,الإنجليزية
ITALIAN_WORD_LANGUAGE_70,Italian,الإيطالية
HINDI_WORD_LANGUAGE_70,Hindi,الهندية
JAPANESE_WORD_LANGUAGE_70,Japanese,اليابانية
HEBREW_WORD_LANGUAGE_70,Hebrew,العبرية
DANISH_WORD_LANGUAGE_70,Danish,الدنماركية
LATIN_WORD_LANGUAGE_70,Latin,اللاتينية
POLISH_WORD_LANGUAGE_70,Polish,البولندية
LENS_WORD_CAMERA_73,Lens,عدسة
FLASH_WORD_CAMERA_73,Flash,فلاش
ZOOM_WORD_CAMERA_73,Zoom,تكبير
FILTER_WORD_CAMERA_73,Filter,مرشّح
SHUTTER_WORD_CAMERA_73,Shutter,مغلاق
EXPOSURE_WORD_CAMERA_73,Exposure,تعريض
MIST_WORD_FOG_76,Mist,ضباب خفيف
HAZE_WORD_FOG_76,Haze,ضبابية
SMOG_WORD_FOG_76,Smog,ضباب دخاني
VAPOR_WORD_FOG_76,Vapor,بخار
SLEET_WORD_SNOW_77,Sleet,مطر ثلجي
FLAKE_WORD_SNOW_77,Flake,ندفة
ICEBERG_WORD_SNOW_77,Frost,صقيع
HEDGEHOG_WORD_SPIKY_78,Hedgehog,قنفذ
CACTUS_WORD_SPIKY_78,Cactus,صبّار
DURIAN_WORD_SPIKY_78,Durian,دوريان
DOVE_WORD_BIRDS_80,Dove,حمامة
EAGLE_WORD_BIRDS_80,Eagle,نسر
SWAN_WORD_BIRDS_80,Swan,بجعة
OWL_WORD_BIRDS_80,Owl,بومة
HERON_WORD_BIRDS_80,Heron,مالك الحزين
ROBIN_WORD_BIRDS_80,Robin,أبو الحناء
FINCH_WORD_BIRDS_80,Finch,حسّون
VULTURE_WORD_BIRDS_80,Vulture,نسر أسود
SARTRE_WORD_MINDS_82,Sartre,سارتر
DANTE_WORD_MINDS_82,Dante,دانتي
PLATO_WORD_MINDS_82,Plato,أفلاطون
SOCRATES_WORD_MINDS_82,Socrates,سقراط
GALILEO_WORD_MINDS_82,Galileo,غاليليو
KANT_WORD_MINDS_82,Kant,كانط
PUCK_WORD_HOCKEY_86,Puck,قرص
PENALTY_WORD_HOCKEY_86,Penalty,عقوبة
GOAL_WORD_HOCKEY_86,Goal,هدف
RINK_WORD_HOCKEY_86,Rink,حلبة
COUPLE_WORD_DATE_87,Couple,زوجان
TUXEDO_WORD_DATE_87,Wine,نبيذ
FLOWERS_WORD_DATE_87,Flowers,أزهار
TEETH_WORD_SAW_88,Teeth,أسنان
BLADE_WORD_SAW_88,Blade,نصل
NOTCH_WORD_SAW_88,Notch,شقّ
OLDMAN_WORD_ACTOR_89,Oldman,أولدمان
PITT_WORD_ACTOR_89,Pitt,بيت
EASTWOOD_WORD_ACTOR_89,Eastwood,إيستوود
HANKS_WORD_ACTOR_89,Hanks,هانكس
CROWE_WORD_ACTOR_89,Crowe,كرو
CRUISE_WORD_ACTOR_89,Cruise,كروز
DICAPRIO_WORD_ACTOR_89,DiCaprio,ديكابريو
WAHLBERG_WORD_ACTOR_89,Wahlberg,والبرغ
MERCURY_WORD_PLANET_90,Mercury,عطارد
JUPITER_WORD_PLANET_90,Jupiter,المشتري
SATURN_WORD_PLANET_90,Saturn,زحل
URANUS_WORD_PLANET_90,Uranus,أورانوس
NEPTUNE_WORD_PLANET_90,Neptune,نبتون
MARS_WORD_PLANET_90,Mars,المريخ
EARTH_WORD_PLANET_90,Earth,الأرض
VENUS_WORD_PLANET_90,Venus,الزهرة
BIOLOGY_WORD_LESSONS_94,Biology,أحياء
PHYSICS_WORD_LESSONS_94,Physics,فيزياء
GEOMETRY_WORD_LESSONS_94,Geometry,هندسة
ALGEBRA_WORD_LESSONS_94,Algebra,جبر
HISTORY_WORD_LESSONS_94,History,تاريخ
CALCULUS_WORD_LESSONS_94,Calculus,تفاضل
TABLETS_WORD_PILLS_99,Tablets,أقراص
CAPSULES_WORD_PILLS_99,Capsules,كبسولات
LOZENGES_WORD_PILLS_99,Lozenges,أقراص مصّ
CLOUDS_WORD_RAINY_100,Clouds,غيوم
SHOWERS_WORD_RAINY_100,Showers,زخات
PUDDLES_WORD_RAINY_100,Puddles,برك
CIABATTA_WORD_BREADS_102,Ciabatta,تشاباتا
BAGUETTE_WORD_BREADS_102,Baguette,باغيت
FOCACCIA_WORD_BREADS_102,Focaccia,فوكاتشا
PITA_WORD_BREADS_102,Pita,بيتا
CHALLAH_WORD_BREADS_102,Challah,حلّة
TORTILLA_WORD_BREADS_102,Tortilla,تورتيلا
BRIOCHE_WORD_BREADS_102,Brioche,بريوش
AREPA_WORD_BREADS_102,Arepa,أريبا
GYRUS_WORD_BRAIN_106,Gyrus,تلفيف
CORTEX_WORD_BRAIN_106,Cortex,قشرة
LOBE_WORD_BRAIN_106,Lobe,فَصّ
HYDROGEN_WORD_ELEMENTS_107,Hydrogen,هيدروجين
NITROGEN_WORD_ELEMENTS_107,Nitrogen,نيتروجين
SULFUR_WORD_ELEMENTS_107,Sulfur,كبريت
CARBON_WORD_ELEMENTS_107,Carbon,كربون
SODIUM_WORD_ELEMENTS_107,Sodium,صوديوم
SILICON_WORD_ELEMENTS_107,Silicon,سيليكون
IODINE_WORD_ELEMENTS_107,Iodine,يود
OXYGEN_WORD_ELEMENTS_107,Oxygen,أكسجين
BRIE_WORD_CHEESE_108,Brie,بري
FETA_WORD_CHEESE_108,Feta,فيتا
GOUDA_WORD_CHEESE_108,Gouda,غودا
CHEDDAR_WORD_CHEESE_108,Cheddar,شيدر
PARMESAN_WORD_CHEESE_108,Parmesan,بارميزان
RICOTTA_WORD_CHEESE_108,Ricotta,ريكوتا
EDAM_WORD_CHEESE_108,Edam,إيدام
DORBLU_WORD_CHEESE_108,Swiss,سويسري
WORKOUT_WORD_FITNESS_110,Workout,تمرين
YOGA_WORD_FITNESS_110,Yoga,يوغا
PILATES_WORD_FITNESS_110,Pilates,بيلاتس
JOGGING_WORD_FITNESS_110,Jogging,جري خفيف
GYM_WORD_FITNESS_110,Gym,نادي رياضي
CARDIO_WORD_FITNESS_110,Cardio,كارديو
BICEPS_WORD_MUSCLES_112,Biceps,عضلة ذات رأسين
DELTOIDS_WORD_MUSCLES_112,Deltoids,دالية
ABS_WORD_MUSCLES_112,Abs,عضلات بطن
TRICEPS_WORD_MUSCLES_112,Triceps,عضلة ثلاثية
SCARAB_WORD_EGYPT_114,Scarab,جعران
PHARAOH_WORD_EGYPT_114,Pharaoh,فرعون
PAPYRUS_WORD_EGYPT_114,Papyrus,بردي
PYRAMID_WORD_EGYPT_114,Pyramid,هرم
MULBERRY_WORD_BERRY_116,Mulberry,توت
BILBERRY_WORD_BERRY_116,Bilberry,عنبية
BARBERRY_WORD_BERRY_116,Barberry,بربريس
ATHENS_WORD_CAPITALS_119,Athens,أثينا
PRAGUE_WORD_CAPITALS_119,Prague,براغ
MADRID_WORD_CAPITALS_119,Madrid,مدريد
RIYADH_WORD_CAPITALS_119,Riyadh,الرياض
OTTAWA_WORD_CAPITALS_119,Ottawa,أوتاوا
ROME_WORD_CAPITALS_119,Rome,روما
OSLO_WORD_CAPITALS_119,Oslo,أوسلو
CAIRO_WORD_CAPITALS_119,Cairo,القاهرة
POWDER_WORD_MAKEUP_120,Powder,بودرة
SPONGE_WORD_MAKEUP_120,Sponge,إسفنجة
PALETTE_WORD_MAKEUP_120,Palette,لوحة ألوان
SERUM_WORD_MAKEUP_120,Serum,سيروم
PEEL_WORD_MAKEUP_120,Peel,تقشير
BLUSH_WORD_MAKEUP_120,Blush,أحمر خدود
SAVATE_WORD_COMBAT_121,Savate,سافات
JUDO_WORD_COMBAT_121,Judo,جودو
KARATE_WORD_COMBAT_121,Karate,كاراتيه
KUNG_FU_WORD_COMBAT_121,Kung fu,كونغ فو
SUMO_WORD_COMBAT_121,Sumo,سومو
SILAT_WORD_COMBAT_121,Silat,سيلات
CHORDS_WORD_GUITAR_122,Chords,أوتار
PICKUPS_WORD_GUITAR_122,Pickups,ملتقطات
STRINGS_WORD_GUITAR_122,Strings,أوتار
RIFFS_WORD_GUITAR_122,Riffs,ريفات
POINTE_WORD_BALLET_125,Pointe,بوانت
TUTU_WORD_BALLET_125,Tutu,توتو
BARRE_WORD_BALLET_125,Barre,بار
ALLIANCE_WORD_UNITE_126,Alliance,تحالف
LEAGUE_WORD_UNITE_126,League,عصبة
UNION_WORD_UNITE_126,Union,اتحاد
JEWELRY_WORD_LUXURY_133,Jewelry,مجوهرات
WATCH_WORD_LUXURY_133,Watch,ساعة
CAVIAR_WORD_LUXURY_133,Caviar,كافيار
YACHT_WORD_LUXURY_133,Yacht,يخت
SAVANNA_WORD_BIOMES_135,Savanna,سافانا
TUNDRA_WORD_BIOMES_135,Tundra,تندرا
TAIGA_WORD_BIOMES_135,Taiga,تايغا
SRIRACHA_WORD_SPICY_136,Sriracha,سريراتشا
WASABI_WORD_SPICY_136,Wasabi,واسابي
HABANERO_WORD_SPICY_136,Habanero,هابانيرو
COCKPIT_WORD_PLANE_139,Cockpit,قمرة قيادة
SEATBELT_WORD_PLANE_139,Seatbelt,حزام أمان
WINGS_WORD_PLANE_139,Wings,أجنحة
ENGINE_WORD_PLANE_139,Engine,محرك
RUDDER_WORD_PLANE_139,Rudder,دفّة
FUSELAGE_WORD_PLANE_139,Fuselage,جسم الطائرة
AILERON_WORD_PLANE_139,Aileron,جُنيح
FLY_WORD_PLANE_139,Fly,طيران
BEAVER_WORD_RODENTS_141,Beaver,قندس
MARMOT_WORD_RODENTS_141,Marmot,مرموط
NUTRIA_WORD_RODENTS_141,Nutria,نوتريا
SQUIRREL_WORD_RODENTS_141,Squirrel,سنجاب
CAPYBARA_WORD_RODENTS_141,Capybara,كابيبارا
RAT_WORD_RODENTS_141,Rat,جرذ
SOLAR_WORD_ENERGY_145,Solar,شمسية
NUCLEAR_WORD_ENERGY_145,Nuclear,نووية
KINETIC_WORD_ENERGY_145,Kinetic,حركية
THERMAL_WORD_ENERGY_145,Thermal,حرارية
ESSAY_WORD_ARTICLES_147,Essay,مقالة
REVIEW_WORD_ARTICLES_147,Review,مراجعة
OPINION_WORD_ARTICLES_147,Opinion,رأي
TSUNAMI_WORD_DISASTER_148,Tsunami,تسونامي
TORNADO_WORD_DISASTER_148,Tornado,إعصار
FLOOD_WORD_DISASTER_148,Flood,فيضان
GORILLA_WORD_PRIMATES_149,Gorilla,غوريلا
GIBBON_WORD_PRIMATES_149,Gibbon,جيبون
BABOON_WORD_PRIMATES_149,Baboon,بابون
LEMUR_WORD_PRIMATES_149,Lemur,ليمور
MACAQUE_WORD_PRIMATES_149,Macaque,مكاك
SIMIAN_WORD_PRIMATES_149,Simian,قرد
MANDRILL_WORD_PRIMATES_149,Mandrill,مندريل
TARSIER_WORD_PRIMATES_149,Tarsier,ترسيه
PYTHON_WORD_CODING_150,Python,بايثون
JAVA_WORD_CODING_150,Java,جافا
RUBY_WORD_CODING_150,Ruby,روبي
SWIFT_WORD_CODING_150,Swift,سويفت
SCRIPT_WORD_CODING_150,Script,سكريبت
PHP_WORD_CODING_150,PHP,بي إتش بي
SQL_WORD_CODING_150,SQL,إس كيو إل
BUGS_WORD_CODING_150,Bugs,أخطاء
LYRICS_WORD_RAP_151,Lyrics,كلمات
VERSE_WORD_RAP_151,Verse,بيت شعر
RHYME_WORD_RAP_151,Rhyme,قافية
PUNCH_WORD_RAP_151,Punch,لكمة
NIAGARA_WORD_WATER_152,Niagara,نياغارا
VICTORIA_WORD_WATER_152,Victoria,فيكتوريا
YOSEMITE_WORD_WATER_152,Yosemite,يوسمايت
HAVASU_WORD_WATER_152,Havasu,هافاسو
YO_YO_WORD_TOYS_154,Yo-yo,يويو
SPINNER_WORD_TOYS_154,Spinner,سبينر
DOLL_WORD_TOYS_154,Doll,دمية
SERGEANT_WORD_ARMY_156,Sergeant,رقيب
MAJOR_WORD_ARMY_156,Major,رائد
GENERAL_WORD_ARMY_156,General,جنرال
COLONEL_WORD_ARMY_156,Colonel,عقيد
PRIVATE_WORD_ARMY_156,Private,جندي
CORPORAL_WORD_ARMY_156,Corporal,عريف
CAPTAIN_WORD_ARMY_156,Captain,نقيب
RANK_WORD_ARMY_156,Rank,رتبة
ZEN_WORD_MEDITATE_160,Zen,زِن
BREATH_WORD_MEDITATE_160,Breath,نَفَس
PEACE_WORD_MEDITATE_160,Peace,سلام
MANTRA_WORD_MEDITATE_160,Mantra,مانترا
FAMOUS_WORD_FAME_161,Famous,مشهور
ICONIC_WORD_FAME_161,Iconic,أيقوني
POPULAR_WORD_FAME_161,Popular,شعبي
RENOWN_WORD_FAME_161,Renown,شُهرة
SYNTAX_WORD_LINGUIST_162,Syntax,نحو
POLYGLOT_WORD_LINGUIST_162,Polyglot,متعدد اللغات
GRAMMAR_WORD_LINGUIST_162,Grammar,قواعد
SCHOLAR_WORD_LINGUIST_162,Scholar,عالِم
EASTER_WORD_HOLIDAY_163,Easter,عيد الفصح
NEW_YEAR_WORD_HOLIDAY_163,New Year,رأس السنة
FLAG_DAY_WORD_HOLIDAY_163,Flag Day,يوم العلم
DUMBBELL_WORD_GYM_164,Dumbbell,دمبل
BARBELL_WORD_GYM_164,Barbell,بار حديد
AIR_BIKE_WORD_GYM_164,Air bike,دراجة هوائية
PERICLES_WORD_WILLIAM_165,Pericles,بريكليس
MACBETH_WORD_WILLIAM_165,Macbeth,ماكبث
HAMLET_WORD_WILLIAM_165,Hamlet,هاملت
OTHELLO_WORD_WILLIAM_165,Othello,عطيل
JULIET_WORD_WILLIAM_165,Juliet,جولييت
ROMEO_WORD_WILLIAM_165,Romeo,روميو
TEMPEST_WORD_WILLIAM_165,Tempest,العاصفة
HENRY_V_WORD_WILLIAM_165,Henry V,هنري الخامس
WOLF_WORD_CANINES_168,Wolf,ذئب
COYOTE_WORD_CANINES_168,Coyote,ذئب البراري
DINGO_WORD_CANINES_168,Dingo,دنغو
JACKAL_WORD_CANINES_168,Jackal,ابن آوى
FOX_WORD_CANINES_168,Fox,ثعلب
DHOLE_WORD_CANINES_168,Dhole,كلب بري
HARVARD_WORD_STUDIES_169,Harvard,هارفارد
STANFORD_WORD_STUDIES_169,Stanford,ستانفورد
OXFORD_WORD_STUDIES_169,Oxford,أكسفورد
YALE_WORD_STUDIES_169,Yale,ييل
SORBONNE_WORD_STUDIES_169,Sorbonne,السوربون
MIT_WORD_STUDIES_169,MIT,إم آي تي
LEMON_WORD_CITRUS_173,Lemon,ليمون
LIME_WORD_CITRUS_173,Lime,ليمون أخضر
POMELO_WORD_CITRUS_173,Pomelo,بوملي
GLIDER_WORD_AIRCRAFT_174,Glider,طائرة شراعية
JETLINER_WORD_AIRCRAFT_174,Jetliner,طائرة نفاثة
AIRPLANE_WORD_AIRCRAFT_174,Airplane,طائرة
MERLOT_WORD_GRAPE_177,Merlot,ميرلو
RIESLING_WORD_GRAPE_177,Riesling,ريسلنغ
SHIRAZ_WORD_GRAPE_177,Shiraz,شيراز
GRENACHE_WORD_GRAPE_177,Grenache,غرناش
MUSCAT_WORD_GRAPE_177,Muscat,مسقط
MALBEC_WORD_GRAPE_177,Malbec,مالبك
AMANITA_WORD_MUSHROOM_178,Amanita,أمانيتا
PORCINI_WORD_MUSHROOM_178,Porcini,بورتشيني
RUSSULA_WORD_MUSHROOM_178,Russula,روسولا
TRUFFLE_WORD_MUSHROOM_178,Truffle,كمأة
ENOKI_WORD_MUSHROOM_178,Enoki,إينوكي
SHIITAKE_WORD_MUSHROOM_178,Shiitake,شيتاكي
WALRUS_WORD_ARCTIC_180,Walrus,فظّ
POLAR_BEAR_WORD_ARCTIC_180,Polar bear,دب قطبي
SNOWY_OWL_WORD_ARCTIC_180,Snowy owl,بومة ثلجية
REINDEER_WORD_ARCTIC_180,Reindeer,رنّة
PIT_STOP_WORD_RACING_182,Pit stop,محطة صيانة
FINISH_WORD_RACING_182,Finish,نهاية
SPEEDWAY_WORD_RACING_182,Speedway,حلبة سباق
ASSIST_WORD_HELP_183,Assist,مساعدة
SUPPORT_WORD_HELP_183,Support,دعم
DONATE_WORD_HELP_183,Donate,تبرّع
OPAL_WORD_GEMSTONE_186,Opal,أوبال
RUBY_WORD_GEMSTONE_186,Ruby,ياقوت
TOPAZ_WORD_GEMSTONE_186,Topaz,توباز
SAPPHIRE_WORD_GEMSTONE_186,Sapphire,ياقوت أزرق
GARNET_WORD_GEMSTONE_186,Garnet,عقيق
DIAMOND_WORD_GEMSTONE_186,Diamond,ألماس
ONYX_WORD_GEMSTONE_186,Onyx,جزع
AGATE_WORD_GEMSTONE_186,Agate,عقيق يماني
ORION_WORD_PATTERN_188,Orion,الجبّار
PERSEUS_WORD_PATTERN_188,Perseus,برشاوس
DRACO_WORD_PATTERN_188,Draco,التنين
SCORPIUS_WORD_PATTERN_188,Scorpius,العقرب
CYGNUS_WORD_PATTERN_188,Cygnus,الدجاجة
SERPENS_WORD_PATTERN_188,Serpens,الحيّة
GASOLINE_WORD_FUELS_190,Gasoline,بنزين
DIESEL_WORD_FUELS_190,Diesel,ديزل
COAL_WORD_FUELS_190,Coal,فحم
PROPANE_WORD_FUELS_190,Propane,بروبان
KEROSENE_WORD_FUELS_190,Kerosene,كيروسين
VOTER_WORD_ELECT_193,Voter,ناخب
BALLOT_WORD_ELECT_193,Ballot,اقتراع
CAMPAIGN_WORD_ELECT_193,Campaign,حملة
TURNOUT_WORD_ELECT_193,Turnout,إقبال
KING_WORD_CROWN_194,King,ملك
EMPEROR_WORD_CROWN_194,Emperor,إمبراطور
MAHARAJA_WORD_CROWN_194,Maharaja,مهراجا
KENNEDY_WORD_LEADER_196,Washington,واشنطن
CLINTON_WORD_LEADER_196,Jefferson,جيفرسون
LINCOLN_WORD_LEADER_196,Lincoln,لينكولن
REAGAN_WORD_LEADER_196,Roosevelt,روزفلت
BUSH_WORD_LEADER_196,Wilson,ويلسون
OBAMA_WORD_LEADER_196,Jackson,جاكسون
ADAMS_WORD_LEADER_196,Adams,آدامز
BIDEN_WORD_LEADER_196,Madison,ماديسون
SOFT_BUN_WORD_HOT_DOG_201,Soft bun,خبز طري
SAUSAGE_WORD_HOT_DOG_201,Sausage,نقانق
KETCHUP_WORD_HOT_DOG_201,Ketchup,كاتشب
DECODE_WORD_CIPHER_208,Decode,فكّ تشفير
ENCODE_WORD_CIPHER_208,Encode,تشفير
KEYWORD_WORD_CIPHER_208,Keyword,كلمة مفتاح
PASSWORD_WORD_CIPHER_208,Password,كلمة مرور
HARMONY_WORD_SYMPHONY_210,Harmony,انسجام
OVERTURE_WORD_SYMPHONY_210,Overture,افتتاحية
MELODY_WORD_SYMPHONY_210,Melody,لحن
PHOTO_WORD_ARTWORKS_211,Photo,صورة
DRAWING_WORD_ARTWORKS_211,Drawing,رسم
PAINTING_WORD_ARTWORKS_211,Painting,لوحة
HAMMER_WORD_AUCTION_215,Hammer,مطرقة
LOT_WORD_AUCTION_215,Lot,قطعة
BID_WORD_AUCTION_215,Bid,مزايدة
PRICE_WORD_AUCTION_215,Price,سعر
CATALOG_WORD_AUCTION_215,Catalog,كتالوج
BIDDER_WORD_AUCTION_215,Bidder,مزايد
EXCELSA_WORD_BEANS_219,Excelsa,إكسلسا
ROBUSTA_WORD_BEANS_219,Robusta,روبوستا
LIBERICA_WORD_BEANS_219,Liberica,ليبيريكا
ARABICA_WORD_BEANS_219,Arabica,أرابيكا
TENT_WORD_CAMPING_221,Tent,خيمة
CAMPFIRE_WORD_CAMPING_221,Campfire,نار مخيم
HAMMOCK_WORD_CAMPING_221,Hammock,أرجوحة شبكية
ORGAN_WORD_PLAY_223,Organ,أورغن
VIOLIN_WORD_PLAY_223,Violin,كمان
UKULELE_WORD_PLAY_223,Ukulele,يوكليلي
DRUM_WORD_PLAY_223,Drum,طبل
PIANO_WORD_PLAY_223,Piano,بيانو
FLUTE_WORD_PLAY_223,Flute,ناي
GUITAR_WORD_PLAY_223,Guitar,غيتار
CELLO_WORD_PLAY_223,Cello,تشيلو
BANK_WORD_FINANCE_227,Bank,بنك
INCOME_WORD_FINANCE_227,Income,دخل
EXPENSE_WORD_FINANCE_227,Expense,مصروف
MONEY_WORD_FINANCE_227,Money,مال
KINGDOM_WORD_MEDIEVAL_228,Kingdom,مملكة
LORD_WORD_MEDIEVAL_228,Lord,لورد
KNIGHT_WORD_MEDIEVAL_228,Knight,فارس
CASTLE_WORD_MEDIEVAL_228,Castle,قلعة
GLASSES_WORD_OPTICS_229,Glasses,نظارات
LENS_WORD_OPTICS_229,Lens,عدسة
MONOCLE_WORD_OPTICS_229,Monocle,عدسة أحادية
SPYGLASS_WORD_OPTICS_229,Spyglass,منظار
SIGNPOST_WORD_NAVIGATE_230,Signpost,لافتة طريق
SEXTANT_WORD_NAVIGATE_230,Sextant,سدس
COMPASS_WORD_NAVIGATE_230,Compass,بوصلة
PLAYPEN_WORD_TODDLER_231,Playpen,سياج لعب
NAP_TIME_WORD_TODDLER_231,Nap time,وقت القيلولة
PACIFIER_WORD_TODDLER_231,Pacifier,لهّاية
CAPRINE_WORD_FAMILIES_234,Caprine,ماعزي
OVINE_WORD_FAMILIES_234,Ovine,ضأني
FELINE_WORD_FAMILIES_234,Feline,قططي
EQUINE_WORD_FAMILIES_234,Equine,خيلي
CANINE_WORD_FAMILIES_234,Canine,كلبي
MURINE_WORD_FAMILIES_234,Murine,فأري
PORCINE_WORD_FAMILIES_234,Porcine,خنزيري
BOVINE_WORD_FAMILIES_234,Bovine,بقري
ALTAIR_WORD_STARS_236,Altair,النسر الطائر
POLARIS_WORD_STARS_236,Polaris,نجم القطب
SIRIUS_WORD_STARS_236,Sirius,الشعرى
VEGA_WORD_STARS_236,Vega,النسر الواقع
RIGEL_WORD_STARS_236,Rigel,رِجل
ALKAID_WORD_STARS_236,Alkaid,القائد
NEURAL_WORD_AI_238,Neural,عصبوني
DATASET_WORD_AI_238,Dataset,مجموعة بيانات
CHATBOT_WORD_AI_238,Chatbot,روبوت محادثة
AGENT_WORD_AI_238,Agent,وكيل
MATRIX_WORD_AI_238,Matrix,مصفوفة
CORTEX_WORD_AI_238,Cortex,قشرة
REGION_WORD_DIVISION_242,Region,منطقة
COUNTRY_WORD_DIVISION_242,Country,بلد
STATE_WORD_DIVISION_242,State,ولاية
CITY_WORD_DIVISION_242,City,مدينة
DIALOGUE_WORD_SPEAK_244,Dialogue,حوار
DEBATE_WORD_SPEAK_244,Debate,نقاش
ARGUMENT_WORD_SPEAK_244,Argument,جدال
WAVY_WORD_HAIR_245,Wavy,مموّج
CURLY_WORD_HAIR_245,Curly,مجعّد
COILY_WORD_HAIR_245,Coily,حلزوني
SPRAIN_WORD_INJURIES_249,Sprain,التواء
FRACTURE_WORD_INJURIES_249,Fracture,كسر
BRUISE_WORD_INJURIES_249,Bruise,كدمة
WOUND_WORD_INJURIES_249,Wound,جرح
HEADACHE_WORD_FLU_251,Headache,صداع
PILLS_WORD_FLU_251,Pills,حبوب
COUGH_WORD_FLU_251,Cough,سعال
GYPSUM_WORD_MINERALS_253,Gypsum,جبس
CALCITE_WORD_MINERALS_253,Calcite,كالسيت
AZURITE_WORD_MINERALS_253,Azurite,أزوريت
MICA_WORD_MINERALS_253,Mica,ميكا
MARBLE_WORD_MINERALS_253,Marble,رخام
QUARTZ_WORD_MINERALS_253,Quartz,كوارتز
LIME_WORD_MINERALS_253,Lime,كلس
BERYL_WORD_MINERALS_253,Beryl,بريل
DECAY_WORD_RADIATE_257,Decay,اضمحلال
FALLOUT_WORD_RADIATE_257,Fallout,تساقط إشعاعي
CURIE_WORD_RADIATE_257,Curie,كوري
X_RAYS_WORD_RADIATE_257,X-rays,أشعة سينية
GLUCAGON_WORD_HORMONES_259,Glucagon,غلوكاغون
CORTISOL_WORD_HORMONES_259,Cortisol,كورتيزول
INSULIN_WORD_HORMONES_259,Insulin,إنسولين
GASTRIN_WORD_HORMONES_259,Gastrin,غاسترين
IRIS_WORD_EYE_260,Iris,قزحية
PUPIL_WORD_EYE_260,Pupil,بؤبؤ
RETINA_WORD_EYE_260,Retina,شبكية
DIG_WORD_SHOVEL_261,Dig,حفر
EXCAVATE_WORD_SHOVEL_261,Excavate,تنقيب
UNEARTH_WORD_SHOVEL_261,Unearth,استخراج
ALNICO_WORD_ALLOY_264,Alnico,ألنيكو
AMALGAM_WORD_ALLOY_264,Amalgam,ملغمة
BRASS_WORD_ALLOY_264,Brass,نحاس أصفر
BRONZE_WORD_ALLOY_264,Bronze,برونز
NICHROME_WORD_ALLOY_264,Nichrome,نيكروم
TUNGSTEN_WORD_ALLOY_264,Pewter,بيوتر
NITINOL_WORD_ALLOY_264,Nitinol,نيتينول
STELLITE_WORD_ALLOY_264,Stellite,ستيلايت
DIWALI_WORD_FESTIVAL_270,Diwali,ديوالي
HOLI_WORD_FESTIVAL_270,Holi,هولي
SONGKRAN_WORD_FESTIVAL_270,Songkran,سونغكران
THULIUM_WORD_METAL_272,Thulium,ثوليوم
HOLMIUM_WORD_METAL_272,Holmium,هولميوم
IRIDIUM_WORD_METAL_272,Iridium,إيريديوم
RHODIUM_WORD_METAL_272,Rhodium,روديوم
YTTRIUM_WORD_METAL_272,Yttrium,إتريوم
LUTETIUM_WORD_METAL_272,Lutetium,لوتيتيوم
EUROPIUM_WORD_METAL_272,Europium,يوروبيوم
ERBIUM_WORD_METAL_272,Erbium,إربيوم
INSIGNIA_WORD_ARTIFACT_276,Insignia,شارة
RELIC_WORD_ARTIFACT_276,Relic,أثر
SIGIL_WORD_ARTIFACT_276,Sigil,رمز
TOTEM_WORD_ARTIFACT_276,Totem,طوطم
AMULET_WORD_ARTIFACT_276,Amulet,تميمة
VASE_WORD_ARTIFACT_276,Vase,مزهرية
GUARD_WORD_DEFENSE_277,Guard,حارس
CCTV_WORD_DEFENSE_277,CCTV,كاميرا مراقبة
SECURITY_WORD_DEFENSE_277,Security,أمن
PATROL_WORD_DEFENSE_277,Patrol,دورية
ATOM_WORD_PARTICLE_281,Atom,ذرّة
ELECTRON_WORD_PARTICLE_281,Electron,إلكترون
NEUTRON_WORD_PARTICLE_281,Neutron,نيوترون
HARLEM_WORD_NEW_YORK_287,Harlem,هارلم
SOHO_WORD_NEW_YORK_287,Soho,سوهو
TRIBECA_WORD_NEW_YORK_287,Tribeca,ترايبيكا
ASTORIA_WORD_NEW_YORK_287,Astoria,أستوريا
BRONX_WORD_NEW_YORK_287,Bronx,برونكس
QUEENS_WORD_NEW_YORK_287,Queens,كوينز
BARNACLE_WORD_NO_BONES_289,Barnacle,بَرنقيل
SPIDER_WORD_NO_BONES_289,Spider,عنكبوت
SQUID_WORD_NO_BONES_289,Squid,حبّار
STARFISH_WORD_NO_BONES_289,Starfish,نجم بحر
WORM_WORD_NO_BONES_289,Worm,دودة
FABLE_WORD_LEGENDS_291,Fable,حكاية
SAGA_WORD_LEGENDS_291,Saga,ملحمة
TALE_WORD_LEGENDS_291,Tale,قصة
EPIC_WORD_LEGENDS_291,Epic,ملحمي
MYTH_WORD_LEGENDS_291,Myth,أسطورة
HI_WORD_HELLO_295,Hi,مرحبا
HOWDY_WORD_HELLO_295,Howdy,أهلاً
HEY_WORD_HELLO_295,Hey,هاي
DEGREE_WORD_PHD_296,Degree,شهادة
THESIS_WORD_PHD_296,Thesis,أطروحة
RESEARCH_WORD_PHD_296,Research,بحث
CONSENT_WORD_OK_SIGN_301,Consent,موافقة
OKAY_WORD_OK_SIGN_301,Okay,حسنا
YES_WORD_OK_SIGN_301,Yes,نعم
SCALES_WORD_JUSTICE_310,Scales,ميزان
GAVEL_WORD_JUSTICE_310,Gavel,مطرقة قاضي
LAW_WORD_JUSTICE_310,Law,قانون
COURT_WORD_JUSTICE_310,Court,محكمة
INMATE_WORD_PRISONER_312,Inmate,سجين
FELON_WORD_PRISONER_312,Felon,مجرم
DETAINEE_WORD_PRISONER_312,Detainee,معتقل
METEOR_WORD_SPACE_314,Meteor,نيزك
ECLIPSE_WORD_SPACE_314,Eclipse,كسوف
AURORA_WORD_SPACE_314,Aurora,شفق قطبي
PULSAR_WORD_SPACE_314,Pulsar,نجم نابض
QUASAR_WORD_SPACE_314,Quasar,كوازار
NEBULA_WORD_SPACE_314,Nebula,سديم
NOVA_WORD_SPACE_314,Nova,مستعر
ASTEROID_WORD_SPACE_314,Asteroid,كويكب
GAMBLER_WORD_WESTERN_317,Gambler,مقامر
SHERIFF_WORD_WESTERN_317,Sheriff,عمدة
COWBOY_WORD_WESTERN_317,Cowboy,راعي بقر
LASSO_WORD_WESTERN_317,Lasso,حبل لاسو
SALOON_WORD_WESTERN_317,Saloon,صالون
RODEO_WORD_WESTERN_317,Rodeo,روديو
SECURE_WORD_LOCK_321,Secure,آمن
STURDY_WORD_LOCK_321,Sturdy,متين
TRUSTY_WORD_LOCK_321,Trusty,موثوق
THIGH_WORD_LEGS_322,Thigh,فخذ
KNEE_WORD_LEGS_322,Knee,ركبة
ANKLE_WORD_LEGS_322,Ankle,كاحل
RA_WORD_PYRAMIDS_330,Ra,رع
OSIRIS_WORD_PYRAMIDS_330,Osiris,أوزيريس
ANUBIS_WORD_PYRAMIDS_330,Anubis,أنوبيس
RAMSES_WORD_PYRAMIDS_330,Ramses,رمسيس
PICKAXE_WORD_SHAFT_331,Pickaxe,معول
MINE_WORD_SHAFT_331,Mine,منجم
CART_WORD_SHAFT_331,Cart,عربة
PADDOCK_WORD_FARMING_333,Paddock,حظيرة
COMPOST_WORD_FARMING_333,Compost,سماد عضوي
FALLOW_WORD_FARMING_333,Fallow,أرض بور
CROP_WORD_FARMING_333,Crop,محصول
HAY_WORD_FARMING_333,Hay,تبن
HARVEST_WORD_FARMING_333,Harvest,حصاد
TOPSOIL_WORD_FARMING_333,Topsoil,تربة سطحية
GRAIN_WORD_FARMING_333,Grain,حبوب
SLEDDING_WORD_SLIDING_339,Sledding,تزلج بالمزلقة
SKELETON_WORD_SLIDING_339,Skeleton,سكيلتون
SKIING_WORD_SLIDING_339,Skiing,تزلج
SKATING_WORD_SLIDING_339,Skating,تزلج على الجليد
LUGE_WORD_SLIDING_339,Luge,لوج
OIL_WORD_PAINTING_340,Oil,زيتي
ACRYLIC_WORD_PAINTING_340,Acrylic,أكريليك
GOUACHE_WORD_PAINTING_340,Gouache,غواش
TEMPERA_WORD_PAINTING_340,Tempera,تمبرا
FRESCO_WORD_PAINTING_340,Fresco,فريسكو
RISOTTO_WORD_RICE_342,Risotto,ريزوتو
CONGEE_WORD_RICE_342,Congee,عصيدة أرز
PAELLA_WORD_RICE_342,Paella,بايلا
SUSHI_WORD_RICE_342,Sushi,سوشي
ROMANCE_WORD_HEART_344,Romance,رومانسية
COUPLE_WORD_HEART_344,Couple,زوجان
PASSION_WORD_HEART_344,Passion,عاطفة
VANS_WORD_HIPPIE_349,Vans,فان
COMMUNE_WORD_HIPPIE_349,Commune,كوميون
FREEDOM_WORD_HIPPIE_349,Freedom,حرية
DRONE_WORD_ROBOT_354,Drone,طائرة مسيّرة
ROBOVAC_WORD_ROBOT_354,Robovac,مكنسة آلية
NANOBOT_WORD_ROBOT_354,Nanobot,روبوت نانو
CYBORG_WORD_ROBOT_354,Cyborg,سايبورغ
ANDROID_WORD_ROBOT_354,Android,أندرويد
MACHINE_WORD_ROBOT_354,Machine,آلة
SIGMA_WORD_GREECE_359,Sigma,سيغما
DELTA_WORD_GREECE_359,Delta,دلتا
KAPPA_WORD_GREECE_359,Kappa,كابا
MOTION_WORD_DYNAMICS_360,Motion,حركة
INERTIA_WORD_DYNAMICS_360,Inertia,قصور ذاتي
VELOCITY_WORD_DYNAMICS_360,Velocity,سرعة
ONTARIO_WORD_LAKES_365,Ontario,أونتاريو
SUPERIOR_WORD_LAKES_365,Superior,سوبيريور
TITICACA_WORD_LAKES_365,Titicaca,تيتيكاكا
BAIKAL_WORD_LAKES_365,Baikal,بايكال
MICHIGAN_WORD_LAKES_365,Michigan,ميشيغان
HURON_WORD_LAKES_365,Huron,هورون
ATOM_WORD_NUCLEAR_366,Atom,ذرّة
NEUTRON_WORD_NUCLEAR_366,Neutron,نيوترون
PROTON_WORD_NUCLEAR_366,Proton,بروتون
ELECTRON_WORD_NUCLEAR_366,Electron,إلكترون
MILAN_WORD_ITALY_376,Milan,ميلانو
ROME_WORD_ITALY_376,Rome,روما
VENICE_WORD_ITALY_376,Venice,البندقية
FLORENCE_WORD_ITALY_376,Florence,فلورنسا
THIS_WORD_POINTING_379,This,هذا
THAT_WORD_POINTING_379,That,ذلك
THOSE_WORD_POINTING_379,Those,أولئك
NORMAL_WORD_SKIN_380,Normal,عادية
DRY_WORD_SKIN_380,Dry,جافة
OILY_WORD_SKIN_380,Oily,دهنية
LIBRARY_WORD_BUILD_384,Library,مكتبة
MUSEUM_WORD_BUILD_384,Museum,متحف
HOSPITAL_WORD_BUILD_384,Hospital,مستشفى
SCHOOL_BUILDING_WORD_BUILD_384,School building,مبنى مدرسة
HOTEL_WORD_BUILD_384,Hotel,فندق
FACTORY_WORD_BUILD_384,Factory,مصنع
STADIUM_WORD_BUILD_384,Stadium,ملعب
MALL_WORD_BUILD_384,Mall,مركز تجاري
MONARCHY_WORD_POLICIES_394,Monarchy,ملكية
TYRANNY_WORD_POLICIES_394,Tyranny,استبداد
ANARCHY_WORD_POLICIES_394,Anarchy,فوضى
POWER_WORD_STRENGTH_401,Power,قوة
FORCE_WORD_STRENGTH_401,Force,قوة دافعة
MIGHT_WORD_STRENGTH_401,Might,جبروت
TEXT_WORD_MESSAGE_407,Text,رسالة نصية
EMAIL_WORD_MESSAGE_407,Email,بريد إلكتروني
LETTER_WORD_MESSAGE_407,Letter,رسالة
FAX_WORD_MESSAGE_407,Fax,فاكس
DUALISM_WORD_VIEWS_410,Dualism,ثنائية
STOICISM_WORD_VIEWS_410,Stoicism,رواقية
NIHILISM_WORD_VIEWS_410,Nihilism,عدمية
LUNGS_WORD_ORGANS_412,Lungs,رئتان
KIDNEY_WORD_ORGANS_412,Kidney,كلية
STOMACH_WORD_ORGANS_412,Stomach,معدة
LIVER_WORD_ORGANS_412,Liver,كبد
BLADDER_WORD_ORGANS_412,Bladder,مثانة
SPLEEN_WORD_ORGANS_412,Spleen,طحال
HEART_WORD_ORGANS_412,Heart,قلب
PANCREAS_WORD_ORGANS_412,Pancreas,بنكرياس
FOOL_WORD_TAROT_417,Fool,المجنون
MOON_WORD_TAROT_417,Moon,القمر
MAGICIAN_WORD_TAROT_417,Magician,الساحر
EMPRESS_WORD_TAROT_417,Empress,الإمبراطورة
SOPRANO_WORD_VOICES_439,Soprano,سوبرانو
TENOR_WORD_VOICES_439,Tenor,تينور
BARITONE_WORD_VOICES_439,Baritone,باريتون
BASS_WORD_VOICES_439,Bass,باس
ALTO_WORD_VOICES_439,Alto,آلتو
SONNET_WORD_POETRY_440,Sonnet,سونيتة
HAIKU_WORD_POETRY_440,Haiku,هايكو
ODE_WORD_POETRY_440,Ode,قصيدة
BALLAD_WORD_POETRY_440,Ballad,أغنية شعبية
ACROSTIC_WORD_POETRY_440,Acrostic,أبجدية شعرية
SUPPER_WORD_MEALS_444,Supper,عشاء
LUNCH_WORD_MEALS_444,Lunch,غداء
DINNER_WORD_MEALS_444,Dinner,عشاء رسمي
CAULDRON_WORD_ALCHEMY_445,Cauldron,مرجل
ELIXIR_WORD_ALCHEMY_445,Elixir,إكسير
POTION_WORD_ALCHEMY_445,Potion,جرعة
RITUAL_WORD_PAGANISM_469,Ritual,طقس
TOTEM_WORD_PAGANISM_469,Totem,طوطم
IDOL_WORD_PAGANISM_469,Idol,صنم
ALTAR_WORD_PAGANISM_469,Altar,مذبح
CURRENT_WORD_PRESENT_470,Current,حالي
NOW_WORD_PRESENT_470,Now,الآن
TODAY_WORD_PRESENT_470,Today,اليوم
CODE_WORD_SECRET_471,Code,شيفرة
AGENT_WORD_SECRET_471,Agent,عميل
WORD_WORD_SECRET_471,Identity,هوية
DONKEY_WORD_EQUIDAE_475,Donkey,حمار
MULE_WORD_EQUIDAE_475,Mule,بغل
MUSTANG_WORD_EQUIDAE_475,Mustang,موستانغ
HORSE_WORD_EQUIDAE_475,Horse,حصان
ZEBRA_WORD_EQUIDAE_475,Zebra,حمار وحشي
PONY_WORD_EQUIDAE_475,Pony,مُهر
COWHIDE_WORD_LEATHER_480,Cowhide,جلد بقري
NUBUCK_WORD_LEATHER_480,Nubuck,نوبوك
SUEDE_WORD_LEATHER_480,Suede,شمواه
TOWER_WORD_CASTLE_485,Tower,برج
MOAT_WORD_CASTLE_485,Moat,خندق
DUNGEON_WORD_CASTLE_485,Dungeon,زنزانة
BASTION_WORD_CASTLE_485,Bastion,حصن
RAMPART_WORD_CASTLE_485,Rampart,سور
TURRET_WORD_CASTLE_485,Turret,بُرج صغير
PARAPET_WORD_CASTLE_485,Parapet,حاجز
CITADEL_WORD_CASTLE_485,Citadel,قلعة
LCD_WORD_DISPLAY_486,LCD,شاشة LCD
LED_WORD_DISPLAY_486,LED,شاشة LED
OLED_WORD_DISPLAY_486,OLED,شاشة OLED
CRT_WORD_DISPLAY_486,CRT,شاشة CRT
PLASMA_WORD_DISPLAY_486,Plasma,بلازما
AMOLED_WORD_DISPLAY_486,AMOLED,أموليد
MAYANS_WORD_CULTURES_487,Mayans,المايا
AZTECS_WORD_CULTURES_487,Aztecs,الأزتيك
ROMANS_WORD_CULTURES_487,Romans,الرومان
GREEKS_WORD_CULTURES_487,Greeks,الإغريق
CELTS_WORD_CULTURES_487,Celts,الكلت
VIKINGS_WORD_CULTURES_487,Vikings,الفايكنغ
SAMURAI_WORD_WARRIORS_491,Samurai,ساموراي
SHINOBI_WORD_WARRIORS_491,Shinobi,شينوبي
RONIN_WORD_WARRIORS_491,Ronin,رونين
ASSASSIN_WORD_WARRIORS_491,Assassin,حشّاشين
NINJA_WORD_WARRIORS_491,Ninja,نينجا
DECEIVE_WORD_LIE_492,Deceive,خداع
DELUDE_WORD_LIE_492,Delude,تضليل
FALSIFY_WORD_LIE_492,Falsify,تزوير
MISLEAD_WORD_LIE_492,Mislead,تضليل
OBOE_WORD_VIOLIN_508,Oboe,أوبوا
CLARINET_WORD_VIOLIN_508,Clarinet,كلارينيت
FLUTE_WORD_VIOLIN_508,Flute,فلوت
CELLO_WORD_VIOLIN_508,Cello,تشيلو
MATE_WORD_ANAGRAM_511,Mate,رفيق
TEAM_WORD_ANAGRAM_511,Team,فريق
MEAT_WORD_ANAGRAM_511,Meat,لحم
BONGO_WORD_DRUM_518,Bongo,بونغو
DJEMBE_WORD_DRUM_518,Djembe,جيمبي
TABLA_WORD_DRUM_518,Tabla,طبلة
ASHIKO_WORD_DRUM_518,Ashiko,أشيكو
TRIUMPH_WORD_WREATH_544,Triumph,انتصار
VICTORY_WORD_WREATH_544,Victory,نصر
SUCCESS_WORD_WREATH_544,Success,نجاح
YOGA_WORD_ZEN_549,Yoga,يوغا
RINZAI_WORD_ZEN_549,Rinzai,رينزاي
DHARMA_WORD_ZEN_549,Dharma,دارما
ROUTER_WORD_NETWORK_588,Router,راوتر
SERVER_WORD_NETWORK_588,Server,خادم
GATEWAY_WORD_NETWORK_588,Gateway,بوابة
ETHERNET_WORD_NETWORK_588,Ethernet,إيثرنت
PACKET_WORD_NETWORK_588,Packet,حزمة
DUTY_WORD_CUSTOMS_592,Duty,رسوم
IMPORT_WORD_CUSTOMS_592,Import,استيراد
BORDER_WORD_CUSTOMS_592,Border,حدود
EXPORT_WORD_CUSTOMS_592,Export,تصدير
PAYMENT_WORD_MORTGAGE_595,Payment,دفعة
INTEREST_WORD_MORTGAGE_595,Interest,فائدة
RATE_WORD_MORTGAGE_595,Rate,معدّل
MIX_WORD_CONCRETE_601,Mix,خلط
TROWEL_WORD_CONCRETE_601,Trowel,مالج
SCREED_WORD_CONCRETE_601,Screed,تسوية
SATIRE_WORD_MEMES_620,Satire,سخرية
PARODY_WORD_MEMES_620,Parody,محاكاة ساخرة
TROLLING_WORD_MEMES_620,Trolling,ترولينغ
METHANE_WORD_ALKANES_641,Methane,ميثان
ETHANE_WORD_ALKANES_641,Ethane,إيثان
PROPANE_WORD_ALKANES_641,Propane,بروبان
BUTANE_WORD_ALKANES_641,Butane,بوتان
ASSESS_WORD_EVALUATE_651,Assess,تقييم
ESTIMATE_WORD_EVALUATE_651,Estimate,تقدير
ANALYZE_WORD_EVALUATE_651,Analyze,تحليل
HUNT_WORD_QUEST_680,Hunt,صيد
INQUIRY_WORD_QUEST_680,Inquiry,استفسار
PURSUIT_WORD_QUEST_680,Pursuit,مطاردة
GOATEE_WORD_BEARDS_681,Goatee,سكسوكة
BALBO_WORD_BEARDS_681,Balbo,بالبو
DUCKTAIL_WORD_BEARDS_681,Ducktail,ذيل البطة
SYNERGY_WORD_YINYANG_721,Synergy,تآزر
DUALITY_WORD_YINYANG_721,Duality,ازدواجية
HARMONY_WORD_YINYANG_721,Harmony,انسجام
GOURMET_WORD_FOODIE_726,Gourmet,ذوّاقة
EPICURE_WORD_FOODIE_726,Epicure,متذوّق
TASTE_WORD_FOODIE_726,Taste,ذوق
SYBARITE_WORD_FOODIE_726,Sybarite,متنعّم
HEDONISM_WORD_FOODIE_726,Hedonism,مُتعوية
DISHES_WORD_FOODIE_726,Dishes,أطباق
ROLE_WORD_OPERA_760,Role,دور
DIVA_WORD_OPERA_760,Diva,ديفا
ACT_WORD_OPERA_760,Act,فصل
BAY_WORD_HARBOR_764,Bay,خليج
PIER_WORD_HARBOR_764,Pier,رصيف
WHARF_WORD_HARBOR_764,Wharf,ميناء
COAST_WORD_HARBOR_764,Coast,ساحل
MARINA_WORD_HARBOR_764,Marina,مرسى
VESSEL_WORD_HARBOR_764,Vessel,سفينة
BRICK_WORD_STREET_768,Lamp,مصباح
DRIVER_WORD_STREET_768,Driver,سائق
CORNER_WORD_STREET_768,Corner,زاوية
BIKE_WORD_STREET_768,Bike,دراجة
LION_WORD_CHIMERA_795,Lion,أسد
GOAT_WORD_CHIMERA_795,Goat,ماعز
SERPENT_WORD_CHIMERA_795,Serpent,أفعى
REINS_WORD_CARRIAGE_800,Reins,أعنّة
HARNESS_WORD_CARRIAGE_800,Harness,حزام
COACHMAN_WORD_CARRIAGE_800,Coachman,حوذي
CANTER_WORD_GAITS_810,Canter,خبب
GALLOP_WORD_GAITS_810,Gallop,عدو
TROT_WORD_GAITS_810,Trot,هرولة
CORE_WORD_EARTH_831,Core,لبّ
MANTLE_WORD_EARTH_831,Mantle,وشاح
CRUST_WORD_EARTH_831,Crust,قشرة
PAGANINI_WORD_VIOLINS_845,Paganini,باغانيني
LUTHIER_WORD_VIOLINS_845,Luthier,صانع أوتار
FRET_WORD_VIOLINS_845,Bow,قوس
NOUN_WORD_GRAMMAR_861,Noun,اسم
VERB_WORD_GRAMMAR_861,Verb,فعل
ADVERB_WORD_GRAMMAR_861,Adverb,ظرف
CREST_WORD_COASTAL_882,Crest,قمة موجة
BREEZE_WORD_COASTAL_882,Breeze,نسيم
SURFING_WORD_COASTAL_882,Surfing,ركوب أمواج
SHINGLE_WORD_COASTAL_882,Shingle,حصى
SAND_WORD_COASTAL_882,Sand,رمل
GROYNE_WORD_COASTAL_882,Groyne,حاجز بحري
TIDE_WORD_COASTAL_882,Tide,مدّ وجزر
JETTY_WORD_COASTAL_882,Jetty,رصيف بحري
TIRE_WORD_WHEEL_890,Tire,إطار
HUBCAP_WORD_WHEEL_890,Hubcap,غطاء عجلة
STEER_WORD_WHEEL_890,Steer,توجيه
AXLE_WORD_WHEEL_890,Axle,محور
FORTUNE_WORD_WHEEL_890,Rim,إطار معدني
STEEL_WORD_INDUSTRY_921,Steel,فولاذ
GOODS_WORD_INDUSTRY_921,Goods,بضائع
PRODUCE_WORD_INDUSTRY_921,Produce,إنتاج
MEGA_WORD_PREFIX_922,Mega,ميغا
NANO_WORD_PREFIX_922,Nano,نانو
DECA_WORD_PREFIX_922,Deca,ديكا
SIAMESE_WORD_BREEDS_940,Siamese,سيامي
SPHYNX_WORD_BREEDS_940,Sphynx,سفينكس
BIRMAN_WORD_BREEDS_940,Birman,بيرمان
BENGAL_WORD_BREEDS_940,Bengal,بنغالي
ANGORA_WORD_BREEDS_940,Angora,أنغورا
BIG_BEN_WORD_LANDMARK_948,Big Ben,بيغ بن
SPHINX_WORD_LANDMARK_948,Sphinx,أبو الهول
COLOSSEUM_WORD_LANDMARK_948,Colosseum,الكولوسيوم
PYRAMIDS_WORD_LANDMARK_948,Pyramids,الأهرامات
NILE_WORD_RIVERS_959,Nile,النيل
AMAZON_WORD_RIVERS_959,Amazon,الأمازون
HUDSON_WORD_RIVERS_959,Hudson,هدسون
SURF_WORD_COAST_969,Surf,أمواج
BEACH_WORD_COAST_969,Beach,شاطئ
CLIFF_WORD_COAST_969,Cliff,جُرف
CLEANSER_WORD_SKINCARE_984,Cleanser,منظّف
TONER_WORD_SKINCARE_984,Toner,تونر
SERUM_WORD_SKINCARE_984,Serum,سيروم
TEXTURE_WORD_SKINCARE_984,Texture,ملمس
PORES_WORD_SKINCARE_984,Pores,مسام
RETINOL_WORD_SKINCARE_984,Retinol,ريتينول
PEPTIDES_WORD_SKINCARE_984,Peptides,ببتيدات
BLEMISH_WORD_SKINCARE_984,Blemish,شائبة
ROMANOV_WORD_DYNASTY_991,Romanov,رومانوف
TUDOR_WORD_DYNASTY_991,Tudor,تيودور
KENNEDY_WORD_DYNASTY_991,Ottoman,عثماني
BOURBON_WORD_DYNASTY_991,Bourbon,بوربون
CLERIC_WORD_PRIEST_1019,Cleric,رجل دين
BIBLE_WORD_PRIEST_1019,Bible,الكتاب المقدس
SAINT_WORD_PRIEST_1019,Saint,قديس
PREACHER_WORD_PRIEST_1019,Preacher,واعظ
JOURNEY_WORD_MAPS_1022,Journey,رحلة
LANDMARK_WORD_MAPS_1022,Landmark,معلَم
BORDER_WORD_MAPS_1022,Border,حدود
ATLAS_WORD_MAPS_1022,Atlas,أطلس
GLOBE_WORD_MAPS_1022,Globe,كرة أرضية
SCALE_WORD_MAPS_1022,Scale,مقياس
TERRAIN_WORD_MAPS_1022,Terrain,تضاريس
CONTOUR_WORD_MAPS_1022,Contour,خطوط كنتور
MELODY_WORD_SINGING_1054,Melody,لحن
SONG_WORD_SINGING_1054,Song,أغنية
PITCH_WORD_SINGING_1054,Pitch,طبقة صوت
SOLOIST_WORD_SINGING_1054,Soloist,عازف منفرد
ARIA_WORD_SINGING_1054,Aria,آريا
CHOIR_WORD_SINGING_1054,Choir,جوقة
HUMMING_WORD_SINGING_1054,Humming,همهمة
TIMBRE_WORD_SINGING_1054,Timbre,جرس الصوت
GENE_WORD_GENETICS_1060,Gene,جين
DNA_WORD_GENETICS_1060,DNA,حمض نووي
GENOME_WORD_GENETICS_1060,Genome,جينوم
TV_WORD_SCREEN_1030,TV,تلفزيون
ATM_WORD_SCREEN_1030,ATM,صراف آلي
E_READER_WORD_SCREEN_1030,E-reader,قارئ إلكتروني
BUZZER_WORD_ALARM_1031,Buzzer,جرس
BEEP_WORD_ALARM_1031,Beep,صفير
RUSH_WORD_ALARM_1031,Rush,اندفاع
MAPLE_WORD_LEAVES_1055,Maple,قيقب
OAK_WORD_LEAVES_1055,Oak,بلوط
PALM_WORD_LEAVES_1055,Palm,نخلة
CHESTNUT_WORD_LEAVES_1055,Chestnut,كستناء
ASH_WORD_LEAVES_1055,Ash,دردار
POPLAR_WORD_LEAVES_1055,Poplar,حور
PLATE_WORD_DISHWARE_829,Plate,طبق
CUP_WORD_DISHWARE_829,Cup,كوب
BOWL_WORD_DISHWARE_829,Bowl,وعاء
SAUCER_WORD_DISHWARE_829,Saucer,صحن
FROG_WORD_POND_830,Frog,ضفدع
REED_WORD_POND_830,Reed,قصب
DUCK_WORD_POND_830,Duck,بطة
PAWN_PIC_CHESS_1,,
ROOK_PIC_CHESS_1,,
KNIGHT_PIC_CHESS_1,,
BISHOP_PIC_CHESS_1,,
QUEEN_PIC_CHESS_1,,
KING_PIC_CHESS_1,,
CHESSBOARD_PIC_CHESS_1,,
CHESS_CLOCK_PIC_CHESS_1,,
HOCKEY_PIC_SPORTS_2,,
SOCCER_PIC_SPORTS_2,,
BOXING_PIC_SPORTS_2,,
TENNIS_PIC_SPORTS_2,,
GOLF_PIC_SPORTS_2,,
RUGBY_PIC_SPORTS_2,,
CURLING_PIC_SPORTS_2,,
TABLE_TENNIS_PIC_SPORTS_2,,
TABLE_PIC_FURNITURE_3,,
SOFA_PIC_FURNITURE_3,,
CHAIR_PIC_FURNITURE_3,,
DESK_PIC_FURNITURE_3,,
BED_PIC_FURNITURE_3,,
WARDROBE_PIC_FURNITURE_3,,
BOOKSHELF_PIC_FURNITURE_3,,
DRESSERS_PIC_FURNITURE_3,,
ACE_OF_HEARTS_PIC_DECK_4,,
KING_HEARTS_PIC_DECK_4,,
QUEEN_HEARTS_PIC_DECK_4,,
JACK_HEARTS_PIC_DECK_4,,
10_HEARTS_PIC_DECK_4,,
9_HEARTS_PIC_DECK_4,,
8_HEARTS_PIC_DECK_4,,
7_HEARTS_PIC_DECK_4,,
ARIES_PIC_ZODIAC_5,,
TAURUS_PIC_ZODIAC_5,,
GEMINI_PIC_ZODIAC_5,,
CANCER_PIC_ZODIAC_5,,
LEO_PIC_ZODIAC_5,,
VIRGO_PIC_ZODIAC_5,,
LIBRA_PIC_ZODIAC_5,,
SAGITTARIUS_PIC_ZODIAC_5,,
PLIERS_PIC_TOOLBOX_6,,
WRENCH_PIC_TOOLBOX_6,,
DRILL_PIC_TOOLBOX_6,,
ADHESIVE_TAPE_PIC_TOOLBOX_6,,
SAW_PIC_TOOLBOX_6,,
CHISEL_PIC_TOOLBOX_6,,
CLAMP_PIC_TOOLBOX_6,,
HAMMER_PIC_TOOLBOX_6,,
GLOVES_PIC_GARMENTS_7,,
DRESS_PIC_GARMENTS_7,,
PANTS_PIC_GARMENTS_7,,
SHIRT_PIC_GARMENTS_7,,
PANTIES_PIC_GARMENTS_7,,
COAT_PIC_GARMENTS_7,,
JACKET_PIC_GARMENTS_7,,
SKIRT_PIC_GARMENTS_7,,
BROCCOLI_PIC_VEGGIE_8,,
CABBAGE_PIC_VEGGIE_8,,
POTATO_PIC_VEGGIE_8,,
CARROT_PIC_VEGGIE_8,,
BEETROOT_PIC_VEGGIE_8,,
CUCUMBER_PIC_VEGGIE_8,,
ONION_PIC_VEGGIE_8,,
EGGPLANT_PIC_VEGGIE_8,,
ORANGE_PIC_FRUITS_9,,
KIWI_PIC_FRUITS_9,,
BANANA_PIC_FRUITS_9,,
APPLE_PIC_FRUITS_9,,
POMEGRANATE_PIC_FRUITS_9,,
PEACH_PIC_FRUITS_9,,
PINEAPPLE_PIC_FRUITS_9,,
WATERMELON_PIC_FRUITS_9,,
CUSHION_PIC_CHAIR_10,,
THRONE_PIC_CHAIR_10,,
OTTOMAN_PIC_CHAIR_10,,
STOOL_PIC_CHAIR_10,,
ARMCHAIR_PIC_CHAIR_10,,
LOVESEAT_PIC_CHAIR_10,,
RECLINER_PIC_CHAIR_10,,
BEANBAG_PIC_CHAIR_10,,
KEPI_PIC_HATS_11,,
BERET_PIC_HATS_11,,
CAP_PIC_HATS_11,,
HAT_PIC_HATS_11,,
VISOR_PIC_HATS_11,,
TURBAN_PIC_HATS_11,,
SOMBRERO_PIC_HATS_11,,
PANAMA_HAT_PIC_HATS_11,,
ORGAN_PIC_PLAY_12,,
VIOLIN_PIC_PLAY_12,,
UKULELE_PIC_PLAY_12,,
DRUM_PIC_PLAY_12,,
PIANO_PIC_PLAY_12,,
FLUTE_PIC_PLAY_12,,
GUITAR_PIC_PLAY_12,,
CELLO_PIC_PLAY_12,,
BROOM_PIC_CLEANING_13,,
MOP_PIC_CLEANING_13,,
VACUUM_PIC_CLEANING_13,,
DUSTER_PIC_CLEANING_13,,
SPONGE_PIC_CLEANING_13,,
BUCKET_PIC_CLEANING_13,,
BIN_PIC_CLEANING_13,,
DUSTPAN_PIC_CLEANING_13,,
BOOTS_PIC_SHOES_14,,
HEELS_PIC_SHOES_14,,
FLATS_PIC_SHOES_14,,
OXFORDS_PIC_SHOES_14,,
WEDGES_PIC_SHOES_14,,
MONKS_PIC_SHOES_14,,
BROGUES_PIC_SHOES_14,,
DERBIES_PIC_SHOES_14,,
ITALY_PIC_MAP_15,,
INDIA_PIC_MAP_15,,
AUSTRALIA_PIC_MAP_15,,
FRANCE_PIC_MAP_15,,
USA_PIC_MAP_15,,
UK_PIC_MAP_15,,
SPAIN_PIC_MAP_15,,
JAPAN_PIC_MAP_15,,
DOVE_PIC_BIRD_16,,
EAGLE_PIC_BIRD_16,,
SWAN_PIC_BIRD_16,,
OWL_PIC_BIRD_16,,
HERON_PIC_BIRD_16,,
ROBIN_PIC_BIRD_16,,
FINCH_PIC_BIRD_16,,
VULTURE_PIC_BIRD_16,,
LOBSTER_PIC_SEAFOOD_17,,
OYSTER_PIC_SEAFOOD_17,,
MUSSEL_PIC_SEAFOOD_17,,
CRAB_PIC_SEAFOOD_17,,
SCALLOP_PIC_SEAFOOD_17,,
CONCH_PIC_SEAFOOD_17,,
SQUID_PIC_SEAFOOD_17,,
SHRIMP_PIC_SEAFOOD_17,,
TERRIER_PIC_DOGS_18,,
BEAGLE_PIC_DOGS_18,,
POODLE_PIC_DOGS_18,,
SPANIEL_PIC_DOGS_18,,
HUSKY_PIC_DOGS_18,,
COLLIE_PIC_DOGS_18,,
BULLDOG_PIC_DOGS_18,,
PUG_PIC_DOGS_18,,
PIZZA_PIC_EATS_19,,
TACO_PIC_EATS_19,,
FRIES_PIC_EATS_19,,
BURGER_PIC_EATS_19,,
KEBAB_PIC_EATS_19,,
SANDWICH_PIC_EATS_19,,
BURRITO_PIC_EATS_19,,
HOT_DOG_PIC_EATS_19,,
LIBRARY_PIC_BUILD_20,,
MUSEUM_PIC_BUILD_20,,
HOSPITAL_PIC_BUILD_20,,
SCHOOL_BUILDING_PIC_BUILD_20,,
HOTEL_PIC_BUILD_20,,
FACTORY_PIC_BUILD_20,,
STADIUM_PIC_BUILD_20,,
MALL_PIC_BUILD_20,,
TROLL_PIC_FOLKLORE_21,,
GOBLIN_PIC_FOLKLORE_21,,
OGRE_PIC_FOLKLORE_21,,
BANSHEE_PIC_FOLKLORE_21,,
UNICORN_PIC_FOLKLORE_21,,
FAIRY_PIC_FOLKLORE_21,,
GNOME_PIC_FOLKLORE_21,,
GENIE_PIC_FOLKLORE_21,,
APRICOT_PIC_DRUPES_22,,
PEACH_PIC_DRUPES_22,,
PLUM_PIC_DRUPES_22,,
CHERRY_PIC_DRUPES_22,,
MANGO_PIC_DRUPES_22,,
LOQUAT_PIC_DRUPES_22,,
OLIVE_PIC_DRUPES_22,,
LYCHEE_PIC_DRUPES_22,,
BLANKET_PIC_PICNIC_23,,
BASKET_PIC_PICNIC_23,,
SANDWICH_PIC_PICNIC_23,,
ANTS_PIC_PICNIC_23,,
JUICE_PIC_PICNIC_23,,
SUN_PIC_PICNIC_23,,
GRASS_PIC_PICNIC_23,,
CRACKERS_PIC_PICNIC_23,,
PROFITEROLE_PIC_PASTRY_24,,
PIE_PIC_PASTRY_24,,
CAKE_PIC_PASTRY_24,,
BRIOCHE_PIC_PASTRY_24,,
TART_PIC_PASTRY_24,,
SCONE_PIC_PASTRY_24,,
STRUDEL_PIC_PASTRY_24,,
BROWNIE_PIC_PASTRY_24,,
BUGLE_PIC_WIND_25,,
TUBA_PIC_WIND_25,,
FLUTE_PIC_WIND_25,,
SAX_PIC_WIND_25,,
HARMONICA_PIC_WIND_25,,
BAGPIPES_PIC_WIND_25,,
CLARINET_PIC_WIND_25,,
TRUMPET_PIC_WIND_25,,
BOOKSTORE_PIC_MALL_26,,
PHARMACY_PIC_MALL_26,,
SECURITY_PIC_MALL_26,,
JANITOR_PIC_MALL_26,,
CREDIT_CARD_PIC_MALL_26,,
CASH_PIC_MALL_26,,
PAPER_BAG_PIC_MALL_26,,
FITTING_ROOM_PIC_MALL_26,,
VIOLIN_PIC_STRINGS_27,,
GUITAR_PIC_STRINGS_27,,
CELLO_PIC_STRINGS_27,,
VIOLA_PIC_STRINGS_27,,
BANJO_PIC_STRINGS_27,,
HARP_PIC_STRINGS_27,,
UKULELE_PIC_STRINGS_27,,
MANDOLIN_PIC_STRINGS_27,,
NECKLACE_PIC_JEWELRY_28,,
EARRING_PIC_JEWELRY_28,,
DIAMOND_RING_PIC_JEWELRY_28,,
BRACELET_PIC_JEWELRY_28,,
ANKLET_PIC_JEWELRY_28,,
LOCKET_PIC_JEWELRY_28,,
DIADEM_PIC_JEWELRY_28,,
BROOCH_PIC_JEWELRY_28,,
DAISY_PIC_FLOWERS_29,,
LILY_PIC_FLOWERS_29,,
TULIP_PIC_FLOWERS_29,,
ROSE_PIC_FLOWERS_29,,
POPPY_PIC_FLOWERS_29,,
PEONY_PIC_FLOWERS_29,,
ASTER_PIC_FLOWERS_29,,
PANSY_PIC_FLOWERS_29,,
LIZARD_PIC_REPTILES_30,,
SNAKE_PIC_REPTILES_30,,
ALLIGATOR_PIC_REPTILES_30,,
GECKO_PIC_REPTILES_30,,
CHAMELEON_PIC_REPTILES_30,,
IGUANA_PIC_REPTILES_30,,
TURTLE_PIC_REPTILES_30,,
DINOSAUR_PIC_REPTILES_30,,
DIAMOND_PIC_GEMSTONE_31,,
RUBY_PIC_GEMSTONE_31,,
SAPPHIRE_PIC_GEMSTONE_31,,
EMERALD_PIC_GEMSTONE_31,,
CRYSTAL_PIC_GEMSTONE_31,,
GARNET_PIC_GEMSTONE_31,,
PERIDOT_PIC_GEMSTONE_31,,
OPAL_PIC_GEMSTONE_31,,
MOSQUITO_PIC_INSECTS_32,,
LADYBUG_PIC_INSECTS_32,,
MOTH_PIC_INSECTS_32,,
WASP_PIC_INSECTS_32,,
DRAGONFLY_PIC_INSECTS_32,,
ANT_PIC_INSECTS_32,,
CRICKET_PIC_INSECTS_32,,
MANTIS_PIC_INSECTS_32,,
BEAVER_PIC_RODENTS_33,,
MARMOT_PIC_RODENTS_33,,
NUTRIA_PIC_RODENTS_33,,
SQUIRREL_PIC_RODENTS_33,,
CAPYBARA_PIC_RODENTS_33,,
RAT_PIC_RODENTS_33,,
HAMSTER_PIC_RODENTS_33,,
GUINEA_PIG_PIC_RODENTS_33,,
COWBOY_HAT_PIC_WESTERN_34,,
COWBOY_BOOTS_PIC_WESTERN_34,,
LASSO_PIC_WESTERN_34,,
COWBOY_PIC_WESTERN_34,,
SHERIFF_PIC_WESTERN_34,,
BADGE_PIC_WESTERN_34,,
SALOON_PIC_WESTERN_34,,
CACTI_PIC_WESTERN_34,,
JOLLY_ROGER_PIC_PIRATE_35,,
PARROT_PIC_PIRATE_35,,
CUTLASS_PIC_PIRATE_35,,
CANNON_PIC_PIRATE_35,,
RUM_PIC_PIRATE_35,,
TREASURE_MAP_PIC_PIRATE_35,,
WOODEN_SHIP_S_WHEEL_PIC_PIRATE_35,,
TREASURE_CHEST_PIC_PIRATE_35,,
BUOY_PIC_BEACH_36,,
SEAGULL_PIC_BEACH_36,,
BAY_PIC_BEACH_36,,
SAND_PIC_BEACH_36,,
WAVES_PIC_BEACH_36,,
SHELLS_PIC_BEACH_36,,
BEACH_CHAIR_PIC_BEACH_36,,
BEACH_UMBRELLA_PIC_BEACH_36,,
PYRAMID_PIC_EGYPT_37,,
SPHINX_PIC_EGYPT_37,,
PHARAOH_S_MASK_PIC_EGYPT_37,,
MUMMY_PIC_EGYPT_37,,
SCARAB_PIC_EGYPT_37,,
NILE_RIVER_PIC_EGYPT_37,,
ANUBIS_PIC_EGYPT_37,,
HIEROGLYPHS_PIC_EGYPT_37,,
ASTRONAUT_PIC_SPACE_38,,
ROCKET_PIC_SPACE_38,,
UFO_PIC_SPACE_38,,
ALIEN_PIC_SPACE_38,,
SATURN_PIC_SPACE_38,,
SPACE_STATION_PIC_SPACE_38,,
GALAXY_PIC_SPACE_38,,
MARS_ROVER_PIC_SPACE_38,,
TUNA_PIC_SEA_FISH_39,,
MARLIN_PIC_SEA_FISH_39,,
COD_PIC_SEA_FISH_39,,
SARDINE_PIC_SEA_FISH_39,,
SHARK_PIC_SEA_FISH_39,,
SAWFISH_PIC_SEA_FISH_39,,
STINGRAY_PIC_SEA_FISH_39,,
CLOWNFISH_PIC_SEA_FISH_39,,
BALLOON_PIC_BIRTHDAY_40,,
CANDLE_PIC_BIRTHDAY_40,,
CAKE_PIC_BIRTHDAY_40,,
BOX_PIC_BIRTHDAY_40,,
CONFETTI_PIC_BIRTHDAY_40,,
BIRTHDAY_HAT_PIC_BIRTHDAY_40,,
PARTY_HORN_PIC_BIRTHDAY_40,,
BIRTHDAY_BANNER_PIC_BIRTHDAY_40,,
ELECTRIC_CAR_PIC_CHARGER_41,,
SMARTWATCH_PIC_CHARGER_41,,
LAPTOP_PIC_CHARGER_41,,
DIGITAL_CAMERA_PIC_CHARGER_41,,
POWER_BANK_PIC_CHARGER_41,,
ELECTRIC_TOOTHBRUSH_PIC_CHARGER_41,,
BLUETOOTH_HEADPHONES_PIC_CHARGER_41,,
DRONE_PIC_CHARGER_41,,
HELICOPTER_PIC_TRANSPORT_42,,
TRAIN_PIC_TRANSPORT_42,,
PLANE_PIC_TRANSPORT_42,,
TAXI_PIC_TRANSPORT_42,,
SCOOTER_PIC_TRANSPORT_42,,
DOUBLE_DECKER_BUS_PIC_TRANSPORT_42,,
MOTORBOAT_PIC_TRANSPORT_42,,
HOT_AIR_BALLOON_PIC_TRANSPORT_42,,
CAT_PIC_WHISKERS_43,,
DOG_PIC_WHISKERS_43,,
SEAL_PIC_WHISKERS_43,,
WALRUS_PIC_WHISKERS_43,,
OTTER_PIC_WHISKERS_43,,
SQUIRREL_PIC_WHISKERS_43,,
CATFISH_PIC_WHISKERS_43,,
LION_PIC_WHISKERS_43,,
BEEF_PIC_BURGER_44,,
BUN_PIC_BURGER_44,,
SAUCE_PIC_BURGER_44,,
CHEESE_PIC_BURGER_44,,
LETTUCE_PIC_BURGER_44,,
TOMATO_PIC_BURGER_44,,
PICKLE_PIC_BURGER_44,,
ONION_PIC_BURGER_44,,
SODA_PIC_DRINKS_45,,
ESPRESSO_PIC_DRINKS_45,,
LEMONADE_PIC_DRINKS_45,,
JUICE_PIC_DRINKS_45,,
TEA_PIC_DRINKS_45,,
MILK_PIC_DRINKS_45,,
BUBBLE_TEA_PIC_DRINKS_45,,
SPORTS_DRINK_PIC_DRINKS_45,,
CIRCLE_PIC_SHAPES_46,,
SQUARE_PIC_SHAPES_46,,
OVAL_PIC_SHAPES_46,,
OCTAGON_PIC_SHAPES_46,,
TRIANGLE_PIC_SHAPES_46,,
STAR_PIC_SHAPES_46,,
HEART_PIC_SHAPES_46,,
RHOMBUS_PIC_SHAPES_46,,
JEWELRY_PIC_LUXURY_47,,
WATCH_PIC_LUXURY_47,,
CLASSIC_HANDBAG_PIC_LUXURY_47,,
YACHT_PIC_LUXURY_47,,
PRIVATE_JET_PIC_LUXURY_47,,
SUPERCAR_PIC_LUXURY_47,,
ART_PAINTING_PIC_LUXURY_47,,
AMERICAN_EXPRESS_CENTURION_CARD_PIC_LUXURY_47,,
FOOL_PIC_TAROT_48,,
MOON_PIC_TAROT_48,,
MAGICIAN_PIC_TAROT_48,,
EMPRESS_PIC_TAROT_48,,
DEATH_PIC_TAROT_48,,
SUN_PIC_TAROT_48,,
STAR_PIC_TAROT_48,,
HANGED_MAN_PIC_TAROT_48,,
PACIFIER_PIC_BABIES_49,,
DIAPER_PIC_BABIES_49,,
RATTLE_PIC_BABIES_49,,
STROLLER_PIC_BABIES_49,,
BOTTLE_PIC_BABIES_49,,
BABY_BOWL_AND_SOFT_TIP_SPOON_PIC_BABIES_49,,
CRIB_PIC_BABIES_49,,
CAR_SEAT_PIC_BABIES_49,,
ROPE_PIC_SAILOR_50,,
FLAG_PIC_SAILOR_50,,
STORM_PIC_SAILOR_50,,
KNOT_PIC_SAILOR_50,,
SAILOR_HAT_PIC_SAILOR_50,,
SPYGLASS_PIC_SAILOR_50,,
SEXTANT_PIC_SAILOR_50,,
HARBOR_LIGHTHOUSE_PIC_SAILOR_50,,
GUM_PIC_CANDY_51,,
CHOCO_PIC_CANDY_51,,
FUDGE_PIC_CANDY_51,,
LOLLIPOP_PIC_CANDY_51,,
HARD_CANDY_PIC_CANDY_51,,
MARSHMALLOW_PIC_CANDY_51,,
TURKISH_DELIGHT_PIC_CANDY_51,,
COTTON_CANDY_PIC_CANDY_51,,
DOOR_PIC_KEYS_52,,
PADLOCK_PIC_KEYS_52,,
CAR_PIC_KEYS_52,,
SAFE_PIC_KEYS_52,,
SUITCASE_PIC_KEYS_52,,
STORAGE_LOCKER_PIC_KEYS_52,,
TREASURE_CHEST_PIC_KEYS_52,,
LOCKABLE_NOTEBOOK_PIC_KEYS_52,,
GRASS_PIC_LAWN_53,,
MOWER_PIC_LAWN_53,,
FOUR_LEAF_CLOVER_PIC_LAWN_53,,
SPRINKLER_PIC_LAWN_53,,
GARDENING_GLOVES_PIC_LAWN_53,,
LEAF_RAKE_PIC_LAWN_53,,
PICNIC_BLANKET_PIC_LAWN_53,,
FRISBEE_PIC_LAWN_53,,
CUBE_PIC_3D_54,,
SPHERE_PIC_3D_54,,
CONE_PIC_3D_54,,
TORUS_PIC_3D_54,,
SQUARE_PYRAMID_PIC_3D_54,,
CYLINDER_PIC_3D_54,,
OCTAHEDRON_PIC_3D_54,,
MOBIUS_STRIP_PIC_3D_54,,
BATS_PIC_VAMPIRE_55,,
FANGS_PIC_VAMPIRE_55,,
COFFIN_PIC_VAMPIRE_55,,
GARLIC_PIC_VAMPIRE_55,,
CAPE_PIC_VAMPIRE_55,,
CANDLE_AND_CANDLESTICK_PIC_VAMPIRE_55,,
GOTHIC_CASTLE_PIC_VAMPIRE_55,,
RED_ROSE_PIC_VAMPIRE_55,,
BIG_BEN_PIC_LANDMARK_56,,
STATUE_OF_LIBERTY_PIC_LANDMARK_56,,
COLOSSEUM_PIC_LANDMARK_56,,
PYRAMIDS_PIC_LANDMARK_56,,
GREAT_WALL_PIC_LANDMARK_56,,
EIFFEL_TOWER_PIC_LANDMARK_56,,
PARTHENON_PIC_LANDMARK_56,,
LEANING_TOWER_OF_PISA_PIC_LANDMARK_56,,
DUNES_PIC_DESERT_57,,
CACTI_PIC_DESERT_57,,
OASIS_PIC_DESERT_57,,
CAMEL_PIC_DESERT_57,,
LEATHER_WATER_CANTEEN_PIC_DESERT_57,,
GOGGLES_PIC_DESERT_57,,
FENNEC_FOX_PIC_DESERT_57,,
DESERT_TENT_PIC_DESERT_57,,
TEDDY_BEAR_PIC_TOYS_58,,
KITE_PIC_TOYS_58,,
LEGO_PIC_TOYS_58,,
GAMEPAD_PIC_TOYS_58,,
SPINNING_TOP_PIC_TOYS_58,,
JUMP_ROPE_PIC_TOYS_58,,
JIGSAW_PUZZLE_PIC_TOYS_58,,
BUILDING_BLOCKS_PIC_TOYS_58,,
EGGPLANT_PIC_PURPLE_59,,
VIOLET_PIC_PURPLE_59,,
PLUM_PIC_PURPLE_59,,
LAVENDER_PIC_PURPLE_59,,
PURPLE_GRAPES_PIC_PURPLE_59,,
PURPLE_MUG_PIC_PURPLE_59,,
AMETHYST_PIC_PURPLE_59,,
WISTERIA_PIC_PURPLE_59,,
BANANA_PIC_YELLOW_60,,
CORN_PIC_YELLOW_60,,
GOLD_PIC_YELLOW_60,,
CHEESE_PIC_YELLOW_60,,
RUBBER_DUCK_PIC_YELLOW_60,,
LEMON_PIC_YELLOW_60,,
YELLOW_GEMSTONE_PIC_YELLOW_60,,
YELLOW_ROSE_PIC_YELLOW_60,,
UMBRELLA_PIC_RAIN_61,,
RAINCOAT_PIC_RAIN_61,,
CLOUD_PIC_RAIN_61,,
PUDDLE_PIC_RAIN_61,,
RAIN_BOOTS_PIC_RAIN_61,,
LIGHTNING_PIC_RAIN_61,,
RAINBOW_PIC_RAIN_61,,
RAINY_WEATHER_ICON_PIC_RAIN_61,,
DUMBBELL_PIC_GYM_62,,
BARBELL_PIC_GYM_62,,
AIR_BIKE_PIC_GYM_62,,
KETTLEBELL_PIC_GYM_62,,
TREADMILL_PIC_GYM_62,,
EXERCISE_BALL_PIC_GYM_62,,
ELLIPTICAL_MACHINE_PIC_GYM_62,,
AB_ROLLER_PIC_GYM_62,,
SOCKS_PIC_PAIRS_63,,
TWINS_PIC_PAIRS_63,,
SKIS_PIC_PAIRS_63,,
GLOVES_PIC_PAIRS_63,,
SHOES_PIC_PAIRS_63,,
WINGS_PIC_PAIRS_63,,
EARBUDS_PIC_PAIRS_63,,
CHOPSTICKS_PIC_PAIRS_63,,
TENT_PIC_CAMPING_64,,
CAMPFIRE_PIC_CAMPING_64,,
HAMMOCK_PIC_CAMPING_64,,
SLEEPING_BAG_PIC_CAMPING_64,,
CAMP_CHAIR_PIC_CAMPING_64,,
CAMPING_LANTERN_PIC_CAMPING_64,,
MULTI_TOOL_PIC_CAMPING_64,,
INSECT_REPELLENT_PIC_CAMPING_64,,
CANDY_CANE_PIC_XMAS_65,,
CHRISTMAS_STOCKING_PIC_XMAS_65,,
SANTA_PIC_XMAS_65,,
CHRISTMAS_TREE_PIC_XMAS_65,,
FAIRY_LIGHTS_PIC_XMAS_65,,
REINDEER_PIC_XMAS_65,,
GINGERBREAD_HOUSE_PIC_XMAS_65,,
CHRISTMAS_GIFT_PIC_XMAS_65,,
STAMP_PIC_MAIL_66,,
PARCEL_PIC_MAIL_66,,
LETTER_PIC_MAIL_66,,
MAILBOX_PIC_MAIL_66,,
POSTMARK_PIC_MAIL_66,,
EMAIL_PIC_MAIL_66,,
CARRIER_PIGEON_PIC_MAIL_66,,
POSTMAN_PIC_MAIL_66,,
CHEF_S_HAT_PIC_CHEF_67,,
RESTAURANT_PIC_CHEF_67,,
DISH_PIC_CHEF_67,,
CHEF_S_JACKET_PIC_CHEF_67,,
PROFESSIONAL_OVEN_PIC_CHEF_67,,
CHEF_S_KNIFE_PIC_CHEF_67,,
WOK_PIC_CHEF_67,,
SPICE_JAR_PIC_CHEF_67,,
TV_PIC_SCREEN_68,,
LAPTOP_PIC_SCREEN_68,,
E_READER_PIC_SCREEN_68,,
SMARTPHONE_PIC_SCREEN_68,,
SMARTWATCH_PIC_SCREEN_68,,
HANDHELD_GAME_CONSOLE_PIC_SCREEN_68,,
MOVIE_SCREEN_PIC_SCREEN_68,,
CALCULATOR_PIC_SCREEN_68,,
STETHOSCOPE_PIC_TOOLS_69,,
WRENCH_PIC_TOOLS_69,,
PAINTBRUSH_PIC_TOOLS_69,,
GAVEL_PIC_TOOLS_69,,
MICROPHONE_PIC_TOOLS_69,,
HARD_HAT_PIC_TOOLS_69,,
TEACHING_POINTER_PIC_TOOLS_69,,
SCAPEL_PIC_TOOLS_69,,
STAPLER_PIC_SUPPLIES_70,,
TAPE_DISPENSER_PIC_SUPPLIES_70,,
PAPERCLIP_PIC_SUPPLIES_70,,
NOTEBOOK_PIC_SUPPLIES_70,,
RUBBER_STAMP_PIC_SUPPLIES_70,,
FILE_FOLDER_PIC_SUPPLIES_70,,
PENCIL_PIC_SUPPLIES_70,,
CALCULATOR_PIC_SUPPLIES_70,,
BOWL_PIC_UTENSILS_71,,
PLATE_PIC_UTENSILS_71,,
CHOPSTICKS_PIC_UTENSILS_71,,
SPOON_PIC_UTENSILS_71,,
FORK_PIC_UTENSILS_71,,
CUP_PIC_UTENSILS_71,,
DINNER_KNIFE_PIC_UTENSILS_71,,
PLACEMAT_PIC_UTENSILS_71,,
CANVAS_PIC_ARTS_72,,
PALETTE_PIC_ARTS_72,,
SCULPTURE_PIC_ARTS_72,,
CAMERA_PIC_ARTS_72,,
FILM_PIC_ARTS_72,,
SHEET_MUSIC_PIC_ARTS_72,,
STAGE_CURTAIN_PIC_ARTS_72,,
MASK_PIC_ARTS_72,,
COMPASS_PIC_SURVIVAL_73,,
FLASHLIGHT_PIC_SURVIVAL_73,,
TENT_PIC_SURVIVAL_73,,
MATCHES_PIC_SURVIVAL_73,,
MULTI_TOOL_PIC_SURVIVAL_73,,
WATER_BOTTLE_PIC_SURVIVAL_73,,
ROPE_PIC_SURVIVAL_73,,
FIRST_AID_KIT_PIC_SURVIVAL_73,,
FLOUR_PIC_BAKING_74,,
EGGS_PIC_BAKING_74,,
SUGAR_PIC_BAKING_74,,
BUTTER_PIC_BAKING_74,,
YEAST_PIC_BAKING_74,,
CHOCOLATE_CHIPS_PIC_BAKING_74,,
VANILLA_EXTRACT_PIC_BAKING_74,,
CREAM_PIC_BAKING_74,,
THERMOMETER_PIC_MEDICAL_75,,
MASK_PIC_MEDICAL_75,,
SYRINGE_PIC_MEDICAL_75,,
PILLS_PIC_MEDICAL_75,,
BANDAGE_PIC_MEDICAL_75,,
WHEELCHAIR_PIC_MEDICAL_75,,
BLOOD_PRESSURE_MONITOR_PIC_MEDICAL_75,,
FIRST_AID_KIT_PIC_MEDICAL_75,,
REUSABLE_BAG_PIC_ECO_ITEMS_76,,
BIODEGRADABLE_UTENSILS_PIC_ECO_ITEMS_76,,
SOLAR_PANEL_PIC_ECO_ITEMS_76,,
WINDMILL_PIC_ECO_ITEMS_76,,
RECYCLING_BIN_PIC_ECO_ITEMS_76,,
BICYCLE_PIC_ECO_ITEMS_76,,
WATER_SAVING_FAUCET_PIC_ECO_ITEMS_76,,
LED_LIGHT_PIC_ECO_ITEMS_76,,
WALL_CLOCK_PIC_DECOR_77,,
PHOTO_FRAME_PIC_DECOR_77,,
RUG_PIC_DECOR_77,,
VASE_PIC_DECOR_77,,
WALL_ART_PIC_DECOR_77,,
CURTAINS_PIC_DECOR_77,,
THROW_PILLOW_PIC_DECOR_77,,
SCENTED_CANDLE_PIC_DECOR_77,,
SURFBOARD_PIC_AQUATICS_78,,
DIVING_MASK_PIC_AQUATICS_78,,
KAYAK_PIC_AQUATICS_78,,
LIFE_RING_PIC_AQUATICS_78,,
WETSUIT_PIC_AQUATICS_78,,
SAILBOAT_PIC_AQUATICS_78,,
PADDLEBOARD_PIC_AQUATICS_78,,
LIFE_JACKET_PIC_AQUATICS_78,,
CHECKMARK_PIC_ICONS_79,,
CROSS_PIC_ICONS_79,,
CIRCLE_PIC_ICONS_79,,
ARROW_PIC_ICONS_79,,
HEART_PIC_ICONS_79,,
STAR_PIC_ICONS_79,,
LOCK_ICON_PIC_ICONS_79,,
ENVELOPE_ICON_PIC_ICONS_79,,
JACK_O_LANTERN_PIC_HALLOWEEN_80,,
GHOST_PIC_HALLOWEEN_80,,
BAT_PIC_HALLOWEEN_80,,
BLACK_CAT_PIC_HALLOWEEN_80,,
WITCH_HAT_PIC_HALLOWEEN_80,,
SPIDER_WEB_PIC_HALLOWEEN_80,,
CANDY_BUCKET_PIC_HALLOWEEN_80,,
SKELETON_PIC_HALLOWEEN_80,,
