id,basic_card_name_en,fr-FR
DOG_WORD_PETS_2,Dog,Chien
HAMSTER_WORD_PETS_2,Hamster,Hamster
CAT_WORD_PETS_2,Cat,Chat
PARROT_WORD_PETS_2,Parrot,Perroquet
HOT_DOG_WORD_FOOD_3,Hot dog,Hot-dog
PIZZA_WORD_FOOD_3,Pizza,Pizza
BURGER_WORD_FOOD_3,Burger,Hamburger
FRIES_WORD_FOOD_3,Fries,Frites
PEONY_WORD_FLOWERS_4,Peony,Pivoine
LILY_WORD_FLOWERS_4,Lily,Lys
ROSE_WORD_FLOWERS_4,Rose,Rose
TULIP_WORD_FLOWERS_4,Tulip,Tulipe
WESTERN_WORD_CINEMA_6,Western,Western
DRAMA_WORD_CINEMA_6,Drama,Drame
COMEDY_WORD_CINEMA_6,Comedy,Comédie
HORROR_WORD_CINEMA_6,Horror,Horreur
POPCORN_WORD_CINEMA_6,Action,Action
TICKET_WORD_CINEMA_6,Romance,Romance
BEEF_WORD_BURGER_8,Beef,Bœuf
BUN_WORD_BURGER_8,Bun,Pain
SAUCE_WORD_BURGER_8,Sauce,Sauce
CHEESE_WORD_BURGER_8,Cheese,Fromage
PAGE_WORD_BOOK_9,Page,Page
PAPER_WORD_BOOK_9,Paper,Papier
COVER_WORD_BOOK_9,Cover,Couverture
ASIA_WORD_LANDMASS_10,Asia,Asie
AFRICA_WORD_LANDMASS_10,Africa,Afrique
EUROPE_WORD_LANDMASS_10,Europe,Europe
SODA_WORD_DRINKS_16,Soda,Soda
ESPRESSO_WORD_DRINKS_16,Espresso,Espresso
LEMONADE_WORD_DRINKS_16,Lemonade,Limonade
JUICE_WORD_DRINKS_16,Juice,Jus
PAWN_WORD_CHESS_17,Pawn,Pion
ROOK_WORD_CHESS_17,Rook,Tour
BISHOP_WORD_CHESS_17,Bishop,Fou
QUEEN_WORD_CHESS_17,Queen,Reine
SPRING_WORD_SEASONS_18,Spring,Printemps
AUTUMN_WORD_SEASONS_18,Autumn,Automne
WINTER_WORD_SEASONS_18,Winter,Hiver
SUMMER_WORD_SEASONS_18,Summer,Été
ROD_WORD_FISHING_20,Rod,Canne
BOBBER_WORD_FISHING_20,Bobber,Bouchon
BAIT_WORD_FISHING_20,Bait,Appât
JAMAICA_WORD_ISLANDS_21,Jamaica,Jamaïque
ICELAND_WORD_ISLANDS_21,Iceland,Islande
SICILY_WORD_ISLANDS_21,Sicily,Sicile
HAWAII_WORD_ISLANDS_21,Hawaii,Hawaï
BALI_WORD_ISLANDS_21,Bali,Bali
IBIZA_WORD_ISLANDS_21,Ibiza,Ibiza
CRETE_WORD_ISLANDS_21,Crete,Crète
BARBADOS_WORD_ISLANDS_21,Barbados,Barbade
RUMBA_WORD_DANCES_24,Rumba,Rumba
TANGO_WORD_DANCES_24,Tango,Tango
SALSA_WORD_DANCES_24,Salsa,Salsa
WALTZ_WORD_DANCES_24,Waltz,Valse
SAMBA_WORD_DANCES_24,Samba,Samba
FLAMENCO_WORD_DANCES_24,Flamenco,Flamenco
MOSQUITO_WORD_INSECTS_25,Mosquito,Moustique
LADYBUG_WORD_INSECTS_25,Ladybug,Coccinelle
MOTH_WORD_INSECTS_25,Moth,Papillon de nuit
WASP_WORD_INSECTS_25,Wasp,Guêpe
DRAGONFLY_WORD_INSECTS_25,Dragonfly,Libellule
ANT_WORD_INSECTS_25,Ant,Fourmi
METAL_WORD_MATERIAL_27,Metal,Métal
GLASS_WORD_MATERIAL_27,Glass,Verre
PLASTIC_WORD_MATERIAL_27,Plastic,Plastique
STONE_WORD_MATERIAL_27,Stone,Pierre
TERMINAL_WORD_AIRPORT_29,Terminal,Terminal
RUNWAY_WORD_AIRPORT_29,Runway,Piste
GATE_WORD_AIRPORT_29,Gate,Porte
CREAM_WORD_DAIRY_30,Cream,Crème
BUTTER_WORD_DAIRY_30,Butter,Beurre
YOGURT_WORD_DAIRY_30,Yogurt,Yaourt
GOLDFISH_WORD_FISH_31,Goldfish,Poisson rouge
TUNA_WORD_FISH_31,Tuna,Thon
MARLIN_WORD_FISH_31,Marlin,Marlin
SARDINE_WORD_FISH_31,Sardine,Sardine
EEL_WORD_FISH_31,Eel,Anguille
MACKEREL_WORD_FISH_31,Mackerel,Maquereau
GROUPER_WORD_FISH_31,Grouper,Mérou
PERCH_WORD_FISH_31,Perch,Perche
ITALY_WORD_MAP_32,Italy,Italie
INDIA_WORD_MAP_32,India,Inde
AUSTRALIA_WORD_MAP_32,Australia,Australie
FRANCE_WORD_MAP_32,France,France
USA_WORD_MAP_32,USA,É.-U.
UK_WORD_MAP_32,UK,R.-U.
CYPRUS_WORD_MAP_32,Cyprus,Chypre
JAPAN_WORD_MAP_32,Japan,Japon
ARMOR_WORD_KNIGHT_34,Armor,Armure
HELMET_WORD_KNIGHT_34,Helmet,Heaume
SHIELD_WORD_KNIGHT_34,Shield,Bouclier
WEAPON_WORD_KNIGHT_34,Weapon,Arme
DESTRIER_WORD_KNIGHT_34,Destrier,Destrier
CHIVALRY_WORD_KNIGHT_34,Chivalry,Chevalerie
SHOOTER_WORD_GAMER_36,Shooter,Tir
ARCADE_WORD_GAMER_36,Arcade,Arcade
STRATEGY_WORD_GAMER_36,Strategy,Stratégie
SCORE_WORD_GAMER_36,Score,Score
DRYER_WORD_DEVICE_38,Dryer,Sèche-linge
PRINTER_WORD_DEVICE_38,Printer,Imprimante
FAX_WORD_DEVICE_38,Fax,Fax
HEATER_WORD_DEVICE_38,Heater,Chauffage
MANSION_WORD_HOUSE_40,Mansion,Manoir
PALACE_WORD_HOUSE_40,Palace,Palais
VILLA_WORD_HOUSE_40,Villa,Villa
PILOT_WORD_JOBS_42,Pilot,Pilote
MAILMAN_WORD_JOBS_42,Mailman,Facteur
DOCTOR_WORD_JOBS_42,Doctor,Médecin
WELDER_WORD_JOBS_42,Welder,Soudeur
ENGINEER_WORD_JOBS_42,Engineer,Ingénieur
PLUMBER_WORD_JOBS_42,Plumber,Plombier
ACTOR_WORD_JOBS_42,Actor,Acteur
NURSE_WORD_JOBS_42,Nurse,Infirmière
SANDALS_WORD_FOOTWEAR_46,Sandals,Sandales
UGGS_WORD_FOOTWEAR_46,Uggs,Uggs
SLIPPERS_WORD_FOOTWEAR_46,Slippers,Pantoufles
CLOGS_WORD_FOOTWEAR_46,Clogs,Sabots
LOAFERS_WORD_FOOTWEAR_46,Loafers,Mocassins
SNEAKERS_WORD_FOOTWEAR_46,Sneakers,Baskets
CAR_WORD_DRIVING_49,Car,Voiture
ROAD_WORD_DRIVING_49,Road,Route
SIGN_WORD_DRIVING_49,Sign,Panneau
TRAFFIC_WORD_DRIVING_49,Traffic,Circulation
VESPUCCI_WORD_EXPLORER_51,Vespucci,Vespucci
MAGELLAN_WORD_EXPLORER_51,Magellan,Magellan
COLUMBUS_WORD_EXPLORER_51,Columbus,Colomb
KICK_WORD_MOVEMENT_52,Kick,Coup de pied
WALK_WORD_MOVEMENT_52,Walk,Marcher
JUMP_WORD_MOVEMENT_52,Jump,Sauter
SOLID_WORD_PHASE_57,Solid,Solide
LIQUID_WORD_PHASE_57,Liquid,Liquide
GAS_WORD_PHASE_57,Gas,Gaz
COMFY_WORD_COZY_58,Comfy,Confortable
WARM_WORD_COZY_58,Warm,Chaud
SNUG_WORD_COZY_58,Snug,Douillet
ARIES_WORD_ZODIAC_59,Aries,Bélier
TAURUS_WORD_ZODIAC_59,Taurus,Taureau
GEMINI_WORD_ZODIAC_59,Gemini,Gémeaux
LEO_WORD_ZODIAC_59,Leo,Lion
VIRGO_WORD_ZODIAC_59,Virgo,Vierge
LIBRA_WORD_ZODIAC_59,Libra,Balance
SCORPIO_WORD_ZODIAC_59,Scorpio,Scorpion
PISCES_WORD_ZODIAC_59,Pisces,Poissons
FRIGATE_WORD_SHIP_62,Frigate,Frégate
CARAVEL_WORD_SHIP_62,Caravel,Caravelle
GALLEON_WORD_SHIP_62,Galleon,Galion
BRIG_WORD_SHIP_62,Brig,Brick
TANKER_WORD_SHIP_62,Tanker,Pétrolier
TUGBOAT_WORD_SHIP_62,Tugboat,Remorqueur
STAMP_WORD_MAILMAN_63,Stamp,Timbre
ENVELOPE_WORD_MAILMAN_63,Envelope,Enveloppe
LETTER_WORD_MAILMAN_63,Letter,Lettre
MAIL_WORD_MAILMAN_63,Mail,Courrier
SEAL_WORD_MAILMAN_63,Seal,Cachet
INK_WORD_MAILMAN_63,Ink,Encre
BUST_WORD_SCULPT_64,Bust,Buste
FIGURINE_WORD_SCULPT_64,Figurine,Figurine
STATUE_WORD_SCULPT_64,Statue,Statue
MONUMENT_WORD_SCULPT_64,Monument,Monument
ENGLISH_WORD_LANGUAGE_70,English,Anglais
ITALIAN_WORD_LANGUAGE_70,Italian,Italien
HINDI_WORD_LANGUAGE_70,Hindi,Hindi
JAPANESE_WORD_LANGUAGE_70,Japanese,Japonais
HEBREW_WORD_LANGUAGE_70,Hebrew,Hébreu
DANISH_WORD_LANGUAGE_70,Danish,Danois
LATIN_WORD_LANGUAGE_70,Latin,Latin
POLISH_WORD_LANGUAGE_70,Polish,Polonais
LENS_WORD_CAMERA_73,Lens,Objectif
FLASH_WORD_CAMERA_73,Flash,Flash
ZOOM_WORD_CAMERA_73,Zoom,Zoom
FILTER_WORD_CAMERA_73,Filter,Filtre
SHUTTER_WORD_CAMERA_73,Shutter,Obturateur
EXPOSURE_WORD_CAMERA_73,Exposure,Exposition
MIST_WORD_FOG_76,Mist,Brume
HAZE_WORD_FOG_76,Haze,Brouillard
SMOG_WORD_FOG_76,Smog,Smog
VAPOR_WORD_FOG_76,Vapor,Vapeur
SLEET_WORD_SNOW_77,Sleet,Grésil
FLAKE_WORD_SNOW_77,Flake,Flocon
ICEBERG_WORD_SNOW_77,Frost,Givre
HEDGEHOG_WORD_SPIKY_78,Hedgehog,Hérisson
CACTUS_WORD_SPIKY_78,Cactus,Cactus
DURIAN_WORD_SPIKY_78,Durian,Durian
DOVE_WORD_BIRDS_80,Dove,Colombe
EAGLE_WORD_BIRDS_80,Eagle,Aigle
SWAN_WORD_BIRDS_80,Swan,Cygne
OWL_WORD_BIRDS_80,Owl,Hibou
HERON_WORD_BIRDS_80,Heron,Héron
ROBIN_WORD_BIRDS_80,Robin,Rouge-gorge
FINCH_WORD_BIRDS_80,Finch,Pinson
VULTURE_WORD_BIRDS_80,Vulture,Vautour
SARTRE_WORD_MINDS_82,Sartre,Sartre
DANTE_WORD_MINDS_82,Dante,Dante
PLATO_WORD_MINDS_82,Plato,Platon
SOCRATES_WORD_MINDS_82,Socrates,Socrate
GALILEO_WORD_MINDS_82,Galileo,Galilée
KANT_WORD_MINDS_82,Kant,Kant
PUCK_WORD_HOCKEY_86,Puck,Palet
PENALTY_WORD_HOCKEY_86,Penalty,Pénalité
GOAL_WORD_HOCKEY_86,Goal,But
RINK_WORD_HOCKEY_86,Rink,Patinoire
COUPLE_WORD_DATE_87,Couple,Couple
TUXEDO_WORD_DATE_87,Wine,Vin
FLOWERS_WORD_DATE_87,Flowers,Fleurs
TEETH_WORD_SAW_88,Teeth,Dents
BLADE_WORD_SAW_88,Blade,Lame
NOTCH_WORD_SAW_88,Notch,Encoche
OLDMAN_WORD_ACTOR_89,Oldman,Oldman
PITT_WORD_ACTOR_89,Pitt,Pitt
EASTWOOD_WORD_ACTOR_89,Eastwood,Eastwood
HANKS_WORD_ACTOR_89,Hanks,Hanks
CROWE_WORD_ACTOR_89,Crowe,Crowe
CRUISE_WORD_ACTOR_89,Cruise,Cruise
DICAPRIO_WORD_ACTOR_89,DiCaprio,DiCaprio
WAHLBERG_WORD_ACTOR_89,Wahlberg,Wahlberg
MERCURY_WORD_PLANET_90,Mercury,Mercure
JUPITER_WORD_PLANET_90,Jupiter,Jupiter
SATURN_WORD_PLANET_90,Saturn,Saturne
URANUS_WORD_PLANET_90,Uranus,Uranus
NEPTUNE_WORD_PLANET_90,Neptune,Neptune
MARS_WORD_PLANET_90,Mars,Mars
EARTH_WORD_PLANET_90,Earth,Terre
VENUS_WORD_PLANET_90,Venus,Vénus
BIOLOGY_WORD_LESSONS_94,Biology,Biologie
PHYSICS_WORD_LESSONS_94,Physics,Physique
GEOMETRY_WORD_LESSONS_94,Geometry,Géométrie
ALGEBRA_WORD_LESSONS_94,Algebra,Algèbre
HISTORY_WORD_LESSONS_94,History,Histoire
CALCULUS_WORD_LESSONS_94,Calculus,Calcul
TABLETS_WORD_PILLS_99,Tablets,Comprimés
CAPSULES_WORD_PILLS_99,Capsules,Gélules
LOZENGES_WORD_PILLS_99,Lozenges,Pastilles
CLOUDS_WORD_RAINY_100,Clouds,Nuages
SHOWERS_WORD_RAINY_100,Showers,Averses
PUDDLES_WORD_RAINY_100,Puddles,Flaques
CIABATTA_WORD_BREADS_102,Ciabatta,Ciabatta
BAGUETTE_WORD_BREADS_102,Baguette,Baguette
FOCACCIA_WORD_BREADS_102,Focaccia,Focaccia
PITA_WORD_BREADS_102,Pita,Pita
CHALLAH_WORD_BREADS_102,Challah,Hallah
TORTILLA_WORD_BREADS_102,Tortilla,Tortilla
BRIOCHE_WORD_BREADS_102,Brioche,Brioche
AREPA_WORD_BREADS_102,Arepa,Arepa
GYRUS_WORD_BRAIN_106,Gyrus,Gyrus
CORTEX_WORD_BRAIN_106,Cortex,Cortex
LOBE_WORD_BRAIN_106,Lobe,Lobe
HYDROGEN_WORD_ELEMENTS_107,Hydrogen,Hydrogène
NITROGEN_WORD_ELEMENTS_107,Nitrogen,Azote
SULFUR_WORD_ELEMENTS_107,Sulfur,Soufre
CARBON_WORD_ELEMENTS_107,Carbon,Carbone
SODIUM_WORD_ELEMENTS_107,Sodium,Sodium
SILICON_WORD_ELEMENTS_107,Silicon,Silicium
IODINE_WORD_ELEMENTS_107,Iodine,Iode
OXYGEN_WORD_ELEMENTS_107,Oxygen,Oxygène
BRIE_WORD_CHEESE_108,Brie,Brie
FETA_WORD_CHEESE_108,Feta,Feta
GOUDA_WORD_CHEESE_108,Gouda,Gouda
CHEDDAR_WORD_CHEESE_108,Cheddar,Cheddar
PARMESAN_WORD_CHEESE_108,Parmesan,Parmesan
RICOTTA_WORD_CHEESE_108,Ricotta,Ricotta
EDAM_WORD_CHEESE_108,Edam,Edam
DORBLU_WORD_CHEESE_108,Swiss,Suisse
WORKOUT_WORD_FITNESS_110,Workout,Entraînement
YOGA_WORD_FITNESS_110,Yoga,Yoga
PILATES_WORD_FITNESS_110,Pilates,Pilates
JOGGING_WORD_FITNESS_110,Jogging,Jogging
GYM_WORD_FITNESS_110,Gym,Salle de sport
CARDIO_WORD_FITNESS_110,Cardio,Cardio
BICEPS_WORD_MUSCLES_112,Biceps,Biceps
DELTOIDS_WORD_MUSCLES_112,Deltoids,Deltoïdes
ABS_WORD_MUSCLES_112,Abs,Abdominaux
TRICEPS_WORD_MUSCLES_112,Triceps,Triceps
SCARAB_WORD_EGYPT_114,Scarab,Scarabée
PHARAOH_WORD_EGYPT_114,Pharaoh,Pharaon
PAPYRUS_WORD_EGYPT_114,Papyrus,Papyrus
PYRAMID_WORD_EGYPT_114,Pyramid,Pyramide
MULBERRY_WORD_BERRY_116,Mulberry,Mûre
BILBERRY_WORD_BERRY_116,Bilberry,Myrtille
BARBERRY_WORD_BERRY_116,Barberry,Épine-vinette
ATHENS_WORD_CAPITALS_119,Athens,Athènes
PRAGUE_WORD_CAPITALS_119,Prague,Prague
MADRID_WORD_CAPITALS_119,Madrid,Madrid
RIYADH_WORD_CAPITALS_119,Riyadh,Riyad
OTTAWA_WORD_CAPITALS_119,Ottawa,Ottawa
ROME_WORD_CAPITALS_119,Rome,Rome
OSLO_WORD_CAPITALS_119,Oslo,Oslo
CAIRO_WORD_CAPITALS_119,Cairo,Le Caire
POWDER_WORD_MAKEUP_120,Powder,Poudre
SPONGE_WORD_MAKEUP_120,Sponge,Éponge
PALETTE_WORD_MAKEUP_120,Palette,Palette
SERUM_WORD_MAKEUP_120,Serum,Sérum
PEEL_WORD_MAKEUP_120,Peel,Exfoliant
BLUSH_WORD_MAKEUP_120,Blush,Blush
SAVATE_WORD_COMBAT_121,Savate,Savate
JUDO_WORD_COMBAT_121,Judo,Judo
KARATE_WORD_COMBAT_121,Karate,Karaté
KUNG_FU_WORD_COMBAT_121,Kung fu,Kung-fu
SUMO_WORD_COMBAT_121,Sumo,Sumo
SILAT_WORD_COMBAT_121,Silat,Silat
CHORDS_WORD_GUITAR_122,Chords,Accords
PICKUPS_WORD_GUITAR_122,Pickups,Micros
STRINGS_WORD_GUITAR_122,Strings,Cordes
RIFFS_WORD_GUITAR_122,Riffs,Riffs
POINTE_WORD_BALLET_125,Pointe,Pointes
TUTU_WORD_BALLET_125,Tutu,Tutu
BARRE_WORD_BALLET_125,Barre,Barre
ALLIANCE_WORD_UNITE_126,Alliance,Alliance
LEAGUE_WORD_UNITE_126,League,Ligue
UNION_WORD_UNITE_126,Union,Union
JEWELRY_WORD_LUXURY_133,Jewelry,Bijoux
WATCH_WORD_LUXURY_133,Watch,Montre
CAVIAR_WORD_LUXURY_133,Caviar,Caviar
YACHT_WORD_LUXURY_133,Yacht,Yacht
SAVANNA_WORD_BIOMES_135,Savanna,Savane
TUNDRA_WORD_BIOMES_135,Tundra,Toundra
TAIGA_WORD_BIOMES_135,Taiga,Taïga
SRIRACHA_WORD_SPICY_136,Sriracha,Sriracha
WASABI_WORD_SPICY_136,Wasabi,Wasabi
HABANERO_WORD_SPICY_136,Habanero,Habanero
COCKPIT_WORD_PLANE_139,Cockpit,Cockpit
SEATBELT_WORD_PLANE_139,Seatbelt,Ceinture
WINGS_WORD_PLANE_139,Wings,Ailes
ENGINE_WORD_PLANE_139,Engine,Moteur
RUDDER_WORD_PLANE_139,Rudder,Gouvernail
FUSELAGE_WORD_PLANE_139,Fuselage,Fuselage
AILERON_WORD_PLANE_139,Aileron,Aileron
FLY_WORD_PLANE_139,Fly,Voler
BEAVER_WORD_RODENTS_141,Beaver,Castor
MARMOT_WORD_RODENTS_141,Marmot,Marmotte
NUTRIA_WORD_RODENTS_141,Nutria,Ragondin
SQUIRREL_WORD_RODENTS_141,Squirrel,Écureuil
CAPYBARA_WORD_RODENTS_141,Capybara,Capybara
RAT_WORD_RODENTS_141,Rat,Rat
SOLAR_WORD_ENERGY_145,Solar,Solaire
NUCLEAR_WORD_ENERGY_145,Nuclear,Nucléaire
KINETIC_WORD_ENERGY_145,Kinetic,Cinétique
THERMAL_WORD_ENERGY_145,Thermal,Thermique
ESSAY_WORD_ARTICLES_147,Essay,Essai
REVIEW_WORD_ARTICLES_147,Review,Critique
OPINION_WORD_ARTICLES_147,Opinion,Opinion
TSUNAMI_WORD_DISASTER_148,Tsunami,Tsunami
TORNADO_WORD_DISASTER_148,Tornado,Tornade
FLOOD_WORD_DISASTER_148,Flood,Inondation
GORILLA_WORD_PRIMATES_149,Gorilla,Gorille
GIBBON_WORD_PRIMATES_149,Gibbon,Gibbon
BABOON_WORD_PRIMATES_149,Baboon,Babouin
LEMUR_WORD_PRIMATES_149,Lemur,Lémurien
MACAQUE_WORD_PRIMATES_149,Macaque,Macaque
SIMIAN_WORD_PRIMATES_149,Simian,Simien
MANDRILL_WORD_PRIMATES_149,Mandrill,Mandrill
TARSIER_WORD_PRIMATES_149,Tarsier,Tarsier
PYTHON_WORD_CODING_150,Python,Python
JAVA_WORD_CODING_150,Java,Java
RUBY_WORD_CODING_150,Ruby,Ruby
SWIFT_WORD_CODING_150,Swift,Swift
SCRIPT_WORD_CODING_150,Script,Script
PHP_WORD_CODING_150,PHP,PHP
SQL_WORD_CODING_150,SQL,SQL
BUGS_WORD_CODING_150,Bugs,Bugs
LYRICS_WORD_RAP_151,Lyrics,Paroles
VERSE_WORD_RAP_151,Verse,Couplet
RHYME_WORD_RAP_151,Rhyme,Rime
PUNCH_WORD_RAP_151,Punch,Punchline
NIAGARA_WORD_WATER_152,Niagara,Niagara
VICTORIA_WORD_WATER_152,Victoria,Victoria
YOSEMITE_WORD_WATER_152,Yosemite,Yosemite
HAVASU_WORD_WATER_152,Havasu,Havasu
YO_YO_WORD_TOYS_154,Yo-yo,Yo-yo
SPINNER_WORD_TOYS_154,Spinner,Toupie
DOLL_WORD_TOYS_154,Doll,Poupée
SERGEANT_WORD_ARMY_156,Sergeant,Sergent
MAJOR_WORD_ARMY_156,Major,Commandant
GENERAL_WORD_ARMY_156,General,Général
COLONEL_WORD_ARMY_156,Colonel,Colonel
PRIVATE_WORD_ARMY_156,Private,Soldat
CORPORAL_WORD_ARMY_156,Corporal,Caporal
CAPTAIN_WORD_ARMY_156,Captain,Capitaine
RANK_WORD_ARMY_156,Rank,Grade
ZEN_WORD_MEDITATE_160,Zen,Zen
BREATH_WORD_MEDITATE_160,Breath,Souffle
PEACE_WORD_MEDITATE_160,Peace,Paix
MANTRA_WORD_MEDITATE_160,Mantra,Mantra
FAMOUS_WORD_FAME_161,Famous,Célèbre
ICONIC_WORD_FAME_161,Iconic,Iconique
POPULAR_WORD_FAME_161,Popular,Populaire
RENOWN_WORD_FAME_161,Renown,Renom
SYNTAX_WORD_LINGUIST_162,Syntax,Syntaxe
POLYGLOT_WORD_LINGUIST_162,Polyglot,Polyglotte
GRAMMAR_WORD_LINGUIST_162,Grammar,Grammaire
SCHOLAR_WORD_LINGUIST_162,Scholar,Érudit
EASTER_WORD_HOLIDAY_163,Easter,Pâques
NEW_YEAR_WORD_HOLIDAY_163,New Year,Nouvel An
FLAG_DAY_WORD_HOLIDAY_163,Flag Day,Fête du drapeau
DUMBBELL_WORD_GYM_164,Dumbbell,Haltère
BARBELL_WORD_GYM_164,Barbell,Barre
AIR_BIKE_WORD_GYM_164,Air bike,Vélo d'air
PERICLES_WORD_WILLIAM_165,Pericles,Périclès
MACBETH_WORD_WILLIAM_165,Macbeth,Macbeth
HAMLET_WORD_WILLIAM_165,Hamlet,Hamlet
OTHELLO_WORD_WILLIAM_165,Othello,Othello
JULIET_WORD_WILLIAM_165,Juliet,Juliette
ROMEO_WORD_WILLIAM_165,Romeo,Roméo
TEMPEST_WORD_WILLIAM_165,Tempest,Tempête
HENRY_V_WORD_WILLIAM_165,Henry V,Henri V
WOLF_WORD_CANINES_168,Wolf,Loup
COYOTE_WORD_CANINES_168,Coyote,Coyote
DINGO_WORD_CANINES_168,Dingo,Dingo
JACKAL_WORD_CANINES_168,Jackal,Chacal
FOX_WORD_CANINES_168,Fox,Renard
DHOLE_WORD_CANINES_168,Dhole,Dhole
HARVARD_WORD_STUDIES_169,Harvard,Harvard
STANFORD_WORD_STUDIES_169,Stanford,Stanford
OXFORD_WORD_STUDIES_169,Oxford,Oxford
YALE_WORD_STUDIES_169,Yale,Yale
SORBONNE_WORD_STUDIES_169,Sorbonne,Sorbonne
MIT_WORD_STUDIES_169,MIT,MIT
LEMON_WORD_CITRUS_173,Lemon,Citron
LIME_WORD_CITRUS_173,Lime,Citron vert
POMELO_WORD_CITRUS_173,Pomelo,Pomelo
GLIDER_WORD_AIRCRAFT_174,Glider,Planeur
JETLINER_WORD_AIRCRAFT_174,Jetliner,Avion à réaction
AIRPLANE_WORD_AIRCRAFT_174,Airplane,Avion
MERLOT_WORD_GRAPE_177,Merlot,Merlot
RIESLING_WORD_GRAPE_177,Riesling,Riesling
SHIRAZ_WORD_GRAPE_177,Shiraz,Shiraz
GRENACHE_WORD_GRAPE_177,Grenache,Grenache
MUSCAT_WORD_GRAPE_177,Muscat,Muscat
MALBEC_WORD_GRAPE_177,Malbec,Malbec
AMANITA_WORD_MUSHROOM_178,Amanita,Amanite
PORCINI_WORD_MUSHROOM_178,Porcini,Cèpe
RUSSULA_WORD_MUSHROOM_178,Russula,Russule
TRUFFLE_WORD_MUSHROOM_178,Truffle,Truffe
ENOKI_WORD_MUSHROOM_178,Enoki,Enoki
SHIITAKE_WORD_MUSHROOM_178,Shiitake,Shiitaké
WALRUS_WORD_ARCTIC_180,Walrus,Morse
POLAR_BEAR_WORD_ARCTIC_180,Polar bear,Ours polaire
SNOWY_OWL_WORD_ARCTIC_180,Snowy owl,Harfang
REINDEER_WORD_ARCTIC_180,Reindeer,Renne
PIT_STOP_WORD_RACING_182,Pit stop,Arrêt au stand
FINISH_WORD_RACING_182,Finish,Arrivée
SPEEDWAY_WORD_RACING_182,Speedway,Circuit
ASSIST_WORD_HELP_183,Assist,Aider
SUPPORT_WORD_HELP_183,Support,Soutenir
DONATE_WORD_HELP_183,Donate,Donner
OPAL_WORD_GEMSTONE_186,Opal,Opale
RUBY_WORD_GEMSTONE_186,Ruby,Rubis
TOPAZ_WORD_GEMSTONE_186,Topaz,Topaze
SAPPHIRE_WORD_GEMSTONE_186,Sapphire,Saphir
GARNET_WORD_GEMSTONE_186,Garnet,Grenat
DIAMOND_WORD_GEMSTONE_186,Diamond,Diamant
ONYX_WORD_GEMSTONE_186,Onyx,Onyx
AGATE_WORD_GEMSTONE_186,Agate,Agate
ORION_WORD_PATTERN_188,Orion,Orion
PERSEUS_WORD_PATTERN_188,Perseus,Persée
DRACO_WORD_PATTERN_188,Draco,Dragon
SCORPIUS_WORD_PATTERN_188,Scorpius,Scorpion
CYGNUS_WORD_PATTERN_188,Cygnus,Cygne
SERPENS_WORD_PATTERN_188,Serpens,Serpent
GASOLINE_WORD_FUELS_190,Gasoline,Essence
DIESEL_WORD_FUELS_190,Diesel,Diesel
COAL_WORD_FUELS_190,Coal,Charbon
PROPANE_WORD_FUELS_190,Propane,Propane
KEROSENE_WORD_FUELS_190,Kerosene,Kérosène
VOTER_WORD_ELECT_193,Voter,Électeur
BALLOT_WORD_ELECT_193,Ballot,Bulletin
CAMPAIGN_WORD_ELECT_193,Campaign,Campagne
TURNOUT_WORD_ELECT_193,Turnout,Participation
KING_WORD_CROWN_194,King,Roi
EMPEROR_WORD_CROWN_194,Emperor,Empereur
MAHARAJA_WORD_CROWN_194,Maharaja,Maharaja
KENNEDY_WORD_LEADER_196,Washington,Washington
CLINTON_WORD_LEADER_196,Jefferson,Jefferson
LINCOLN_WORD_LEADER_196,Lincoln,Lincoln
REAGAN_WORD_LEADER_196,Roosevelt,Roosevelt
BUSH_WORD_LEADER_196,Wilson,Wilson
OBAMA_WORD_LEADER_196,Jackson,Jackson
ADAMS_WORD_LEADER_196,Adams,Adams
BIDEN_WORD_LEADER_196,Madison,Madison
SOFT_BUN_WORD_HOT_DOG_201,Soft bun,Pain moelleux
SAUSAGE_WORD_HOT_DOG_201,Sausage,Saucisse
KETCHUP_WORD_HOT_DOG_201,Ketchup,Ketchup
DECODE_WORD_CIPHER_208,Decode,Décoder
ENCODE_WORD_CIPHER_208,Encode,Encoder
KEYWORD_WORD_CIPHER_208,Keyword,Mot-clé
PASSWORD_WORD_CIPHER_208,Password,Mot de passe
HARMONY_WORD_SYMPHONY_210,Harmony,Harmonie
OVERTURE_WORD_SYMPHONY_210,Overture,Ouverture
MELODY_WORD_SYMPHONY_210,Melody,Mélodie
PHOTO_WORD_ARTWORKS_211,Photo,Photo
DRAWING_WORD_ARTWORKS_211,Drawing,Dessin
PAINTING_WORD_ARTWORKS_211,Painting,Peinture
HAMMER_WORD_AUCTION_215,Hammer,Marteau
LOT_WORD_AUCTION_215,Lot,Lot
BID_WORD_AUCTION_215,Bid,Enchère
PRICE_WORD_AUCTION_215,Price,Prix
CATALOG_WORD_AUCTION_215,Catalog,Catalogue
BIDDER_WORD_AUCTION_215,Bidder,Enchérisseur
EXCELSA_WORD_BEANS_219,Excelsa,Excelsa
ROBUSTA_WORD_BEANS_219,Robusta,Robusta
LIBERICA_WORD_BEANS_219,Liberica,Libérica
ARABICA_WORD_BEANS_219,Arabica,Arabica
TENT_WORD_CAMPING_221,Tent,Tente
CAMPFIRE_WORD_CAMPING_221,Campfire,Feu de camp
HAMMOCK_WORD_CAMPING_221,Hammock,Hamac
ORGAN_WORD_PLAY_223,Organ,Orgue
VIOLIN_WORD_PLAY_223,Violin,Violon
UKULELE_WORD_PLAY_223,Ukulele,Ukulélé
DRUM_WORD_PLAY_223,Drum,Tambour
PIANO_WORD_PLAY_223,Piano,Piano
FLUTE_WORD_PLAY_223,Flute,Flûte
GUITAR_WORD_PLAY_223,Guitar,Guitare
CELLO_WORD_PLAY_223,Cello,Violoncelle
BANK_WORD_FINANCE_227,Bank,Banque
INCOME_WORD_FINANCE_227,Income,Revenu
EXPENSE_WORD_FINANCE_227,Expense,Dépense
MONEY_WORD_FINANCE_227,Money,Argent
KINGDOM_WORD_MEDIEVAL_228,Kingdom,Royaume
LORD_WORD_MEDIEVAL_228,Lord,Seigneur
KNIGHT_WORD_MEDIEVAL_228,Knight,Chevalier
CASTLE_WORD_MEDIEVAL_228,Castle,Château
GLASSES_WORD_OPTICS_229,Glasses,Lunettes
LENS_WORD_OPTICS_229,Lens,Lentille
MONOCLE_WORD_OPTICS_229,Monocle,Monocle
SPYGLASS_WORD_OPTICS_229,Spyglass,Longue-vue
SIGNPOST_WORD_NAVIGATE_230,Signpost,Panneau
SEXTANT_WORD_NAVIGATE_230,Sextant,Sextant
COMPASS_WORD_NAVIGATE_230,Compass,Boussole
PLAYPEN_WORD_TODDLER_231,Playpen,Parc
NAP_TIME_WORD_TODDLER_231,Nap time,Sieste
PACIFIER_WORD_TODDLER_231,Pacifier,Tétine
CAPRINE_WORD_FAMILIES_234,Caprine,Caprin
OVINE_WORD_FAMILIES_234,Ovine,Ovin
FELINE_WORD_FAMILIES_234,Feline,Félin
EQUINE_WORD_FAMILIES_234,Equine,Équin
CANINE_WORD_FAMILIES_234,Canine,Canin
MURINE_WORD_FAMILIES_234,Murine,Murin
PORCINE_WORD_FAMILIES_234,Porcine,Porcin
BOVINE_WORD_FAMILIES_234,Bovine,Bovin
ALTAIR_WORD_STARS_236,Altair,Altaïr
POLARIS_WORD_STARS_236,Polaris,Polaire
SIRIUS_WORD_STARS_236,Sirius,Sirius
VEGA_WORD_STARS_236,Vega,Véga
RIGEL_WORD_STARS_236,Rigel,Rigel
ALKAID_WORD_STARS_236,Alkaid,Alkaïd
NEURAL_WORD_AI_238,Neural,Neuronal
DATASET_WORD_AI_238,Dataset,Jeu de données
CHATBOT_WORD_AI_238,Chatbot,Chatbot
AGENT_WORD_AI_238,Agent,Agent
MATRIX_WORD_AI_238,Matrix,Matrice
CORTEX_WORD_AI_238,Cortex,Cortex
REGION_WORD_DIVISION_242,Region,Région
COUNTRY_WORD_DIVISION_242,Country,Pays
STATE_WORD_DIVISION_242,State,État
CITY_WORD_DIVISION_242,City,Ville
DIALOGUE_WORD_SPEAK_244,Dialogue,Dialogue
DEBATE_WORD_SPEAK_244,Debate,Débat
ARGUMENT_WORD_SPEAK_244,Argument,Argument
WAVY_WORD_HAIR_245,Wavy,Ondulé
CURLY_WORD_HAIR_245,Curly,Bouclé
COILY_WORD_HAIR_245,Coily,Crépu
SPRAIN_WORD_INJURIES_249,Sprain,Entorse
FRACTURE_WORD_INJURIES_249,Fracture,Fracture
BRUISE_WORD_INJURIES_249,Bruise,Bleu
WOUND_WORD_INJURIES_249,Wound,Blessure
HEADACHE_WORD_FLU_251,Headache,Mal de tête
PILLS_WORD_FLU_251,Pills,Pilules
COUGH_WORD_FLU_251,Cough,Toux
GYPSUM_WORD_MINERALS_253,Gypsum,Gypse
CALCITE_WORD_MINERALS_253,Calcite,Calcite
AZURITE_WORD_MINERALS_253,Azurite,Azurite
MICA_WORD_MINERALS_253,Mica,Mica
MARBLE_WORD_MINERALS_253,Marble,Marbre
QUARTZ_WORD_MINERALS_253,Quartz,Quartz
LIME_WORD_MINERALS_253,Lime,Chite
BERYL_WORD_MINERALS_253,Beryl,Béryl
DECAY_WORD_RADIATE_257,Decay,Désintégration
FALLOUT_WORD_RADIATE_257,Fallout,Retombées
CURIE_WORD_RADIATE_257,Curie,Curie
X_RAYS_WORD_RADIATE_257,X-rays,Rayons X
GLUCAGON_WORD_HORMONES_259,Glucagon,Glucagon
CORTISOL_WORD_HORMONES_259,Cortisol,Cortisol
INSULIN_WORD_HORMONES_259,Insulin,Insuline
GASTRIN_WORD_HORMONES_259,Gastrin,Gastrine
IRIS_WORD_EYE_260,Iris,Iris
PUPIL_WORD_EYE_260,Pupil,Pupille
RETINA_WORD_EYE_260,Retina,Rétine
DIG_WORD_SHOVEL_261,Dig,Creuser
EXCAVATE_WORD_SHOVEL_261,Excavate,Excaver
UNEARTH_WORD_SHOVEL_261,Unearth,Déterrer
ALNICO_WORD_ALLOY_264,Alnico,Alnico
AMALGAM_WORD_ALLOY_264,Amalgam,Amalgame
BRASS_WORD_ALLOY_264,Brass,Laiton
BRONZE_WORD_ALLOY_264,Bronze,Bronze
NICHROME_WORD_ALLOY_264,Nichrome,Nichrome
TUNGSTEN_WORD_ALLOY_264,Pewter,Étain
NITINOL_WORD_ALLOY_264,Nitinol,Nitinol
STELLITE_WORD_ALLOY_264,Stellite,Stellite
DIWALI_WORD_FESTIVAL_270,Diwali,Diwali
HOLI_WORD_FESTIVAL_270,Holi,Holi
SONGKRAN_WORD_FESTIVAL_270,Songkran,Songkran
THULIUM_WORD_METAL_272,Thulium,Thulium
HOLMIUM_WORD_METAL_272,Holmium,Holmium
IRIDIUM_WORD_METAL_272,Iridium,Iridium
RHODIUM_WORD_METAL_272,Rhodium,Rhodium
YTTRIUM_WORD_METAL_272,Yttrium,Yttrium
LUTETIUM_WORD_METAL_272,Lutetium,Lutécium
EUROPIUM_WORD_METAL_272,Europium,Europium
ERBIUM_WORD_METAL_272,Erbium,Erbium
INSIGNIA_WORD_ARTIFACT_276,Insignia,Insigne
RELIC_WORD_ARTIFACT_276,Relic,Relique
SIGIL_WORD_ARTIFACT_276,Sigil,Sceau
TOTEM_WORD_ARTIFACT_276,Totem,Totem
AMULET_WORD_ARTIFACT_276,Amulet,Amulette
VASE_WORD_ARTIFACT_276,Vase,Vase
GUARD_WORD_DEFENSE_277,Guard,Garde
CCTV_WORD_DEFENSE_277,CCTV,Vidéosurveillance
SECURITY_WORD_DEFENSE_277,Security,Sécurité
PATROL_WORD_DEFENSE_277,Patrol,Patrouille
ATOM_WORD_PARTICLE_281,Atom,Atome
ELECTRON_WORD_PARTICLE_281,Electron,Électron
NEUTRON_WORD_PARTICLE_281,Neutron,Neutron
HARLEM_WORD_NEW_YORK_287,Harlem,Harlem
SOHO_WORD_NEW_YORK_287,Soho,Soho
TRIBECA_WORD_NEW_YORK_287,Tribeca,Tribeca
ASTORIA_WORD_NEW_YORK_287,Astoria,Astoria
BRONX_WORD_NEW_YORK_287,Bronx,Bronx
QUEENS_WORD_NEW_YORK_287,Queens,Queens
BARNACLE_WORD_NO_BONES_289,Barnacle,Bernacle
SPIDER_WORD_NO_BONES_289,Spider,Araignée
SQUID_WORD_NO_BONES_289,Squid,Calmar
STARFISH_WORD_NO_BONES_289,Starfish,Étoile de mer
WORM_WORD_NO_BONES_289,Worm,Ver
FABLE_WORD_LEGENDS_291,Fable,Fable
SAGA_WORD_LEGENDS_291,Saga,Saga
TALE_WORD_LEGENDS_291,Tale,Conte
EPIC_WORD_LEGENDS_291,Epic,Épopée
MYTH_WORD_LEGENDS_291,Myth,Mythe
HI_WORD_HELLO_295,Hi,Salut
HOWDY_WORD_HELLO_295,Howdy,Coucou
HEY_WORD_HELLO_295,Hey,Hé
DEGREE_WORD_PHD_296,Degree,Diplôme
THESIS_WORD_PHD_296,Thesis,Thèse
RESEARCH_WORD_PHD_296,Research,Recherche
CONSENT_WORD_OK_SIGN_301,Consent,Accord
OKAY_WORD_OK_SIGN_301,Okay,D'accord
YES_WORD_OK_SIGN_301,Yes,Oui
SCALES_WORD_JUSTICE_310,Scales,Balance
GAVEL_WORD_JUSTICE_310,Gavel,Marteau
LAW_WORD_JUSTICE_310,Law,Loi
COURT_WORD_JUSTICE_310,Court,Tribunal
INMATE_WORD_PRISONER_312,Inmate,Détenu
FELON_WORD_PRISONER_312,Felon,Criminel
DETAINEE_WORD_PRISONER_312,Detainee,Prisonnier
METEOR_WORD_SPACE_314,Meteor,Météore
ECLIPSE_WORD_SPACE_314,Eclipse,Éclipse
AURORA_WORD_SPACE_314,Aurora,Aurore
PULSAR_WORD_SPACE_314,Pulsar,Pulsar
QUASAR_WORD_SPACE_314,Quasar,Quasar
NEBULA_WORD_SPACE_314,Nebula,Nébuleuse
NOVA_WORD_SPACE_314,Nova,Nova
ASTEROID_WORD_SPACE_314,Asteroid,Astéroïde
GAMBLER_WORD_WESTERN_317,Gambler,Joueur
SHERIFF_WORD_WESTERN_317,Sheriff,Shérif
COWBOY_WORD_WESTERN_317,Cowboy,Cow-boy
LASSO_WORD_WESTERN_317,Lasso,Lasso
SALOON_WORD_WESTERN_317,Saloon,Saloon
RODEO_WORD_WESTERN_317,Rodeo,Rodéo
SECURE_WORD_LOCK_321,Secure,Sûr
STURDY_WORD_LOCK_321,Sturdy,Robuste
TRUSTY_WORD_LOCK_321,Trusty,Fiable
THIGH_WORD_LEGS_322,Thigh,Cuisse
KNEE_WORD_LEGS_322,Knee,Genou
ANKLE_WORD_LEGS_322,Ankle,Cheville
RA_WORD_PYRAMIDS_330,Ra,Râ
OSIRIS_WORD_PYRAMIDS_330,Osiris,Osiris
ANUBIS_WORD_PYRAMIDS_330,Anubis,Anubis
RAMSES_WORD_PYRAMIDS_330,Ramses,Ramsès
PICKAXE_WORD_SHAFT_331,Pickaxe,Pioche
MINE_WORD_SHAFT_331,Mine,Mine
CART_WORD_SHAFT_331,Cart,Chariot
PADDOCK_WORD_FARMING_333,Paddock,Enclos
COMPOST_WORD_FARMING_333,Compost,Compost
FALLOW_WORD_FARMING_333,Fallow,Jachère
CROP_WORD_FARMING_333,Crop,Récolte
HAY_WORD_FARMING_333,Hay,Foin
HARVEST_WORD_FARMING_333,Harvest,Moisson
TOPSOIL_WORD_FARMING_333,Topsoil,Terre arable
GRAIN_WORD_FARMING_333,Grain,Grain
SLEDDING_WORD_SLIDING_339,Sledding,Luge
SKELETON_WORD_SLIDING_339,Skeleton,Skeleton
SKIING_WORD_SLIDING_339,Skiing,Ski
SKATING_WORD_SLIDING_339,Skating,Patinage
LUGE_WORD_SLIDING_339,Luge,Luge
OIL_WORD_PAINTING_340,Oil,Huile
ACRYLIC_WORD_PAINTING_340,Acrylic,Acrylique
GOUACHE_WORD_PAINTING_340,Gouache,Gouache
TEMPERA_WORD_PAINTING_340,Tempera,Tempera
FRESCO_WORD_PAINTING_340,Fresco,Fresque
RISOTTO_WORD_RICE_342,Risotto,Risotto
CONGEE_WORD_RICE_342,Congee,Congee
PAELLA_WORD_RICE_342,Paella,Paella
SUSHI_WORD_RICE_342,Sushi,Sushi
ROMANCE_WORD_HEART_344,Romance,Romance
COUPLE_WORD_HEART_344,Couple,Couple
PASSION_WORD_HEART_344,Passion,Passion
VANS_WORD_HIPPIE_349,Vans,Fourgons
COMMUNE_WORD_HIPPIE_349,Commune,Communauté
FREEDOM_WORD_HIPPIE_349,Freedom,Liberté
DRONE_WORD_ROBOT_354,Drone,Drone
ROBOVAC_WORD_ROBOT_354,Robovac,Robovac
NANOBOT_WORD_ROBOT_354,Nanobot,Nanobot
CYBORG_WORD_ROBOT_354,Cyborg,Cyborg
ANDROID_WORD_ROBOT_354,Android,Androïde
MACHINE_WORD_ROBOT_354,Machine,Machine
SIGMA_WORD_GREECE_359,Sigma,Sigma
DELTA_WORD_GREECE_359,Delta,Delta
KAPPA_WORD_GREECE_359,Kappa,Kappa
MOTION_WORD_DYNAMICS_360,Motion,Mouvement
INERTIA_WORD_DYNAMICS_360,Inertia,Inertie
VELOCITY_WORD_DYNAMICS_360,Velocity,Vélocité
ONTARIO_WORD_LAKES_365,Ontario,Ontario
SUPERIOR_WORD_LAKES_365,Superior,Supérieur
TITICACA_WORD_LAKES_365,Titicaca,Titicaca
BAIKAL_WORD_LAKES_365,Baikal,Baïkal
MICHIGAN_WORD_LAKES_365,Michigan,Michigan
HURON_WORD_LAKES_365,Huron,Huron
ATOM_WORD_NUCLEAR_366,Atom,Atome
NEUTRON_WORD_NUCLEAR_366,Neutron,Neutron
PROTON_WORD_NUCLEAR_366,Proton,Proton
ELECTRON_WORD_NUCLEAR_366,Electron,Électron
MILAN_WORD_ITALY_376,Milan,Milan
ROME_WORD_ITALY_376,Rome,Rome
VENICE_WORD_ITALY_376,Venice,Venise
FLORENCE_WORD_ITALY_376,Florence,Florence
THIS_WORD_POINTING_379,This,Ceci
THAT_WORD_POINTING_379,That,Cela
THOSE_WORD_POINTING_379,Those,Ceux-là
NORMAL_WORD_SKIN_380,Normal,Normale
DRY_WORD_SKIN_380,Dry,Sèche
OILY_WORD_SKIN_380,Oily,Grasse
LIBRARY_WORD_BUILD_384,Library,Bibliothèque
MUSEUM_WORD_BUILD_384,Museum,Musée
HOSPITAL_WORD_BUILD_384,Hospital,Hôpital
SCHOOL_BUILDING_WORD_BUILD_384,School building,École
HOTEL_WORD_BUILD_384,Hotel,Hôtel
FACTORY_WORD_BUILD_384,Factory,Usine
STADIUM_WORD_BUILD_384,Stadium,Stade
MALL_WORD_BUILD_384,Mall,Centre commercial
MONARCHY_WORD_POLICIES_394,Monarchy,Monarchie
TYRANNY_WORD_POLICIES_394,Tyranny,Tyrannie
ANARCHY_WORD_POLICIES_394,Anarchy,Anarchie
POWER_WORD_STRENGTH_401,Power,Pouvoir
FORCE_WORD_STRENGTH_401,Force,Force
MIGHT_WORD_STRENGTH_401,Might,Puissance
TEXT_WORD_MESSAGE_407,Text,Texte
EMAIL_WORD_MESSAGE_407,Email,Courriel
LETTER_WORD_MESSAGE_407,Letter,Lettre
FAX_WORD_MESSAGE_407,Fax,Fax
DUALISM_WORD_VIEWS_410,Dualism,Dualisme
STOICISM_WORD_VIEWS_410,Stoicism,Stoïcisme
NIHILISM_WORD_VIEWS_410,Nihilism,Nihilisme
LUNGS_WORD_ORGANS_412,Lungs,Poumons
KIDNEY_WORD_ORGANS_412,Kidney,Rein
STOMACH_WORD_ORGANS_412,Stomach,Estomac
LIVER_WORD_ORGANS_412,Liver,Foie
BLADDER_WORD_ORGANS_412,Bladder,Vessie
SPLEEN_WORD_ORGANS_412,Spleen,Rate
HEART_WORD_ORGANS_412,Heart,Cœur
PANCREAS_WORD_ORGANS_412,Pancreas,Pancréas
FOOL_WORD_TAROT_417,Fool,Mat
MOON_WORD_TAROT_417,Moon,Lune
MAGICIAN_WORD_TAROT_417,Magician,Magicien
EMPRESS_WORD_TAROT_417,Empress,Impératrice
SOPRANO_WORD_VOICES_439,Soprano,Soprano
TENOR_WORD_VOICES_439,Tenor,Ténor
BARITONE_WORD_VOICES_439,Baritone,Baryton
BASS_WORD_VOICES_439,Bass,Basse
ALTO_WORD_VOICES_439,Alto,Alto
SONNET_WORD_POETRY_440,Sonnet,Sonnet
HAIKU_WORD_POETRY_440,Haiku,Haïku
ODE_WORD_POETRY_440,Ode,Ode
BALLAD_WORD_POETRY_440,Ballad,Ballade
ACROSTIC_WORD_POETRY_440,Acrostic,Acrostiche
SUPPER_WORD_MEALS_444,Supper,Souper
LUNCH_WORD_MEALS_444,Lunch,Déjeuner
DINNER_WORD_MEALS_444,Dinner,Dîner
CAULDRON_WORD_ALCHEMY_445,Cauldron,Chaudron
ELIXIR_WORD_ALCHEMY_445,Elixir,Élixir
POTION_WORD_ALCHEMY_445,Potion,Potion
RITUAL_WORD_PAGANISM_469,Ritual,Rituel
TOTEM_WORD_PAGANISM_469,Totem,Totem
IDOL_WORD_PAGANISM_469,Idol,Idole
ALTAR_WORD_PAGANISM_469,Altar,Autel
CURRENT_WORD_PRESENT_470,Current,Actuel
NOW_WORD_PRESENT_470,Now,Maintenant
TODAY_WORD_PRESENT_470,Today,Aujourd'hui
CODE_WORD_SECRET_471,Code,Code
AGENT_WORD_SECRET_471,Agent,Agent
WORD_WORD_SECRET_471,Identity,Identité
DONKEY_WORD_EQUIDAE_475,Donkey,Âne
MULE_WORD_EQUIDAE_475,Mule,Mulet
MUSTANG_WORD_EQUIDAE_475,Mustang,Mustang
HORSE_WORD_EQUIDAE_475,Horse,Cheval
ZEBRA_WORD_EQUIDAE_475,Zebra,Zèbre
PONY_WORD_EQUIDAE_475,Pony,Poney
COWHIDE_WORD_LEATHER_480,Cowhide,Cuir de vache
NUBUCK_WORD_LEATHER_480,Nubuck,Nubuck
SUEDE_WORD_LEATHER_480,Suede,Daim
TOWER_WORD_CASTLE_485,Tower,Tour
MOAT_WORD_CASTLE_485,Moat,Douves
DUNGEON_WORD_CASTLE_485,Dungeon,Donjon
BASTION_WORD_CASTLE_485,Bastion,Bastion
RAMPART_WORD_CASTLE_485,Rampart,Rempart
TURRET_WORD_CASTLE_485,Turret,Tourelle
PARAPET_WORD_CASTLE_485,Parapet,Parapet
CITADEL_WORD_CASTLE_485,Citadel,Citadelle
LCD_WORD_DISPLAY_486,LCD,LCD
LED_WORD_DISPLAY_486,LED,LED
OLED_WORD_DISPLAY_486,OLED,OLED
CRT_WORD_DISPLAY_486,CRT,CRT
PLASMA_WORD_DISPLAY_486,Plasma,Plasma
AMOLED_WORD_DISPLAY_486,AMOLED,AMOLED
MAYANS_WORD_CULTURES_487,Mayans,Mayas
AZTECS_WORD_CULTURES_487,Aztecs,Aztèques
ROMANS_WORD_CULTURES_487,Romans,Romains
GREEKS_WORD_CULTURES_487,Greeks,Grecs
CELTS_WORD_CULTURES_487,Celts,Celtes
VIKINGS_WORD_CULTURES_487,Vikings,Vikings
SAMURAI_WORD_WARRIORS_491,Samurai,Samouraï
SHINOBI_WORD_WARRIORS_491,Shinobi,Shinobi
RONIN_WORD_WARRIORS_491,Ronin,Ronin
ASSASSIN_WORD_WARRIORS_491,Assassin,Assassin
NINJA_WORD_WARRIORS_491,Ninja,Ninja
DECEIVE_WORD_LIE_492,Deceive,Tromper
DELUDE_WORD_LIE_492,Delude,Abuser
FALSIFY_WORD_LIE_492,Falsify,Falsifier
MISLEAD_WORD_LIE_492,Mislead,Induire en erreur
OBOE_WORD_VIOLIN_508,Oboe,Hautbois
CLARINET_WORD_VIOLIN_508,Clarinet,Clarinette
FLUTE_WORD_VIOLIN_508,Flute,Flûte
CELLO_WORD_VIOLIN_508,Cello,Violoncelle
MATE_WORD_ANAGRAM_511,Mate,Camarade
TEAM_WORD_ANAGRAM_511,Team,Équipe
MEAT_WORD_ANAGRAM_511,Meat,Viande
BONGO_WORD_DRUM_518,Bongo,Bongo
DJEMBE_WORD_DRUM_518,Djembe,Djembé
TABLA_WORD_DRUM_518,Tabla,Tabla
ASHIKO_WORD_DRUM_518,Ashiko,Ashiko
TRIUMPH_WORD_WREATH_544,Triumph,Triomphe
VICTORY_WORD_WREATH_544,Victory,Victoire
SUCCESS_WORD_WREATH_544,Success,Succès
YOGA_WORD_ZEN_549,Yoga,Yoga
RINZAI_WORD_ZEN_549,Rinzai,Rinzai
DHARMA_WORD_ZEN_549,Dharma,Dharma
ROUTER_WORD_NETWORK_588,Router,Routeur
SERVER_WORD_NETWORK_588,Server,Serveur
GATEWAY_WORD_NETWORK_588,Gateway,Passerelle
ETHERNET_WORD_NETWORK_588,Ethernet,Ethernet
PACKET_WORD_NETWORK_588,Packet,Paquet
DUTY_WORD_CUSTOMS_592,Duty,Droit de douane
IMPORT_WORD_CUSTOMS_592,Import,Importer
BORDER_WORD_CUSTOMS_592,Border,Frontière
EXPORT_WORD_CUSTOMS_592,Export,Exporter
PAYMENT_WORD_MORTGAGE_595,Payment,Paiement
INTEREST_WORD_MORTGAGE_595,Interest,Intérêt
RATE_WORD_MORTGAGE_595,Rate,Taux
MIX_WORD_CONCRETE_601,Mix,Mélanger
TROWEL_WORD_CONCRETE_601,Trowel,Truelle
SCREED_WORD_CONCRETE_601,Screed,Chape
SATIRE_WORD_MEMES_620,Satire,Satire
PARODY_WORD_MEMES_620,Parody,Parodie
TROLLING_WORD_MEMES_620,Trolling,Trollage
METHANE_WORD_ALKANES_641,Methane,Méthane
ETHANE_WORD_ALKANES_641,Ethane,Éthane
PROPANE_WORD_ALKANES_641,Propane,Propane
BUTANE_WORD_ALKANES_641,Butane,Butane
ASSESS_WORD_EVALUATE_651,Assess,Évaluer
ESTIMATE_WORD_EVALUATE_651,Estimate,Estimer
ANALYZE_WORD_EVALUATE_651,Analyze,Analyser
HUNT_WORD_QUEST_680,Hunt,Chasse
INQUIRY_WORD_QUEST_680,Inquiry,Enquête
PURSUIT_WORD_QUEST_680,Pursuit,Quête
GOATEE_WORD_BEARDS_681,Goatee,Bouc
BALBO_WORD_BEARDS_681,Balbo,Balbo
DUCKTAIL_WORD_BEARDS_681,Ducktail,Queue de canard
SYNERGY_WORD_YINYANG_721,Synergy,Synergie
DUALITY_WORD_YINYANG_721,Duality,Dualité
HARMONY_WORD_YINYANG_721,Harmony,Harmonie
GOURMET_WORD_FOODIE_726,Gourmet,Gourmet
EPICURE_WORD_FOODIE_726,Epicure,Épicurien
TASTE_WORD_FOODIE_726,Taste,Goût
SYBARITE_WORD_FOODIE_726,Sybarite,Sybarite
HEDONISM_WORD_FOODIE_726,Hedonism,Hédonisme
DISHES_WORD_FOODIE_726,Dishes,Plats
ROLE_WORD_OPERA_760,Role,Rôle
DIVA_WORD_OPERA_760,Diva,Diva
ACT_WORD_OPERA_760,Act,Acte
BAY_WORD_HARBOR_764,Bay,Baie
PIER_WORD_HARBOR_764,Pier,Quai
WHARF_WORD_HARBOR_764,Wharf,Débarcadère
COAST_WORD_HARBOR_764,Coast,Côte
MARINA_WORD_HARBOR_764,Marina,Marina
VESSEL_WORD_HARBOR_764,Vessel,Navire
BRICK_WORD_STREET_768,Lamp,Réverbère
DRIVER_WORD_STREET_768,Driver,Conducteur
CORNER_WORD_STREET_768,Corner,Coin
BIKE_WORD_STREET_768,Bike,Vélo
LION_WORD_CHIMERA_795,Lion,Lion
GOAT_WORD_CHIMERA_795,Goat,Chèvre
SERPENT_WORD_CHIMERA_795,Serpent,Serpent
REINS_WORD_CARRIAGE_800,Reins,Rênes
HARNESS_WORD_CARRIAGE_800,Harness,Harnais
COACHMAN_WORD_CARRIAGE_800,Coachman,Cocher
CANTER_WORD_GAITS_810,Canter,Petit galop
GALLOP_WORD_GAITS_810,Gallop,Galop
TROT_WORD_GAITS_810,Trot,Trot
CORE_WORD_EARTH_831,Core,Noyau
MANTLE_WORD_EARTH_831,Mantle,Manteau
CRUST_WORD_EARTH_831,Crust,Croûte
PAGANINI_WORD_VIOLINS_845,Paganini,Paganini
LUTHIER_WORD_VIOLINS_845,Luthier,Luthier
FRET_WORD_VIOLINS_845,Bow,Archet
NOUN_WORD_GRAMMAR_861,Noun,Nom
VERB_WORD_GRAMMAR_861,Verb,Verbe
ADVERB_WORD_GRAMMAR_861,Adverb,Adverbe
CREST_WORD_COASTAL_882,Crest,Crête
BREEZE_WORD_COASTAL_882,Breeze,Brise
SURFING_WORD_COASTAL_882,Surfing,Surf
SHINGLE_WORD_COASTAL_882,Shingle,Galets
SAND_WORD_COASTAL_882,Sand,Sable
GROYNE_WORD_COASTAL_882,Groyne,Épi
TIDE_WORD_COASTAL_882,Tide,Marée
JETTY_WORD_COASTAL_882,Jetty,Jetée
TIRE_WORD_WHEEL_890,Tire,Pneu
HUBCAP_WORD_WHEEL_890,Hubcap,Enjoliveur
STEER_WORD_WHEEL_890,Steer,Volant
AXLE_WORD_WHEEL_890,Axle,Essieu
FORTUNE_WORD_WHEEL_890,Rim,Jante
STEEL_WORD_INDUSTRY_921,Steel,Acier
GOODS_WORD_INDUSTRY_921,Goods,Marchandises
PRODUCE_WORD_INDUSTRY_921,Produce,Produire
MEGA_WORD_PREFIX_922,Mega,Méga
NANO_WORD_PREFIX_922,Nano,Nano
DECA_WORD_PREFIX_922,Deca,Déca
SIAMESE_WORD_BREEDS_940,Siamese,Siamois
SPHYNX_WORD_BREEDS_940,Sphynx,Sphynx
BIRMAN_WORD_BREEDS_940,Birman,Birman
BENGAL_WORD_BREEDS_940,Bengal,Bengal
ANGORA_WORD_BREEDS_940,Angora,Angora
BIG_BEN_WORD_LANDMARK_948,Big Ben,Big Ben
SPHINX_WORD_LANDMARK_948,Sphinx,Sphinx
COLOSSEUM_WORD_LANDMARK_948,Colosseum,Colisée
PYRAMIDS_WORD_LANDMARK_948,Pyramids,Pyramides
NILE_WORD_RIVERS_959,Nile,Nil
AMAZON_WORD_RIVERS_959,Amazon,Amazone
HUDSON_WORD_RIVERS_959,Hudson,Hudson
SURF_WORD_COAST_969,Surf,Surf
BEACH_WORD_COAST_969,Beach,Plage
CLIFF_WORD_COAST_969,Cliff,Falaise
CLEANSER_WORD_SKINCARE_984,Cleanser,Nettoyant
TONER_WORD_SKINCARE_984,Toner,Tonique
SERUM_WORD_SKINCARE_984,Serum,Sérum
TEXTURE_WORD_SKINCARE_984,Texture,Texture
PORES_WORD_SKINCARE_984,Pores,Pores
RETINOL_WORD_SKINCARE_984,Retinol,Rétinol
PEPTIDES_WORD_SKINCARE_984,Peptides,Peptides
BLEMISH_WORD_SKINCARE_984,Blemish,Imperfection
ROMANOV_WORD_DYNASTY_991,Romanov,Romanov
TUDOR_WORD_DYNASTY_991,Tudor,Tudor
KENNEDY_WORD_DYNASTY_991,Ottoman,Ottoman
BOURBON_WORD_DYNASTY_991,Bourbon,Bourbon
CLERIC_WORD_PRIEST_1019,Cleric,Clerc
BIBLE_WORD_PRIEST_1019,Bible,Bible
SAINT_WORD_PRIEST_1019,Saint,Saint
PREACHER_WORD_PRIEST_1019,Preacher,Prédicateur
JOURNEY_WORD_MAPS_1022,Journey,Voyage
LANDMARK_WORD_MAPS_1022,Landmark,Repère
BORDER_WORD_MAPS_1022,Border,Frontière
ATLAS_WORD_MAPS_1022,Atlas,Atlas
GLOBE_WORD_MAPS_1022,Globe,Globe
SCALE_WORD_MAPS_1022,Scale,Échelle
TERRAIN_WORD_MAPS_1022,Terrain,Terrain
CONTOUR_WORD_MAPS_1022,Contour,Contour
MELODY_WORD_SINGING_1054,Melody,Mélodie
SONG_WORD_SINGING_1054,Song,Chanson
PITCH_WORD_SINGING_1054,Pitch,Ton
SOLOIST_WORD_SINGING_1054,Soloist,Soliste
ARIA_WORD_SINGING_1054,Aria,Aria
CHOIR_WORD_SINGING_1054,Choir,Chœur
HUMMING_WORD_SINGING_1054,Humming,Fredonner
TIMBRE_WORD_SINGING_1054,Timbre,Timbre
GENE_WORD_GENETICS_1060,Gene,Gène
DNA_WORD_GENETICS_1060,DNA,ADN
GENOME_WORD_GENETICS_1060,Genome,Génome
TV_WORD_SCREEN_1030,TV,Télé
ATM_WORD_SCREEN_1030,ATM,Distributeur
E_READER_WORD_SCREEN_1030,E-reader,Liseuse
BUZZER_WORD_ALARM_1031,Buzzer,Sonnerie
BEEP_WORD_ALARM_1031,Beep,Bip
RUSH_WORD_ALARM_1031,Rush,Urgence
MAPLE_WORD_LEAVES_1055,Maple,Érable
OAK_WORD_LEAVES_1055,Oak,Chêne
PALM_WORD_LEAVES_1055,Palm,Palmier
CHESTNUT_WORD_LEAVES_1055,Chestnut,Châtaignier
ASH_WORD_LEAVES_1055,Ash,Frêne
POPLAR_WORD_LEAVES_1055,Poplar,Peuplier
PLATE_WORD_DISHWARE_829,Plate,Assiette
CUP_WORD_DISHWARE_829,Cup,Tasse
BOWL_WORD_DISHWARE_829,Bowl,Bol
SAUCER_WORD_DISHWARE_829,Saucer,Soucoupe
FROG_WORD_POND_830,Frog,Grenouille
REED_WORD_POND_830,Reed,Roseau
DUCK_WORD_POND_830,Duck,Canard
PAWN_PIC_CHESS_1,,
ROOK_PIC_CHESS_1,,
KNIGHT_PIC_CHESS_1,,
BISHOP_PIC_CHESS_1,,
QUEEN_PIC_CHESS_1,,
KING_PIC_CHESS_1,,
CHESSBOARD_PIC_CHESS_1,,
CHESS_CLOCK_PIC_CHESS_1,,
HOCKEY_PIC_SPORTS_2,,
SOCCER_PIC_SPORTS_2,,
BOXING_PIC_SPORTS_2,,
TENNIS_PIC_SPORTS_2,,
GOLF_PIC_SPORTS_2,,
RUGBY_PIC_SPORTS_2,,
CURLING_PIC_SPORTS_2,,
TABLE_TENNIS_PIC_SPORTS_2,,
TABLE_PIC_FURNITURE_3,,
SOFA_PIC_FURNITURE_3,,
CHAIR_PIC_FURNITURE_3,,
DESK_PIC_FURNITURE_3,,
BED_PIC_FURNITURE_3,,
WARDROBE_PIC_FURNITURE_3,,
BOOKSHELF_PIC_FURNITURE_3,,
DRESSERS_PIC_FURNITURE_3,,
ACE_OF_HEARTS_PIC_DECK_4,,
KING_HEARTS_PIC_DECK_4,,
QUEEN_HEARTS_PIC_DECK_4,,
JACK_HEARTS_PIC_DECK_4,,
10_HEARTS_PIC_DECK_4,,
9_HEARTS_PIC_DECK_4,,
8_HEARTS_PIC_DECK_4,,
7_HEARTS_PIC_DECK_4,,
ARIES_PIC_ZODIAC_5,,
TAURUS_PIC_ZODIAC_5,,
GEMINI_PIC_ZODIAC_5,,
CANCER_PIC_ZODIAC_5,,
LEO_PIC_ZODIAC_5,,
VIRGO_PIC_ZODIAC_5,,
LIBRA_PIC_ZODIAC_5,,
SAGITTARIUS_PIC_ZODIAC_5,,
PLIERS_PIC_TOOLBOX_6,,
WRENCH_PIC_TOOLBOX_6,,
DRILL_PIC_TOOLBOX_6,,
ADHESIVE_TAPE_PIC_TOOLBOX_6,,
SAW_PIC_TOOLBOX_6,,
CHISEL_PIC_TOOLBOX_6,,
CLAMP_PIC_TOOLBOX_6,,
HAMMER_PIC_TOOLBOX_6,,
GLOVES_PIC_GARMENTS_7,,
DRESS_PIC_GARMENTS_7,,
PANTS_PIC_GARMENTS_7,,
SHIRT_PIC_GARMENTS_7,,
PANTIES_PIC_GARMENTS_7,,
COAT_PIC_GARMENTS_7,,
JACKET_PIC_GARMENTS_7,,
SKIRT_PIC_GARMENTS_7,,
BROCCOLI_PIC_VEGGIE_8,,
CABBAGE_PIC_VEGGIE_8,,
POTATO_PIC_VEGGIE_8,,
CARROT_PIC_VEGGIE_8,,
BEETROOT_PIC_VEGGIE_8,,
CUCUMBER_PIC_VEGGIE_8,,
ONION_PIC_VEGGIE_8,,
EGGPLANT_PIC_VEGGIE_8,,
ORANGE_PIC_FRUITS_9,,
KIWI_PIC_FRUITS_9,,
BANANA_PIC_FRUITS_9,,
APPLE_PIC_FRUITS_9,,
POMEGRANATE_PIC_FRUITS_9,,
PEACH_PIC_FRUITS_9,,
PINEAPPLE_PIC_FRUITS_9,,
WATERMELON_PIC_FRUITS_9,,
CUSHION_PIC_CHAIR_10,,
THRONE_PIC_CHAIR_10,,
OTTOMAN_PIC_CHAIR_10,,
STOOL_PIC_CHAIR_10,,
ARMCHAIR_PIC_CHAIR_10,,
LOVESEAT_PIC_CHAIR_10,,
RECLINER_PIC_CHAIR_10,,
BEANBAG_PIC_CHAIR_10,,
KEPI_PIC_HATS_11,,
BERET_PIC_HATS_11,,
CAP_PIC_HATS_11,,
HAT_PIC_HATS_11,,
VISOR_PIC_HATS_11,,
TURBAN_PIC_HATS_11,,
SOMBRERO_PIC_HATS_11,,
PANAMA_HAT_PIC_HATS_11,,
ORGAN_PIC_PLAY_12,,
VIOLIN_PIC_PLAY_12,,
UKULELE_PIC_PLAY_12,,
DRUM_PIC_PLAY_12,,
PIANO_PIC_PLAY_12,,
FLUTE_PIC_PLAY_12,,
GUITAR_PIC_PLAY_12,,
CELLO_PIC_PLAY_12,,
BROOM_PIC_CLEANING_13,,
MOP_PIC_CLEANING_13,,
VACUUM_PIC_CLEANING_13,,
DUSTER_PIC_CLEANING_13,,
SPONGE_PIC_CLEANING_13,,
BUCKET_PIC_CLEANING_13,,
BIN_PIC_CLEANING_13,,
DUSTPAN_PIC_CLEANING_13,,
BOOTS_PIC_SHOES_14,,
HEELS_PIC_SHOES_14,,
FLATS_PIC_SHOES_14,,
OXFORDS_PIC_SHOES_14,,
WEDGES_PIC_SHOES_14,,
MONKS_PIC_SHOES_14,,
BROGUES_PIC_SHOES_14,,
DERBIES_PIC_SHOES_14,,
ITALY_PIC_MAP_15,,
INDIA_PIC_MAP_15,,
AUSTRALIA_PIC_MAP_15,,
FRANCE_PIC_MAP_15,,
USA_PIC_MAP_15,,
UK_PIC_MAP_15,,
SPAIN_PIC_MAP_15,,
JAPAN_PIC_MAP_15,,
DOVE_PIC_BIRD_16,,
EAGLE_PIC_BIRD_16,,
SWAN_PIC_BIRD_16,,
OWL_PIC_BIRD_16,,
HERON_PIC_BIRD_16,,
ROBIN_PIC_BIRD_16,,
FINCH_PIC_BIRD_16,,
VULTURE_PIC_BIRD_16,,
LOBSTER_PIC_SEAFOOD_17,,
OYSTER_PIC_SEAFOOD_17,,
MUSSEL_PIC_SEAFOOD_17,,
CRAB_PIC_SEAFOOD_17,,
SCALLOP_PIC_SEAFOOD_17,,
CONCH_PIC_SEAFOOD_17,,
SQUID_PIC_SEAFOOD_17,,
SHRIMP_PIC_SEAFOOD_17,,
TERRIER_PIC_DOGS_18,,
BEAGLE_PIC_DOGS_18,,
POODLE_PIC_DOGS_18,,
SPANIEL_PIC_DOGS_18,,
HUSKY_PIC_DOGS_18,,
COLLIE_PIC_DOGS_18,,
BULLDOG_PIC_DOGS_18,,
PUG_PIC_DOGS_18,,
PIZZA_PIC_EATS_19,,
TACO_PIC_EATS_19,,
FRIES_PIC_EATS_19,,
BURGER_PIC_EATS_19,,
KEBAB_PIC_EATS_19,,
SANDWICH_PIC_EATS_19,,
BURRITO_PIC_EATS_19,,
HOT_DOG_PIC_EATS_19,,
LIBRARY_PIC_BUILD_20,,
MUSEUM_PIC_BUILD_20,,
HOSPITAL_PIC_BUILD_20,,
SCHOOL_BUILDING_PIC_BUILD_20,,
HOTEL_PIC_BUILD_20,,
FACTORY_PIC_BUILD_20,,
STADIUM_PIC_BUILD_20,,
MALL_PIC_BUILD_20,,
TROLL_PIC_FOLKLORE_21,,
GOBLIN_PIC_FOLKLORE_21,,
OGRE_PIC_FOLKLORE_21,,
BANSHEE_PIC_FOLKLORE_21,,
UNICORN_PIC_FOLKLORE_21,,
FAIRY_PIC_FOLKLORE_21,,
GNOME_PIC_FOLKLORE_21,,
GENIE_PIC_FOLKLORE_21,,
APRICOT_PIC_DRUPES_22,,
PEACH_PIC_DRUPES_22,,
PLUM_PIC_DRUPES_22,,
CHERRY_PIC_DRUPES_22,,
MANGO_PIC_DRUPES_22,,
LOQUAT_PIC_DRUPES_22,,
OLIVE_PIC_DRUPES_22,,
LYCHEE_PIC_DRUPES_22,,
BLANKET_PIC_PICNIC_23,,
BASKET_PIC_PICNIC_23,,
SANDWICH_PIC_PICNIC_23,,
ANTS_PIC_PICNIC_23,,
JUICE_PIC_PICNIC_23,,
SUN_PIC_PICNIC_23,,
GRASS_PIC_PICNIC_23,,
CRACKERS_PIC_PICNIC_23,,
PROFITEROLE_PIC_PASTRY_24,,
PIE_PIC_PASTRY_24,,
CAKE_PIC_PASTRY_24,,
BRIOCHE_PIC_PASTRY_24,,
TART_PIC_PASTRY_24,,
SCONE_PIC_PASTRY_24,,
STRUDEL_PIC_PASTRY_24,,
BROWNIE_PIC_PASTRY_24,,
BUGLE_PIC_WIND_25,,
TUBA_PIC_WIND_25,,
FLUTE_PIC_WIND_25,,
SAX_PIC_WIND_25,,
HARMONICA_PIC_WIND_25,,
BAGPIPES_PIC_WIND_25,,
CLARINET_PIC_WIND_25,,
TRUMPET_PIC_WIND_25,,
BOOKSTORE_PIC_MALL_26,,
PHARMACY_PIC_MALL_26,,
SECURITY_PIC_MALL_26,,
JANITOR_PIC_MALL_26,,
CREDIT_CARD_PIC_MALL_26,,
CASH_PIC_MALL_26,,
PAPER_BAG_PIC_MALL_26,,
FITTING_ROOM_PIC_MALL_26,,
VIOLIN_PIC_STRINGS_27,,
GUITAR_PIC_STRINGS_27,,
CELLO_PIC_STRINGS_27,,
VIOLA_PIC_STRINGS_27,,
BANJO_PIC_STRINGS_27,,
HARP_PIC_STRINGS_27,,
UKULELE_PIC_STRINGS_27,,
MANDOLIN_PIC_STRINGS_27,,
NECKLACE_PIC_JEWELRY_28,,
EARRING_PIC_JEWELRY_28,,
DIAMOND_RING_PIC_JEWELRY_28,,
BRACELET_PIC_JEWELRY_28,,
ANKLET_PIC_JEWELRY_28,,
LOCKET_PIC_JEWELRY_28,,
DIADEM_PIC_JEWELRY_28,,
BROOCH_PIC_JEWELRY_28,,
DAISY_PIC_FLOWERS_29,,
LILY_PIC_FLOWERS_29,,
TULIP_PIC_FLOWERS_29,,
ROSE_PIC_FLOWERS_29,,
POPPY_PIC_FLOWERS_29,,
PEONY_PIC_FLOWERS_29,,
ASTER_PIC_FLOWERS_29,,
PANSY_PIC_FLOWERS_29,,
LIZARD_PIC_REPTILES_30,,
SNAKE_PIC_REPTILES_30,,
ALLIGATOR_PIC_REPTILES_30,,
GECKO_PIC_REPTILES_30,,
CHAMELEON_PIC_REPTILES_30,,
IGUANA_PIC_REPTILES_30,,
TURTLE_PIC_REPTILES_30,,
DINOSAUR_PIC_REPTILES_30,,
DIAMOND_PIC_GEMSTONE_31,,
RUBY_PIC_GEMSTONE_31,,
SAPPHIRE_PIC_GEMSTONE_31,,
EMERALD_PIC_GEMSTONE_31,,
CRYSTAL_PIC_GEMSTONE_31,,
GARNET_PIC_GEMSTONE_31,,
PERIDOT_PIC_GEMSTONE_31,,
OPAL_PIC_GEMSTONE_31,,
MOSQUITO_PIC_INSECTS_32,,
LADYBUG_PIC_INSECTS_32,,
MOTH_PIC_INSECTS_32,,
WASP_PIC_INSECTS_32,,
DRAGONFLY_PIC_INSECTS_32,,
ANT_PIC_INSECTS_32,,
CRICKET_PIC_INSECTS_32,,
MANTIS_PIC_INSECTS_32,,
BEAVER_PIC_RODENTS_33,,
MARMOT_PIC_RODENTS_33,,
NUTRIA_PIC_RODENTS_33,,
SQUIRREL_PIC_RODENTS_33,,
CAPYBARA_PIC_RODENTS_33,,
RAT_PIC_RODENTS_33,,
HAMSTER_PIC_RODENTS_33,,
GUINEA_PIG_PIC_RODENTS_33,,
COWBOY_HAT_PIC_WESTERN_34,,
COWBOY_BOOTS_PIC_WESTERN_34,,
LASSO_PIC_WESTERN_34,,
COWBOY_PIC_WESTERN_34,,
SHERIFF_PIC_WESTERN_34,,
BADGE_PIC_WESTERN_34,,
SALOON_PIC_WESTERN_34,,
CACTI_PIC_WESTERN_34,,
JOLLY_ROGER_PIC_PIRATE_35,,
PARROT_PIC_PIRATE_35,,
CUTLASS_PIC_PIRATE_35,,
CANNON_PIC_PIRATE_35,,
RUM_PIC_PIRATE_35,,
TREASURE_MAP_PIC_PIRATE_35,,
WOODEN_SHIP_S_WHEEL_PIC_PIRATE_35,,
TREASURE_CHEST_PIC_PIRATE_35,,
BUOY_PIC_BEACH_36,,
SEAGULL_PIC_BEACH_36,,
BAY_PIC_BEACH_36,,
SAND_PIC_BEACH_36,,
WAVES_PIC_BEACH_36,,
SHELLS_PIC_BEACH_36,,
BEACH_CHAIR_PIC_BEACH_36,,
BEACH_UMBRELLA_PIC_BEACH_36,,
PYRAMID_PIC_EGYPT_37,,
SPHINX_PIC_EGYPT_37,,
PHARAOH_S_MASK_PIC_EGYPT_37,,
MUMMY_PIC_EGYPT_37,,
SCARAB_PIC_EGYPT_37,,
NILE_RIVER_PIC_EGYPT_37,,
ANUBIS_PIC_EGYPT_37,,
HIEROGLYPHS_PIC_EGYPT_37,,
ASTRONAUT_PIC_SPACE_38,,
ROCKET_PIC_SPACE_38,,
UFO_PIC_SPACE_38,,
ALIEN_PIC_SPACE_38,,
SATURN_PIC_SPACE_38,,
SPACE_STATION_PIC_SPACE_38,,
GALAXY_PIC_SPACE_38,,
MARS_ROVER_PIC_SPACE_38,,
TUNA_PIC_SEA_FISH_39,,
MARLIN_PIC_SEA_FISH_39,,
COD_PIC_SEA_FISH_39,,
SARDINE_PIC_SEA_FISH_39,,
SHARK_PIC_SEA_FISH_39,,
SAWFISH_PIC_SEA_FISH_39,,
STINGRAY_PIC_SEA_FISH_39,,
CLOWNFISH_PIC_SEA_FISH_39,,
BALLOON_PIC_BIRTHDAY_40,,
CANDLE_PIC_BIRTHDAY_40,,
CAKE_PIC_BIRTHDAY_40,,
BOX_PIC_BIRTHDAY_40,,
CONFETTI_PIC_BIRTHDAY_40,,
BIRTHDAY_HAT_PIC_BIRTHDAY_40,,
PARTY_HORN_PIC_BIRTHDAY_40,,
BIRTHDAY_BANNER_PIC_BIRTHDAY_40,,
ELECTRIC_CAR_PIC_CHARGER_41,,
SMARTWATCH_PIC_CHARGER_41,,
LAPTOP_PIC_CHARGER_41,,
DIGITAL_CAMERA_PIC_CHARGER_41,,
POWER_BANK_PIC_CHARGER_41,,
ELECTRIC_TOOTHBRUSH_PIC_CHARGER_41,,
BLUETOOTH_HEADPHONES_PIC_CHARGER_41,,
DRONE_PIC_CHARGER_41,,
HELICOPTER_PIC_TRANSPORT_42,,
TRAIN_PIC_TRANSPORT_42,,
PLANE_PIC_TRANSPORT_42,,
TAXI_PIC_TRANSPORT_42,,
SCOOTER_PIC_TRANSPORT_42,,
DOUBLE_DECKER_BUS_PIC_TRANSPORT_42,,
MOTORBOAT_PIC_TRANSPORT_42,,
HOT_AIR_BALLOON_PIC_TRANSPORT_42,,
CAT_PIC_WHISKERS_43,,
DOG_PIC_WHISKERS_43,,
SEAL_PIC_WHISKERS_43,,
WALRUS_PIC_WHISKERS_43,,
OTTER_PIC_WHISKERS_43,,
SQUIRREL_PIC_WHISKERS_43,,
CATFISH_PIC_WHISKERS_43,,
LION_PIC_WHISKERS_43,,
BEEF_PIC_BURGER_44,,
BUN_PIC_BURGER_44,,
SAUCE_PIC_BURGER_44,,
CHEESE_PIC_BURGER_44,,
LETTUCE_PIC_BURGER_44,,
TOMATO_PIC_BURGER_44,,
PICKLE_PIC_BURGER_44,,
ONION_PIC_BURGER_44,,
SODA_PIC_DRINKS_45,,
ESPRESSO_PIC_DRINKS_45,,
LEMONADE_PIC_DRINKS_45,,
JUICE_PIC_DRINKS_45,,
TEA_PIC_DRINKS_45,,
MILK_PIC_DRINKS_45,,
BUBBLE_TEA_PIC_DRINKS_45,,
SPORTS_DRINK_PIC_DRINKS_45,,
CIRCLE_PIC_SHAPES_46,,
SQUARE_PIC_SHAPES_46,,
OVAL_PIC_SHAPES_46,,
OCTAGON_PIC_SHAPES_46,,
TRIANGLE_PIC_SHAPES_46,,
STAR_PIC_SHAPES_46,,
HEART_PIC_SHAPES_46,,
RHOMBUS_PIC_SHAPES_46,,
JEWELRY_PIC_LUXURY_47,,
WATCH_PIC_LUXURY_47,,
CLASSIC_HANDBAG_PIC_LUXURY_47,,
YACHT_PIC_LUXURY_47,,
PRIVATE_JET_PIC_LUXURY_47,,
SUPERCAR_PIC_LUXURY_47,,
ART_PAINTING_PIC_LUXURY_47,,
AMERICAN_EXPRESS_CENTURION_CARD_PIC_LUXURY_47,,
FOOL_PIC_TAROT_48,,
MOON_PIC_TAROT_48,,
MAGICIAN_PIC_TAROT_48,,
EMPRESS_PIC_TAROT_48,,
DEATH_PIC_TAROT_48,,
SUN_PIC_TAROT_48,,
STAR_PIC_TAROT_48,,
HANGED_MAN_PIC_TAROT_48,,
PACIFIER_PIC_BABIES_49,,
DIAPER_PIC_BABIES_49,,
RATTLE_PIC_BABIES_49,,
STROLLER_PIC_BABIES_49,,
BOTTLE_PIC_BABIES_49,,
BABY_BOWL_AND_SOFT_TIP_SPOON_PIC_BABIES_49,,
CRIB_PIC_BABIES_49,,
CAR_SEAT_PIC_BABIES_49,,
ROPE_PIC_SAILOR_50,,
FLAG_PIC_SAILOR_50,,
STORM_PIC_SAILOR_50,,
KNOT_PIC_SAILOR_50,,
SAILOR_HAT_PIC_SAILOR_50,,
SPYGLASS_PIC_SAILOR_50,,
SEXTANT_PIC_SAILOR_50,,
HARBOR_LIGHTHOUSE_PIC_SAILOR_50,,
GUM_PIC_CANDY_51,,
CHOCO_PIC_CANDY_51,,
FUDGE_PIC_CANDY_51,,
LOLLIPOP_PIC_CANDY_51,,
HARD_CANDY_PIC_CANDY_51,,
MARSHMALLOW_PIC_CANDY_51,,
TURKISH_DELIGHT_PIC_CANDY_51,,
COTTON_CANDY_PIC_CANDY_51,,
DOOR_PIC_KEYS_52,,
PADLOCK_PIC_KEYS_52,,
CAR_PIC_KEYS_52,,
SAFE_PIC_KEYS_52,,
SUITCASE_PIC_KEYS_52,,
STORAGE_LOCKER_PIC_KEYS_52,,
TREASURE_CHEST_PIC_KEYS_52,,
LOCKABLE_NOTEBOOK_PIC_KEYS_52,,
GRASS_PIC_LAWN_53,,
MOWER_PIC_LAWN_53,,
FOUR_LEAF_CLOVER_PIC_LAWN_53,,
SPRINKLER_PIC_LAWN_53,,
GARDENING_GLOVES_PIC_LAWN_53,,
LEAF_RAKE_PIC_LAWN_53,,
PICNIC_BLANKET_PIC_LAWN_53,,
FRISBEE_PIC_LAWN_53,,
CUBE_PIC_3D_54,,
SPHERE_PIC_3D_54,,
CONE_PIC_3D_54,,
TORUS_PIC_3D_54,,
SQUARE_PYRAMID_PIC_3D_54,,
CYLINDER_PIC_3D_54,,
OCTAHEDRON_PIC_3D_54,,
MOBIUS_STRIP_PIC_3D_54,,
BATS_PIC_VAMPIRE_55,,
FANGS_PIC_VAMPIRE_55,,
COFFIN_PIC_VAMPIRE_55,,
GARLIC_PIC_VAMPIRE_55,,
CAPE_PIC_VAMPIRE_55,,
CANDLE_AND_CANDLESTICK_PIC_VAMPIRE_55,,
GOTHIC_CASTLE_PIC_VAMPIRE_55,,
RED_ROSE_PIC_VAMPIRE_55,,
BIG_BEN_PIC_LANDMARK_56,,
STATUE_OF_LIBERTY_PIC_LANDMARK_56,,
COLOSSEUM_PIC_LANDMARK_56,,
PYRAMIDS_PIC_LANDMARK_56,,
GREAT_WALL_PIC_LANDMARK_56,,
EIFFEL_TOWER_PIC_LANDMARK_56,,
PARTHENON_PIC_LANDMARK_56,,
LEANING_TOWER_OF_PISA_PIC_LANDMARK_56,,
DUNES_PIC_DESERT_57,,
CACTI_PIC_DESERT_57,,
OASIS_PIC_DESERT_57,,
CAMEL_PIC_DESERT_57,,
LEATHER_WATER_CANTEEN_PIC_DESERT_57,,
GOGGLES_PIC_DESERT_57,,
FENNEC_FOX_PIC_DESERT_57,,
DESERT_TENT_PIC_DESERT_57,,
TEDDY_BEAR_PIC_TOYS_58,,
KITE_PIC_TOYS_58,,
LEGO_PIC_TOYS_58,,
GAMEPAD_PIC_TOYS_58,,
SPINNING_TOP_PIC_TOYS_58,,
JUMP_ROPE_PIC_TOYS_58,,
JIGSAW_PUZZLE_PIC_TOYS_58,,
BUILDING_BLOCKS_PIC_TOYS_58,,
EGGPLANT_PIC_PURPLE_59,,
VIOLET_PIC_PURPLE_59,,
PLUM_PIC_PURPLE_59,,
LAVENDER_PIC_PURPLE_59,,
PURPLE_GRAPES_PIC_PURPLE_59,,
PURPLE_MUG_PIC_PURPLE_59,,
AMETHYST_PIC_PURPLE_59,,
WISTERIA_PIC_PURPLE_59,,
BANANA_PIC_YELLOW_60,,
CORN_PIC_YELLOW_60,,
GOLD_PIC_YELLOW_60,,
CHEESE_PIC_YELLOW_60,,
RUBBER_DUCK_PIC_YELLOW_60,,
LEMON_PIC_YELLOW_60,,
YELLOW_GEMSTONE_PIC_YELLOW_60,,
YELLOW_ROSE_PIC_YELLOW_60,,
UMBRELLA_PIC_RAIN_61,,
RAINCOAT_PIC_RAIN_61,,
CLOUD_PIC_RAIN_61,,
PUDDLE_PIC_RAIN_61,,
RAIN_BOOTS_PIC_RAIN_61,,
LIGHTNING_PIC_RAIN_61,,
RAINBOW_PIC_RAIN_61,,
RAINY_WEATHER_ICON_PIC_RAIN_61,,
DUMBBELL_PIC_GYM_62,,
BARBELL_PIC_GYM_62,,
AIR_BIKE_PIC_GYM_62,,
KETTLEBELL_PIC_GYM_62,,
TREADMILL_PIC_GYM_62,,
EXERCISE_BALL_PIC_GYM_62,,
ELLIPTICAL_MACHINE_PIC_GYM_62,,
AB_ROLLER_PIC_GYM_62,,
SOCKS_PIC_PAIRS_63,,
TWINS_PIC_PAIRS_63,,
SKIS_PIC_PAIRS_63,,
GLOVES_PIC_PAIRS_63,,
SHOES_PIC_PAIRS_63,,
WINGS_PIC_PAIRS_63,,
EARBUDS_PIC_PAIRS_63,,
CHOPSTICKS_PIC_PAIRS_63,,
TENT_PIC_CAMPING_64,,
CAMPFIRE_PIC_CAMPING_64,,
HAMMOCK_PIC_CAMPING_64,,
SLEEPING_BAG_PIC_CAMPING_64,,
CAMP_CHAIR_PIC_CAMPING_64,,
CAMPING_LANTERN_PIC_CAMPING_64,,
MULTI_TOOL_PIC_CAMPING_64,,
INSECT_REPELLENT_PIC_CAMPING_64,,
CANDY_CANE_PIC_XMAS_65,,
CHRISTMAS_STOCKING_PIC_XMAS_65,,
SANTA_PIC_XMAS_65,,
CHRISTMAS_TREE_PIC_XMAS_65,,
FAIRY_LIGHTS_PIC_XMAS_65,,
REINDEER_PIC_XMAS_65,,
GINGERBREAD_HOUSE_PIC_XMAS_65,,
CHRISTMAS_GIFT_PIC_XMAS_65,,
STAMP_PIC_MAIL_66,,
PARCEL_PIC_MAIL_66,,
LETTER_PIC_MAIL_66,,
MAILBOX_PIC_MAIL_66,,
POSTMARK_PIC_MAIL_66,,
EMAIL_PIC_MAIL_66,,
CARRIER_PIGEON_PIC_MAIL_66,,
POSTMAN_PIC_MAIL_66,,
CHEF_S_HAT_PIC_CHEF_67,,
RESTAURANT_PIC_CHEF_67,,
DISH_PIC_CHEF_67,,
CHEF_S_JACKET_PIC_CHEF_67,,
PROFESSIONAL_OVEN_PIC_CHEF_67,,
CHEF_S_KNIFE_PIC_CHEF_67,,
WOK_PIC_CHEF_67,,
SPICE_JAR_PIC_CHEF_67,,
TV_PIC_SCREEN_68,,
LAPTOP_PIC_SCREEN_68,,
E_READER_PIC_SCREEN_68,,
SMARTPHONE_PIC_SCREEN_68,,
SMARTWATCH_PIC_SCREEN_68,,
HANDHELD_GAME_CONSOLE_PIC_SCREEN_68,,
MOVIE_SCREEN_PIC_SCREEN_68,,
CALCULATOR_PIC_SCREEN_68,,
STETHOSCOPE_PIC_TOOLS_69,,
WRENCH_PIC_TOOLS_69,,
PAINTBRUSH_PIC_TOOLS_69,,
GAVEL_PIC_TOOLS_69,,
MICROPHONE_PIC_TOOLS_69,,
HARD_HAT_PIC_TOOLS_69,,
TEACHING_POINTER_PIC_TOOLS_69,,
SCAPEL_PIC_TOOLS_69,,
STAPLER_PIC_SUPPLIES_70,,
TAPE_DISPENSER_PIC_SUPPLIES_70,,
PAPERCLIP_PIC_SUPPLIES_70,,
NOTEBOOK_PIC_SUPPLIES_70,,
RUBBER_STAMP_PIC_SUPPLIES_70,,
FILE_FOLDER_PIC_SUPPLIES_70,,
PENCIL_PIC_SUPPLIES_70,,
CALCULATOR_PIC_SUPPLIES_70,,
BOWL_PIC_UTENSILS_71,,
PLATE_PIC_UTENSILS_71,,
CHOPSTICKS_PIC_UTENSILS_71,,
SPOON_PIC_UTENSILS_71,,
FORK_PIC_UTENSILS_71,,
CUP_PIC_UTENSILS_71,,
DINNER_KNIFE_PIC_UTENSILS_71,,
PLACEMAT_PIC_UTENSILS_71,,
CANVAS_PIC_ARTS_72,,
PALETTE_PIC_ARTS_72,,
SCULPTURE_PIC_ARTS_72,,
CAMERA_PIC_ARTS_72,,
FILM_PIC_ARTS_72,,
SHEET_MUSIC_PIC_ARTS_72,,
STAGE_CURTAIN_PIC_ARTS_72,,
MASK_PIC_ARTS_72,,
COMPASS_PIC_SURVIVAL_73,,
FLASHLIGHT_PIC_SURVIVAL_73,,
TENT_PIC_SURVIVAL_73,,
MATCHES_PIC_SURVIVAL_73,,
MULTI_TOOL_PIC_SURVIVAL_73,,
WATER_BOTTLE_PIC_SURVIVAL_73,,
ROPE_PIC_SURVIVAL_73,,
FIRST_AID_KIT_PIC_SURVIVAL_73,,
FLOUR_PIC_BAKING_74,,
EGGS_PIC_BAKING_74,,
SUGAR_PIC_BAKING_74,,
BUTTER_PIC_BAKING_74,,
YEAST_PIC_BAKING_74,,
CHOCOLATE_CHIPS_PIC_BAKING_74,,
VANILLA_EXTRACT_PIC_BAKING_74,,
CREAM_PIC_BAKING_74,,
THERMOMETER_PIC_MEDICAL_75,,
MASK_PIC_MEDICAL_75,,
SYRINGE_PIC_MEDICAL_75,,
PILLS_PIC_MEDICAL_75,,
BANDAGE_PIC_MEDICAL_75,,
WHEELCHAIR_PIC_MEDICAL_75,,
BLOOD_PRESSURE_MONITOR_PIC_MEDICAL_75,,
FIRST_AID_KIT_PIC_MEDICAL_75,,
REUSABLE_BAG_PIC_ECO_ITEMS_76,,
BIODEGRADABLE_UTENSILS_PIC_ECO_ITEMS_76,,
SOLAR_PANEL_PIC_ECO_ITEMS_76,,
WINDMILL_PIC_ECO_ITEMS_76,,
RECYCLING_BIN_PIC_ECO_ITEMS_76,,
BICYCLE_PIC_ECO_ITEMS_76,,
WATER_SAVING_FAUCET_PIC_ECO_ITEMS_76,,
LED_LIGHT_PIC_ECO_ITEMS_76,,
WALL_CLOCK_PIC_DECOR_77,,
PHOTO_FRAME_PIC_DECOR_77,,
RUG_PIC_DECOR_77,,
VASE_PIC_DECOR_77,,
WALL_ART_PIC_DECOR_77,,
CURTAINS_PIC_DECOR_77,,
THROW_PILLOW_PIC_DECOR_77,,
SCENTED_CANDLE_PIC_DECOR_77,,
SURFBOARD_PIC_AQUATICS_78,,
DIVING_MASK_PIC_AQUATICS_78,,
KAYAK_PIC_AQUATICS_78,,
LIFE_RING_PIC_AQUATICS_78,,
WETSUIT_PIC_AQUATICS_78,,
SAILBOAT_PIC_AQUATICS_78,,
PADDLEBOARD_PIC_AQUATICS_78,,
LIFE_JACKET_PIC_AQUATICS_78,,
CHECKMARK_PIC_ICONS_79,,
CROSS_PIC_ICONS_79,,
CIRCLE_PIC_ICONS_79,,
ARROW_PIC_ICONS_79,,
HEART_PIC_ICONS_79,,
STAR_PIC_ICONS_79,,
LOCK_ICON_PIC_ICONS_79,,
ENVELOPE_ICON_PIC_ICONS_79,,
JACK_O_LANTERN_PIC_HALLOWEEN_80,,
GHOST_PIC_HALLOWEEN_80,,
BAT_PIC_HALLOWEEN_80,,
BLACK_CAT_PIC_HALLOWEEN_80,,
WITCH_HAT_PIC_HALLOWEEN_80,,
SPIDER_WEB_PIC_HALLOWEEN_80,,
CANDY_BUCKET_PIC_HALLOWEEN_80,,
SKELETON_PIC_HALLOWEEN_80,,