id,basic_card_name_en,hi-IN
DOG_WORD_PETS_2,Dog,कुत्ता
HAMSTER_WORD_PETS_2,Hamster,हैम्स्टर
CAT_WORD_PETS_2,Cat,बिल्ली
PARROT_WORD_PETS_2,Parrot,तोता
HOT_DOG_WORD_FOOD_3,Hot dog,हॉट डॉग
PIZZA_WORD_FOOD_3,Pizza,पिज़्ज़ा
BURGER_WORD_FOOD_3,Burger,बर्गर
FRIES_WORD_FOOD_3,Fries,फ्राइज़
PEONY_WORD_FLOWERS_4,Peony,चपरासी फूल
LILY_WORD_FLOWERS_4,Lily,कुमुदिनी
ROSE_WORD_FLOWERS_4,Rose,गुलाब
TULIP_WORD_FLOWERS_4,Tulip,ट्यूलिप
WESTERN_WORD_CINEMA_6,Western,वेस्टर्न
DRAMA_WORD_CINEMA_6,Drama,ड्रामा
COMEDY_WORD_CINEMA_6,Comedy,कॉमेडी
HORROR_WORD_CINEMA_6,Horror,हॉरर
POPCORN_WORD_CINEMA_6,Action,एक्शन
TICKET_WORD_CINEMA_6,Romance,रोमांस
BEEF_WORD_BURGER_8,Beef,गोमांस
BUN_WORD_BURGER_8,Bun,बन
SAUCE_WORD_BURGER_8,Sauce,सॉस
CHEESE_WORD_BURGER_8,Cheese,पनीर
PAGE_WORD_BOOK_9,Page,पृष्ठ
PAPER_WORD_BOOK_9,Paper,कागज़
COVER_WORD_BOOK_9,Cover,आवरण
ASIA_WORD_LANDMASS_10,Asia,एशिया
AFRICA_WORD_LANDMASS_10,Africa,अफ़्रीका
EUROPE_WORD_LANDMASS_10,Europe,यूरोप
SODA_WORD_DRINKS_16,Soda,सोडा
ESPRESSO_WORD_DRINKS_16,Espresso,एस्प्रेसो
LEMONADE_WORD_DRINKS_16,Lemonade,नींबू पानी
JUICE_WORD_DRINKS_16,Juice,जूस
PAWN_WORD_CHESS_17,Pawn,प्यादा
ROOK_WORD_CHESS_17,Rook,हाथी
BISHOP_WORD_CHESS_17,Bishop,ऊँट
QUEEN_WORD_CHESS_17,Queen,वज़ीर
SPRING_WORD_SEASONS_18,Spring,वसंत
AUTUMN_WORD_SEASONS_18,Autumn,पतझड़
WINTER_WORD_SEASONS_18,Winter,सर्दी
SUMMER_WORD_SEASONS_18,Summer,गर्मी
ROD_WORD_FISHING_20,Rod,छड़ी
BOBBER_WORD_FISHING_20,Bobber,फ्लोट
BAIT_WORD_FISHING_20,Bait,चारा
JAMAICA_WORD_ISLANDS_21,Jamaica,जमैका
ICELAND_WORD_ISLANDS_21,Iceland,आइसलैंड
SICILY_WORD_ISLANDS_21,Sicily,सिसिली
HAWAII_WORD_ISLANDS_21,Hawaii,हवाई
BALI_WORD_ISLANDS_21,Bali,बाली
IBIZA_WORD_ISLANDS_21,Ibiza,इबीज़ा
CRETE_WORD_ISLANDS_21,Crete,क्रीट
BARBADOS_WORD_ISLANDS_21,Barbados,बारबाडोस
RUMBA_WORD_DANCES_24,Rumba,रूम्बा
TANGO_WORD_DANCES_24,Tango,टैंगो
SALSA_WORD_DANCES_24,Salsa,साल्सा
WALTZ_WORD_DANCES_24,Waltz,वाल्ट्ज़
SAMBA_WORD_DANCES_24,Samba,सांबा
FLAMENCO_WORD_DANCES_24,Flamenco,फ़्लामेंको
MOSQUITO_WORD_INSECTS_25,Mosquito,मच्छर
LADYBUG_WORD_INSECTS_25,Ladybug,लेडीबग
MOTH_WORD_INSECTS_25,Moth,पतंगा
WASP_WORD_INSECTS_25,Wasp,ततैया
DRAGONFLY_WORD_INSECTS_25,Dragonfly,व्याध पतंग
ANT_WORD_INSECTS_25,Ant,चींटी
METAL_WORD_MATERIAL_27,Metal,धातु
GLASS_WORD_MATERIAL_27,Glass,काँच
PLASTIC_WORD_MATERIAL_27,Plastic,प्लास्टिक
STONE_WORD_MATERIAL_27,Stone,पत्थर
TERMINAL_WORD_AIRPORT_29,Terminal,टर्मिनल
RUNWAY_WORD_AIRPORT_29,Runway,रनवे
GATE_WORD_AIRPORT_29,Gate,गेट
CREAM_WORD_DAIRY_30,Cream,क्रीम
BUTTER_WORD_DAIRY_30,Butter,मक्खन
YOGURT_WORD_DAIRY_30,Yogurt,दही
GOLDFISH_WORD_FISH_31,Goldfish,सुनहरी मछली
TUNA_WORD_FISH_31,Tuna,टूना
MARLIN_WORD_FISH_31,Marlin,मार्लिन
SARDINE_WORD_FISH_31,Sardine,सार्डिन
EEL_WORD_FISH_31,Eel,बाम मछली
MACKEREL_WORD_FISH_31,Mackerel,मैकरेल
GROUPER_WORD_FISH_31,Grouper,ग्रूपर
PERCH_WORD_FISH_31,Perch,पर्च
ITALY_WORD_MAP_32,Italy,इटली
INDIA_WORD_MAP_32,India,भारत
AUSTRALIA_WORD_MAP_32,Australia,ऑस्ट्रेलिया
FRANCE_WORD_MAP_32,France,फ़्रांस
USA_WORD_MAP_32,USA,अमेरिका
UK_WORD_MAP_32,UK,ब्रिटेन
CYPRUS_WORD_MAP_32,Cyprus,साइप्रस
JAPAN_WORD_MAP_32,Japan,जापान
ARMOR_WORD_KNIGHT_34,Armor,कवच
HELMET_WORD_KNIGHT_34,Helmet,हेलमेट
SHIELD_WORD_KNIGHT_34,Shield,ढाल
WEAPON_WORD_KNIGHT_34,Weapon,हथियार
DESTRIER_WORD_KNIGHT_34,Destrier,युद्ध अश्व
CHIVALRY_WORD_KNIGHT_34,Chivalry,शूरवीरता
SHOOTER_WORD_GAMER_36,Shooter,शूटर
ARCADE_WORD_GAMER_36,Arcade,आर्केड
STRATEGY_WORD_GAMER_36,Strategy,रणनीति
SCORE_WORD_GAMER_36,Score,स्कोर
DRYER_WORD_DEVICE_38,Dryer,ड्रायर
PRINTER_WORD_DEVICE_38,Printer,प्रिंटर
FAX_WORD_DEVICE_38,Fax,फ़ैक्स
HEATER_WORD_DEVICE_38,Heater,हीटर
MANSION_WORD_HOUSE_40,Mansion,हवेली
PALACE_WORD_HOUSE_40,Palace,महल
VILLA_WORD_HOUSE_40,Villa,विला
PILOT_WORD_JOBS_42,Pilot,पायलट
MAILMAN_WORD_JOBS_42,Mailman,डाकिया
DOCTOR_WORD_JOBS_42,Doctor,डॉक्टर
WELDER_WORD_JOBS_42,Welder,वेल्डर
ENGINEER_WORD_JOBS_42,Engineer,इंजीनियर
PLUMBER_WORD_JOBS_42,Plumber,प्लम्बर
ACTOR_WORD_JOBS_42,Actor,अभिनेता
NURSE_WORD_JOBS_42,Nurse,नर्स
SANDALS_WORD_FOOTWEAR_46,Sandals,सैंडल
UGGS_WORD_FOOTWEAR_46,Uggs,अग्स
SLIPPERS_WORD_FOOTWEAR_46,Slippers,चप्पल
CLOGS_WORD_FOOTWEAR_46,Clogs,क्लॉग्स
LOAFERS_WORD_FOOTWEAR_46,Loafers,लोफ़र
SNEAKERS_WORD_FOOTWEAR_46,Sneakers,स्नीकर्स
CAR_WORD_DRIVING_49,Car,कार
ROAD_WORD_DRIVING_49,Road,सड़क
SIGN_WORD_DRIVING_49,Sign,संकेत
TRAFFIC_WORD_DRIVING_49,Traffic,यातायात
VESPUCCI_WORD_EXPLORER_51,Vespucci,वेस्पुची
MAGELLAN_WORD_EXPLORER_51,Magellan,मैगेलन
COLUMBUS_WORD_EXPLORER_51,Columbus,कोलंबस
KICK_WORD_MOVEMENT_52,Kick,लात
WALK_WORD_MOVEMENT_52,Walk,चलना
JUMP_WORD_MOVEMENT_52,Jump,कूदना
SOLID_WORD_PHASE_57,Solid,ठोस
LIQUID_WORD_PHASE_57,Liquid,तरल
GAS_WORD_PHASE_57,Gas,गैस
COMFY_WORD_COZY_58,Comfy,आरामदायक
WARM_WORD_COZY_58,Warm,गर्म
SNUG_WORD_COZY_58,Snug,सुखद
ARIES_WORD_ZODIAC_59,Aries,मेष
TAURUS_WORD_ZODIAC_59,Taurus,वृषभ
GEMINI_WORD_ZODIAC_59,Gemini,मिथुन
LEO_WORD_ZODIAC_59,Leo,सिंह
VIRGO_WORD_ZODIAC_59,Virgo,कन्या
LIBRA_WORD_ZODIAC_59,Libra,तुला
SCORPIO_WORD_ZODIAC_59,Scorpio,वृश्चिक
PISCES_WORD_ZODIAC_59,Pisces,मीन
FRIGATE_WORD_SHIP_62,Frigate,फ्रिगेट
CARAVEL_WORD_SHIP_62,Caravel,कैरेवल
GALLEON_WORD_SHIP_62,Galleon,गैलियन
BRIG_WORD_SHIP_62,Brig,ब्रिग
TANKER_WORD_SHIP_62,Tanker,टैंकर
TUGBOAT_WORD_SHIP_62,Tugboat,टगबोट
STAMP_WORD_MAILMAN_63,Stamp,डाक टिकट
ENVELOPE_WORD_MAILMAN_63,Envelope,लिफ़ाफ़ा
LETTER_WORD_MAILMAN_63,Letter,पत्र
MAIL_WORD_MAILMAN_63,Mail,डाक
SEAL_WORD_MAILMAN_63,Seal,मुहर
INK_WORD_MAILMAN_63,Ink,स्याही
BUST_WORD_SCULPT_64,Bust,आवक्ष प्रतिमा
FIGURINE_WORD_SCULPT_64,Figurine,मूर्तिका
STATUE_WORD_SCULPT_64,Statue,प्रतिमा
MONUMENT_WORD_SCULPT_64,Monument,स्मारक
ENGLISH_WORD_LANGUAGE_70,English,अंग्रेज़ी
ITALIAN_WORD_LANGUAGE_70,Italian,इतालवी
HINDI_WORD_LANGUAGE_70,Hindi,हिंदी
JAPANESE_WORD_LANGUAGE_70,Japanese,जापानी
HEBREW_WORD_LANGUAGE_70,Hebrew,हिब्रू
DANISH_WORD_LANGUAGE_70,Danish,डेनिश
LATIN_WORD_LANGUAGE_70,Latin,लैटिन
POLISH_WORD_LANGUAGE_70,Polish,पोलिश
LENS_WORD_CAMERA_73,Lens,लेंस
FLASH_WORD_CAMERA_73,Flash,फ्लैश
ZOOM_WORD_CAMERA_73,Zoom,ज़ूम
FILTER_WORD_CAMERA_73,Filter,फ़िल्टर
SHUTTER_WORD_CAMERA_73,Shutter,शटर
EXPOSURE_WORD_CAMERA_73,Exposure,एक्सपोज़र
MIST_WORD_FOG_76,Mist,धुंध
HAZE_WORD_FOG_76,Haze,कोहरा
SMOG_WORD_FOG_76,Smog,धुआँसा
VAPOR_WORD_FOG_76,Vapor,वाष्प
SLEET_WORD_SNOW_77,Sleet,ओलावृष्टि
FLAKE_WORD_SNOW_77,Flake,हिमकण
ICEBERG_WORD_SNOW_77,Frost,पाला
HEDGEHOG_WORD_SPIKY_78,Hedgehog,कंटक चूहा
CACTUS_WORD_SPIKY_78,Cactus,कैक्टस
DURIAN_WORD_SPIKY_78,Durian,डूरियन
DOVE_WORD_BIRDS_80,Dove,कबूतर
EAGLE_WORD_BIRDS_80,Eagle,गरुड़
SWAN_WORD_BIRDS_80,Swan,हंस
OWL_WORD_BIRDS_80,Owl,उल्लू
HERON_WORD_BIRDS_80,Heron,बगुला
ROBIN_WORD_BIRDS_80,Robin,रॉबिन
FINCH_WORD_BIRDS_80,Finch,फिंच
VULTURE_WORD_BIRDS_80,Vulture,गिद्ध
SARTRE_WORD_MINDS_82,Sartre,सार्त्र
DANTE_WORD_MINDS_82,Dante,दांते
PLATO_WORD_MINDS_82,Plato,प्लेटो
SOCRATES_WORD_MINDS_82,Socrates,सुकरात
GALILEO_WORD_MINDS_82,Galileo,गैलीलियो
KANT_WORD_MINDS_82,Kant,कांट
PUCK_WORD_HOCKEY_86,Puck,पक
PENALTY_WORD_HOCKEY_86,Penalty,पेनल्टी
GOAL_WORD_HOCKEY_86,Goal,गोल
RINK_WORD_HOCKEY_86,Rink,रिंक
COUPLE_WORD_DATE_87,Couple,जोड़ा
TUXEDO_WORD_DATE_87,Wine,वाइन
FLOWERS_WORD_DATE_87,Flowers,फूल
TEETH_WORD_SAW_88,Teeth,दाँत
BLADE_WORD_SAW_88,Blade,ब्लेड
NOTCH_WORD_SAW_88,Notch,खाँचा
OLDMAN_WORD_ACTOR_89,Oldman,ओल्डमैन
PITT_WORD_ACTOR_89,Pitt,पिट
EASTWOOD_WORD_ACTOR_89,Eastwood,ईस्टवुड
HANKS_WORD_ACTOR_89,Hanks,हैंक्स
CROWE_WORD_ACTOR_89,Crowe,क्रो
CRUISE_WORD_ACTOR_89,Cruise,क्रूज़
DICAPRIO_WORD_ACTOR_89,DiCaprio,डिकैप्रियो
WAHLBERG_WORD_ACTOR_89,Wahlberg,वॉलबर्ग
MERCURY_WORD_PLANET_90,Mercury,बुध
JUPITER_WORD_PLANET_90,Jupiter,बृहस्पति
SATURN_WORD_PLANET_90,Saturn,शनि
URANUS_WORD_PLANET_90,Uranus,अरुण
NEPTUNE_WORD_PLANET_90,Neptune,वरुण
MARS_WORD_PLANET_90,Mars,मंगल
EARTH_WORD_PLANET_90,Earth,पृथ्वी
VENUS_WORD_PLANET_90,Venus,शुक्र
BIOLOGY_WORD_LESSONS_94,Biology,जीव विज्ञान
PHYSICS_WORD_LESSONS_94,Physics,भौतिकी
GEOMETRY_WORD_LESSONS_94,Geometry,ज्यामिति
ALGEBRA_WORD_LESSONS_94,Algebra,बीजगणित
HISTORY_WORD_LESSONS_94,History,इतिहास
CALCULUS_WORD_LESSONS_94,Calculus,कलन
TABLETS_WORD_PILLS_99,Tablets,गोलियाँ
CAPSULES_WORD_PILLS_99,Capsules,कैप्सूल
LOZENGES_WORD_PILLS_99,Lozenges,लोज़ेंज
CLOUDS_WORD_RAINY_100,Clouds,बादल
SHOWERS_WORD_RAINY_100,Showers,बौछारें
PUDDLES_WORD_RAINY_100,Puddles,गड्ढे
CIABATTA_WORD_BREADS_102,Ciabatta,चबाटा
BAGUETTE_WORD_BREADS_102,Baguette,बैगेट
FOCACCIA_WORD_BREADS_102,Focaccia,फ़ोकैचा
PITA_WORD_BREADS_102,Pita,पीटा
CHALLAH_WORD_BREADS_102,Challah,ख़ल्ला
TORTILLA_WORD_BREADS_102,Tortilla,तोर्तिया
BRIOCHE_WORD_BREADS_102,Brioche,ब्रियोश
AREPA_WORD_BREADS_102,Arepa,अरेपा
GYRUS_WORD_BRAIN_106,Gyrus,घुमाव
CORTEX_WORD_BRAIN_106,Cortex,वल्कुट
LOBE_WORD_BRAIN_106,Lobe,पालि
HYDROGEN_WORD_ELEMENTS_107,Hydrogen,हाइड्रोजन
NITROGEN_WORD_ELEMENTS_107,Nitrogen,नाइट्रोजन
SULFUR_WORD_ELEMENTS_107,Sulfur,गंधक
CARBON_WORD_ELEMENTS_107,Carbon,कार्बन
SODIUM_WORD_ELEMENTS_107,Sodium,सोडियम
SILICON_WORD_ELEMENTS_107,Silicon,सिलिकॉन
IODINE_WORD_ELEMENTS_107,Iodine,आयोडीन
OXYGEN_WORD_ELEMENTS_107,Oxygen,ऑक्सीजन
BRIE_WORD_CHEESE_108,Brie,ब्री
FETA_WORD_CHEESE_108,Feta,फ़ेटा
GOUDA_WORD_CHEESE_108,Gouda,गौडा
CHEDDAR_WORD_CHEESE_108,Cheddar,चेडर
PARMESAN_WORD_CHEESE_108,Parmesan,पार्मेज़ान
RICOTTA_WORD_CHEESE_108,Ricotta,रिकोटा
EDAM_WORD_CHEESE_108,Edam,एडम
DORBLU_WORD_CHEESE_108,Swiss,स्विस
WORKOUT_WORD_FITNESS_110,Workout,वर्कआउट
YOGA_WORD_FITNESS_110,Yoga,योग
PILATES_WORD_FITNESS_110,Pilates,पिलाटीज़
JOGGING_WORD_FITNESS_110,Jogging,जॉगिंग
GYM_WORD_FITNESS_110,Gym,जिम
CARDIO_WORD_FITNESS_110,Cardio,कार्डियो
BICEPS_WORD_MUSCLES_112,Biceps,बाइसेप्स
DELTOIDS_WORD_MUSCLES_112,Deltoids,डेल्टॉइड
ABS_WORD_MUSCLES_112,Abs,एब्स
TRICEPS_WORD_MUSCLES_112,Triceps,ट्राइसेप्स
SCARAB_WORD_EGYPT_114,Scarab,स्कैरब
PHARAOH_WORD_EGYPT_114,Pharaoh,फ़िरौन
PAPYRUS_WORD_EGYPT_114,Papyrus,पपाइरस
PYRAMID_WORD_EGYPT_114,Pyramid,पिरामिड
MULBERRY_WORD_BERRY_116,Mulberry,शहतूत
BILBERRY_WORD_BERRY_116,Bilberry,बिलबेरी
BARBERRY_WORD_BERRY_116,Barberry,बारबेरी
ATHENS_WORD_CAPITALS_119,Athens,एथेंस
PRAGUE_WORD_CAPITALS_119,Prague,प्राग
MADRID_WORD_CAPITALS_119,Madrid,मैड्रिड
RIYADH_WORD_CAPITALS_119,Riyadh,रियाद
OTTAWA_WORD_CAPITALS_119,Ottawa,ओटावा
ROME_WORD_CAPITALS_119,Rome,रोम
OSLO_WORD_CAPITALS_119,Oslo,ओस्लो
CAIRO_WORD_CAPITALS_119,Cairo,काहिरा
POWDER_WORD_MAKEUP_120,Powder,पाउडर
SPONGE_WORD_MAKEUP_120,Sponge,स्पंज
PALETTE_WORD_MAKEUP_120,Palette,पैलेट
SERUM_WORD_MAKEUP_120,Serum,सीरम
PEEL_WORD_MAKEUP_120,Peel,पील
BLUSH_WORD_MAKEUP_120,Blush,ब्लश
SAVATE_WORD_COMBAT_121,Savate,सावात
JUDO_WORD_COMBAT_121,Judo,जूडो
KARATE_WORD_COMBAT_121,Karate,कराटे
KUNG_FU_WORD_COMBAT_121,Kung fu,कुंग फ़ू
SUMO_WORD_COMBAT_121,Sumo,सूमो
SILAT_WORD_COMBAT_121,Silat,सिलाट
CHORDS_WORD_GUITAR_122,Chords,कॉर्ड्स
PICKUPS_WORD_GUITAR_122,Pickups,पिकअप
STRINGS_WORD_GUITAR_122,Strings,तार
RIFFS_WORD_GUITAR_122,Riffs,रिफ़्स
POINTE_WORD_BALLET_125,Pointe,प्वांट
TUTU_WORD_BALLET_125,Tutu,टूटू
BARRE_WORD_BALLET_125,Barre,बार
ALLIANCE_WORD_UNITE_126,Alliance,गठबंधन
LEAGUE_WORD_UNITE_126,League,लीग
UNION_WORD_UNITE_126,Union,संघ
JEWELRY_WORD_LUXURY_133,Jewelry,आभूषण
WATCH_WORD_LUXURY_133,Watch,घड़ी
CAVIAR_WORD_LUXURY_133,Caviar,कैवियार
YACHT_WORD_LUXURY_133,Yacht,यॉट
SAVANNA_WORD_BIOMES_135,Savanna,सवाना
TUNDRA_WORD_BIOMES_135,Tundra,टुंड्रा
TAIGA_WORD_BIOMES_135,Taiga,टैगा
SRIRACHA_WORD_SPICY_136,Sriracha,श्रीराचा
WASABI_WORD_SPICY_136,Wasabi,वसाबी
HABANERO_WORD_SPICY_136,Habanero,हबानेरो
COCKPIT_WORD_PLANE_139,Cockpit,कॉकपिट
SEATBELT_WORD_PLANE_139,Seatbelt,सीटबेल्ट
WINGS_WORD_PLANE_139,Wings,पंख
ENGINE_WORD_PLANE_139,Engine,इंजन
RUDDER_WORD_PLANE_139,Rudder,पतवार
FUSELAGE_WORD_PLANE_139,Fuselage,धड़
AILERON_WORD_PLANE_139,Aileron,एलेरॉन
FLY_WORD_PLANE_139,Fly,उड़ान
BEAVER_WORD_RODENTS_141,Beaver,ऊदबिलाव
MARMOT_WORD_RODENTS_141,Marmot,मार्मोट
NUTRIA_WORD_RODENTS_141,Nutria,न्यूट्रिया
SQUIRREL_WORD_RODENTS_141,Squirrel,गिलहरी
CAPYBARA_WORD_RODENTS_141,Capybara,कैपीबारा
RAT_WORD_RODENTS_141,Rat,चूहा
SOLAR_WORD_ENERGY_145,Solar,सौर
NUCLEAR_WORD_ENERGY_145,Nuclear,नाभिकीय
KINETIC_WORD_ENERGY_145,Kinetic,गतिज
THERMAL_WORD_ENERGY_145,Thermal,ऊष्मीय
ESSAY_WORD_ARTICLES_147,Essay,निबंध
REVIEW_WORD_ARTICLES_147,Review,समीक्षा
OPINION_WORD_ARTICLES_147,Opinion,राय
TSUNAMI_WORD_DISASTER_148,Tsunami,सुनामी
TORNADO_WORD_DISASTER_148,Tornado,बवंडर
FLOOD_WORD_DISASTER_148,Flood,बाढ़
GORILLA_WORD_PRIMATES_149,Gorilla,गोरिल्ला
GIBBON_WORD_PRIMATES_149,Gibbon,गिबन
BABOON_WORD_PRIMATES_149,Baboon,बबून
LEMUR_WORD_PRIMATES_149,Lemur,लीमर
MACAQUE_WORD_PRIMATES_149,Macaque,मकाक
SIMIAN_WORD_PRIMATES_149,Simian,वानर
MANDRILL_WORD_PRIMATES_149,Mandrill,मैनड्रिल
TARSIER_WORD_PRIMATES_149,Tarsier,टार्सियर
PYTHON_WORD_CODING_150,Python,पायथन
JAVA_WORD_CODING_150,Java,जावा
RUBY_WORD_CODING_150,Ruby,रूबी
SWIFT_WORD_CODING_150,Swift,स्विफ़्ट
SCRIPT_WORD_CODING_150,Script,स्क्रिप्ट
PHP_WORD_CODING_150,PHP,पीएचपी
SQL_WORD_CODING_150,SQL,एसक्यूएल
BUGS_WORD_CODING_150,Bugs,बग्स
LYRICS_WORD_RAP_151,Lyrics,बोल
VERSE_WORD_RAP_151,Verse,पद
RHYME_WORD_RAP_151,Rhyme,तुकबंदी
PUNCH_WORD_RAP_151,Punch,पंच
NIAGARA_WORD_WATER_152,Niagara,नियाग्रा
VICTORIA_WORD_WATER_152,Victoria,विक्टोरिया
YOSEMITE_WORD_WATER_152,Yosemite,योसेमाइट
HAVASU_WORD_WATER_152,Havasu,हवासू
YO_YO_WORD_TOYS_154,Yo-yo,यो-यो
SPINNER_WORD_TOYS_154,Spinner,स्पिनर
DOLL_WORD_TOYS_154,Doll,गुड़िया
SERGEANT_WORD_ARMY_156,Sergeant,सार्जेंट
MAJOR_WORD_ARMY_156,Major,मेजर
GENERAL_WORD_ARMY_156,General,जनरल
COLONEL_WORD_ARMY_156,Colonel,कर्नल
PRIVATE_WORD_ARMY_156,Private,सिपाही
CORPORAL_WORD_ARMY_156,Corporal,नायक
CAPTAIN_WORD_ARMY_156,Captain,कैप्टन
RANK_WORD_ARMY_156,Rank,पद
ZEN_WORD_MEDITATE_160,Zen,ज़ेन
BREATH_WORD_MEDITATE_160,Breath,साँस
PEACE_WORD_MEDITATE_160,Peace,शांति
MANTRA_WORD_MEDITATE_160,Mantra,मंत्र
FAMOUS_WORD_FAME_161,Famous,प्रसिद्ध
ICONIC_WORD_FAME_161,Iconic,प्रतिष्ठित
POPULAR_WORD_FAME_161,Popular,लोकप्रिय
RENOWN_WORD_FAME_161,Renown,ख्याति
SYNTAX_WORD_LINGUIST_162,Syntax,वाक्य रचना
POLYGLOT_WORD_LINGUIST_162,Polyglot,बहुभाषी
GRAMMAR_WORD_LINGUIST_162,Grammar,व्याकरण
SCHOLAR_WORD_LINGUIST_162,Scholar,विद्वान
EASTER_WORD_HOLIDAY_163,Easter,ईस्टर
NEW_YEAR_WORD_HOLIDAY_163,New Year,नया साल
FLAG_DAY_WORD_HOLIDAY_163,Flag Day,झंडा दिवस
DUMBBELL_WORD_GYM_164,Dumbbell,डम्बल
BARBELL_WORD_GYM_164,Barbell,बारबेल
AIR_BIKE_WORD_GYM_164,Air bike,एयर बाइक
PERICLES_WORD_WILLIAM_165,Pericles,पेरिक्लीज़
MACBETH_WORD_WILLIAM_165,Macbeth,मैकबेथ
HAMLET_WORD_WILLIAM_165,Hamlet,हैमलेट
OTHELLO_WORD_WILLIAM_165,Othello,ओथेलो
JULIET_WORD_WILLIAM_165,Juliet,जूलियट
ROMEO_WORD_WILLIAM_165,Romeo,रोमियो
TEMPEST_WORD_WILLIAM_165,Tempest,तूफ़ान
HENRY_V_WORD_WILLIAM_165,Henry V,हेनरी पंचम
WOLF_WORD_CANINES_168,Wolf,भेड़िया
COYOTE_WORD_CANINES_168,Coyote,कोयोट
DINGO_WORD_CANINES_168,Dingo,डिंगो
JACKAL_WORD_CANINES_168,Jackal,सियार
FOX_WORD_CANINES_168,Fox,लोमड़ी
DHOLE_WORD_CANINES_168,Dhole,ढोल
HARVARD_WORD_STUDIES_169,Harvard,हार्वर्ड
STANFORD_WORD_STUDIES_169,Stanford,स्टैनफ़ोर्ड
OXFORD_WORD_STUDIES_169,Oxford,ऑक्सफ़ोर्ड
YALE_WORD_STUDIES_169,Yale,येल
SORBONNE_WORD_STUDIES_169,Sorbonne,सोरबॉन
MIT_WORD_STUDIES_169,MIT,एमआईटी
LEMON_WORD_CITRUS_173,Lemon,नींबू
LIME_WORD_CITRUS_173,Lime,नीबू
POMELO_WORD_CITRUS_173,Pomelo,चकोतरा
GLIDER_WORD_AIRCRAFT_174,Glider,ग्लाइडर
JETLINER_WORD_AIRCRAFT_174,Jetliner,जेट विमान
AIRPLANE_WORD_AIRCRAFT_174,Airplane,हवाई जहाज़
MERLOT_WORD_GRAPE_177,Merlot,मर्लो
RIESLING_WORD_GRAPE_177,Riesling,रीस्लिंग
SHIRAZ_WORD_GRAPE_177,Shiraz,शिराज़
GRENACHE_WORD_GRAPE_177,Grenache,ग्रेनाश
MUSCAT_WORD_GRAPE_177,Muscat,मस्कट
MALBEC_WORD_GRAPE_177,Malbec,मालबेक
AMANITA_WORD_MUSHROOM_178,Amanita,अमानिता
PORCINI_WORD_MUSHROOM_178,Porcini,पोर्चिनी
RUSSULA_WORD_MUSHROOM_178,Russula,रसूला
TRUFFLE_WORD_MUSHROOM_178,Truffle,ट्रफ़ल
ENOKI_WORD_MUSHROOM_178,Enoki,एनोकी
SHIITAKE_WORD_MUSHROOM_178,Shiitake,शीतके
WALRUS_WORD_ARCTIC_180,Walrus,वालरस
POLAR_BEAR_WORD_ARCTIC_180,Polar bear,ध्रुवीय भालू
SNOWY_OWL_WORD_ARCTIC_180,Snowy owl,हिम उल्लू
REINDEER_WORD_ARCTIC_180,Reindeer,रेनडियर
PIT_STOP_WORD_RACING_182,Pit stop,पिट स्टॉप
FINISH_WORD_RACING_182,Finish,फ़िनिश
SPEEDWAY_WORD_RACING_182,Speedway,स्पीडवे
ASSIST_WORD_HELP_183,Assist,सहायता
SUPPORT_WORD_HELP_183,Support,समर्थन
DONATE_WORD_HELP_183,Donate,दान
OPAL_WORD_GEMSTONE_186,Opal,ओपल
RUBY_WORD_GEMSTONE_186,Ruby,माणिक
TOPAZ_WORD_GEMSTONE_186,Topaz,पुखराज
SAPPHIRE_WORD_GEMSTONE_186,Sapphire,नीलम
GARNET_WORD_GEMSTONE_186,Garnet,गार्नेट
DIAMOND_WORD_GEMSTONE_186,Diamond,हीरा
ONYX_WORD_GEMSTONE_186,Onyx,गोमेद
AGATE_WORD_GEMSTONE_186,Agate,अगेट
ORION_WORD_PATTERN_188,Orion,मृगशीर्ष
PERSEUS_WORD_PATTERN_188,Perseus,पर्सियस
DRACO_WORD_PATTERN_188,Draco,ड्रैको
SCORPIUS_WORD_PATTERN_188,Scorpius,स्कॉर्पियस
CYGNUS_WORD_PATTERN_188,Cygnus,सिग्नस
SERPENS_WORD_PATTERN_188,Serpens,सर्पेंस
GASOLINE_WORD_FUELS_190,Gasoline,गैसोलीन
DIESEL_WORD_FUELS_190,Diesel,डीज़ल
COAL_WORD_FUELS_190,Coal,कोयला
PROPANE_WORD_FUELS_190,Propane,प्रोपेन
KEROSENE_WORD_FUELS_190,Kerosene,मिट्टी का तेल
VOTER_WORD_ELECT_193,Voter,मतदाता
BALLOT_WORD_ELECT_193,Ballot,मतपत्र
CAMPAIGN_WORD_ELECT_193,Campaign,अभियान
TURNOUT_WORD_ELECT_193,Turnout,मतदान
KING_WORD_CROWN_194,King,राजा
EMPEROR_WORD_CROWN_194,Emperor,सम्राट
MAHARAJA_WORD_CROWN_194,Maharaja,महाराजा
KENNEDY_WORD_LEADER_196,Washington,वाशिंगटन
CLINTON_WORD_LEADER_196,Jefferson,जेफ़रसन
LINCOLN_WORD_LEADER_196,Lincoln,लिंकन
REAGAN_WORD_LEADER_196,Roosevelt,रूज़वेल्ट
BUSH_WORD_LEADER_196,Wilson,विल्सन
OBAMA_WORD_LEADER_196,Jackson,जैक्सन
ADAMS_WORD_LEADER_196,Adams,एडम्स
BIDEN_WORD_LEADER_196,Madison,मैडिसन
SOFT_BUN_WORD_HOT_DOG_201,Soft bun,मुलायम बन
SAUSAGE_WORD_HOT_DOG_201,Sausage,सॉसेज
KETCHUP_WORD_HOT_DOG_201,Ketchup,कैचअप
DECODE_WORD_CIPHER_208,Decode,डिकोड
ENCODE_WORD_CIPHER_208,Encode,एनकोड
KEYWORD_WORD_CIPHER_208,Keyword,कुंजी शब्द
PASSWORD_WORD_CIPHER_208,Password,पासवर्ड
HARMONY_WORD_SYMPHONY_210,Harmony,सामंजस्य
OVERTURE_WORD_SYMPHONY_210,Overture,प्रस्तावना
MELODY_WORD_SYMPHONY_210,Melody,धुन
PHOTO_WORD_ARTWORKS_211,Photo,फ़ोटो
DRAWING_WORD_ARTWORKS_211,Drawing,चित्रण
PAINTING_WORD_ARTWORKS_211,Painting,चित्रकला
HAMMER_WORD_AUCTION_215,Hammer,हथौड़ा
LOT_WORD_AUCTION_215,Lot,लॉट
BID_WORD_AUCTION_215,Bid,बोली
PRICE_WORD_AUCTION_215,Price,कीमत
CATALOG_WORD_AUCTION_215,Catalog,सूची
BIDDER_WORD_AUCTION_215,Bidder,बोलीदाता
EXCELSA_WORD_BEANS_219,Excelsa,एक्सेल्सा
ROBUSTA_WORD_BEANS_219,Robusta,रोबस्टा
LIBERICA_WORD_BEANS_219,Liberica,लिबेरिका
ARABICA_WORD_BEANS_219,Arabica,अरेबिका
TENT_WORD_CAMPING_221,Tent,तम्बू
CAMPFIRE_WORD_CAMPING_221,Campfire,कैम्पफ़ायर
HAMMOCK_WORD_CAMPING_221,Hammock,झूला
ORGAN_WORD_PLAY_223,Organ,ऑर्गन
VIOLIN_WORD_PLAY_223,Violin,वायलिन
UKULELE_WORD_PLAY_223,Ukulele,यूकुलेले
DRUM_WORD_PLAY_223,Drum,ढोल
PIANO_WORD_PLAY_223,Piano,पियानो
FLUTE_WORD_PLAY_223,Flute,बाँसुरी
GUITAR_WORD_PLAY_223,Guitar,गिटार
CELLO_WORD_PLAY_223,Cello,चेलो
BANK_WORD_FINANCE_227,Bank,बैंक
INCOME_WORD_FINANCE_227,Income,आय
EXPENSE_WORD_FINANCE_227,Expense,व्यय
MONEY_WORD_FINANCE_227,Money,धन
KINGDOM_WORD_MEDIEVAL_228,Kingdom,राज्य
LORD_WORD_MEDIEVAL_228,Lord,लॉर्ड
KNIGHT_WORD_MEDIEVAL_228,Knight,शूरवीर
CASTLE_WORD_MEDIEVAL_228,Castle,किला
GLASSES_WORD_OPTICS_229,Glasses,चश्मा
LENS_WORD_OPTICS_229,Lens,लेंस
MONOCLE_WORD_OPTICS_229,Monocle,मोनोकल
SPYGLASS_WORD_OPTICS_229,Spyglass,दूरबीन
SIGNPOST_WORD_NAVIGATE_230,Signpost,साइनपोस्ट
SEXTANT_WORD_NAVIGATE_230,Sextant,षष्ठक
COMPASS_WORD_NAVIGATE_230,Compass,दिशा सूचक
PLAYPEN_WORD_TODDLER_231,Playpen,प्लेपेन
NAP_TIME_WORD_TODDLER_231,Nap time,झपकी का समय
PACIFIER_WORD_TODDLER_231,Pacifier,चुसनी
CAPRINE_WORD_FAMILIES_234,Caprine,बकरी कुल
OVINE_WORD_FAMILIES_234,Ovine,भेड़ कुल
FELINE_WORD_FAMILIES_234,Feline,बिल्ली कुल
EQUINE_WORD_FAMILIES_234,Equine,घोड़ा कुल
CANINE_WORD_FAMILIES_234,Canine,कुत्ता कुल
MURINE_WORD_FAMILIES_234,Murine,चूहा कुल
PORCINE_WORD_FAMILIES_234,Porcine,सूअर कुल
BOVINE_WORD_FAMILIES_234,Bovine,गाय कुल
ALTAIR_WORD_STARS_236,Altair,अल्टेयर
POLARIS_WORD_STARS_236,Polaris,ध्रुव तारा
SIRIUS_WORD_STARS_236,Sirius,व्याध
VEGA_WORD_STARS_236,Vega,अभिजित
RIGEL_WORD_STARS_236,Rigel,राइजेल
ALKAID_WORD_STARS_236,Alkaid,अल्काइड
NEURAL_WORD_AI_238,Neural,तंत्रिका
DATASET_WORD_AI_238,Dataset,डेटासेट
CHATBOT_WORD_AI_238,Chatbot,चैटबॉट
AGENT_WORD_AI_238,Agent,एजेंट
MATRIX_WORD_AI_238,Matrix,मैट्रिक्स
CORTEX_WORD_AI_238,Cortex,कॉर्टेक्स
REGION_WORD_DIVISION_242,Region,क्षेत्र
COUNTRY_WORD_DIVISION_242,Country,देश
STATE_WORD_DIVISION_242,State,राज्य
CITY_WORD_DIVISION_242,City,शहर
DIALOGUE_WORD_SPEAK_244,Dialogue,संवाद
DEBATE_WORD_SPEAK_244,Debate,बहस
ARGUMENT_WORD_SPEAK_244,Argument,तर्क
WAVY_WORD_HAIR_245,Wavy,लहरदार
CURLY_WORD_HAIR_245,Curly,घुँघराले
COILY_WORD_HAIR_245,Coily,कुंडलित
SPRAIN_WORD_INJURIES_249,Sprain,मोच
FRACTURE_WORD_INJURIES_249,Fracture,फ्रैक्चर
BRUISE_WORD_INJURIES_249,Bruise,नील
WOUND_WORD_INJURIES_249,Wound,घाव
HEADACHE_WORD_FLU_251,Headache,सिरदर्द
PILLS_WORD_FLU_251,Pills,गोलियाँ
COUGH_WORD_FLU_251,Cough,खाँसी
GYPSUM_WORD_MINERALS_253,Gypsum,जिप्सम
CALCITE_WORD_MINERALS_253,Calcite,कैल्साइट
AZURITE_WORD_MINERALS_253,Azurite,एज़ुराइट
MICA_WORD_MINERALS_253,Mica,अभ्रक
MARBLE_WORD_MINERALS_253,Marble,संगमरमर
QUARTZ_WORD_MINERALS_253,Quartz,क्वार्ट्ज़
LIME_WORD_MINERALS_253,Lime,चूना
BERYL_WORD_MINERALS_253,Beryl,बेरिल
DECAY_WORD_RADIATE_257,Decay,क्षय
FALLOUT_WORD_RADIATE_257,Fallout,विकिरण पतन
CURIE_WORD_RADIATE_257,Curie,क्यूरी
X_RAYS_WORD_RADIATE_257,X-rays,एक्स-रे
GLUCAGON_WORD_HORMONES_259,Glucagon,ग्लूकागॉन
CORTISOL_WORD_HORMONES_259,Cortisol,कोर्टिसोल
INSULIN_WORD_HORMONES_259,Insulin,इंसुलिन
GASTRIN_WORD_HORMONES_259,Gastrin,गैस्ट्रिन
IRIS_WORD_EYE_260,Iris,परितारिका
PUPIL_WORD_EYE_260,Pupil,पुतली
RETINA_WORD_EYE_260,Retina,दृष्टिपटल
DIG_WORD_SHOVEL_261,Dig,खुदाई
EXCAVATE_WORD_SHOVEL_261,Excavate,उत्खनन
UNEARTH_WORD_SHOVEL_261,Unearth,खोजना
ALNICO_WORD_ALLOY_264,Alnico,अल्निको
AMALGAM_WORD_ALLOY_264,Amalgam,मिश्रधातु
BRASS_WORD_ALLOY_264,Brass,पीतल
BRONZE_WORD_ALLOY_264,Bronze,काँसा
NICHROME_WORD_ALLOY_264,Nichrome,निक्रोम
TUNGSTEN_WORD_ALLOY_264,Pewter,प्यूटर
NITINOL_WORD_ALLOY_264,Nitinol,नाइटिनॉल
STELLITE_WORD_ALLOY_264,Stellite,स्टेलाइट
DIWALI_WORD_FESTIVAL_270,Diwali,दीपावली
HOLI_WORD_FESTIVAL_270,Holi,होली
SONGKRAN_WORD_FESTIVAL_270,Songkran,सोंगक्रान
THULIUM_WORD_METAL_272,Thulium,थुलियम
HOLMIUM_WORD_METAL_272,Holmium,होल्मियम
IRIDIUM_WORD_METAL_272,Iridium,इरिडियम
RHODIUM_WORD_METAL_272,Rhodium,रोडियम
YTTRIUM_WORD_METAL_272,Yttrium,इट्रियम
LUTETIUM_WORD_METAL_272,Lutetium,ल्यूटीशियम
EUROPIUM_WORD_METAL_272,Europium,यूरोपियम
ERBIUM_WORD_METAL_272,Erbium,एर्बियम
INSIGNIA_WORD_ARTIFACT_276,Insignia,प्रतीक चिह्न
RELIC_WORD_ARTIFACT_276,Relic,अवशेष
SIGIL_WORD_ARTIFACT_276,Sigil,मुद्रा
TOTEM_WORD_ARTIFACT_276,Totem,टोटम
AMULET_WORD_ARTIFACT_276,Amulet,ताबीज़
VASE_WORD_ARTIFACT_276,Vase,फूलदान
GUARD_WORD_DEFENSE_277,Guard,गार्ड
CCTV_WORD_DEFENSE_277,CCTV,सीसीटीवी
SECURITY_WORD_DEFENSE_277,Security,सुरक्षा
PATROL_WORD_DEFENSE_277,Patrol,गश्त
ATOM_WORD_PARTICLE_281,Atom,परमाणु
ELECTRON_WORD_PARTICLE_281,Electron,इलेक्ट्रॉन
NEUTRON_WORD_PARTICLE_281,Neutron,न्यूट्रॉन
HARLEM_WORD_NEW_YORK_287,Harlem,हार्लेम
SOHO_WORD_NEW_YORK_287,Soho,सोहो
TRIBECA_WORD_NEW_YORK_287,Tribeca,ट्राइबेका
ASTORIA_WORD_NEW_YORK_287,Astoria,एस्टोरिया
BRONX_WORD_NEW_YORK_287,Bronx,ब्रोंक्स
QUEENS_WORD_NEW_YORK_287,Queens,क्वींस
BARNACLE_WORD_NO_BONES_289,Barnacle,बार्नेकल
SPIDER_WORD_NO_BONES_289,Spider,मकड़ी
SQUID_WORD_NO_BONES_289,Squid,स्क्विड
STARFISH_WORD_NO_BONES_289,Starfish,तारामछली
WORM_WORD_NO_BONES_289,Worm,कीड़ा
FABLE_WORD_LEGENDS_291,Fable,कथा
SAGA_WORD_LEGENDS_291,Saga,गाथा
TALE_WORD_LEGENDS_291,Tale,कहानी
EPIC_WORD_LEGENDS_291,Epic,महाकाव्य
MYTH_WORD_LEGENDS_291,Myth,मिथक
HI_WORD_HELLO_295,Hi,नमस्ते
HOWDY_WORD_HELLO_295,Howdy,कैसे हो
HEY_WORD_HELLO_295,Hey,अरे
DEGREE_WORD_PHD_296,Degree,उपाधि
THESIS_WORD_PHD_296,Thesis,शोध प्रबंध
RESEARCH_WORD_PHD_296,Research,शोध
CONSENT_WORD_OK_SIGN_301,Consent,सहमति
OKAY_WORD_OK_SIGN_301,Okay,ठीक है
YES_WORD_OK_SIGN_301,Yes,हाँ
SCALES_WORD_JUSTICE_310,Scales,तराज़ू
GAVEL_WORD_JUSTICE_310,Gavel,हथौड़ी
LAW_WORD_JUSTICE_310,Law,कानून
COURT_WORD_JUSTICE_310,Court,अदालत
INMATE_WORD_PRISONER_312,Inmate,कैदी
FELON_WORD_PRISONER_312,Felon,अपराधी
DETAINEE_WORD_PRISONER_312,Detainee,बंदी
METEOR_WORD_SPACE_314,Meteor,उल्का
ECLIPSE_WORD_SPACE_314,Eclipse,ग्रहण
AURORA_WORD_SPACE_314,Aurora,ध्रुवीय ज्योति
PULSAR_WORD_SPACE_314,Pulsar,पल्सर
QUASAR_WORD_SPACE_314,Quasar,क्वेसर
NEBULA_WORD_SPACE_314,Nebula,नीहारिका
NOVA_WORD_SPACE_314,Nova,नोवा
ASTEROID_WORD_SPACE_314,Asteroid,क्षुद्रग्रह
GAMBLER_WORD_WESTERN_317,Gambler,जुआरी
SHERIFF_WORD_WESTERN_317,Sheriff,शेरिफ़
COWBOY_WORD_WESTERN_317,Cowboy,काउबॉय
LASSO_WORD_WESTERN_317,Lasso,लासो
SALOON_WORD_WESTERN_317,Saloon,सैलून
RODEO_WORD_WESTERN_317,Rodeo,रोडियो
SECURE_WORD_LOCK_321,Secure,सुरक्षित
STURDY_WORD_LOCK_321,Sturdy,मज़बूत
TRUSTY_WORD_LOCK_321,Trusty,भरोसेमंद
THIGH_WORD_LEGS_322,Thigh,जाँघ
KNEE_WORD_LEGS_322,Knee,घुटना
ANKLE_WORD_LEGS_322,Ankle,टखना
RA_WORD_PYRAMIDS_330,Ra,रा
OSIRIS_WORD_PYRAMIDS_330,Osiris,ओसिरिस
ANUBIS_WORD_PYRAMIDS_330,Anubis,अनूबिस
RAMSES_WORD_PYRAMIDS_330,Ramses,रामसेस
PICKAXE_WORD_SHAFT_331,Pickaxe,गैंती
MINE_WORD_SHAFT_331,Mine,खदान
CART_WORD_SHAFT_331,Cart,गाड़ी
PADDOCK_WORD_FARMING_333,Paddock,बाड़ा
COMPOST_WORD_FARMING_333,Compost,खाद
FALLOW_WORD_FARMING_333,Fallow,परती भूमि
CROP_WORD_FARMING_333,Crop,फ़सल
HAY_WORD_FARMING_333,Hay,घास
HARVEST_WORD_FARMING_333,Harvest,फ़सल कटाई
TOPSOIL_WORD_FARMING_333,Topsoil,ऊपरी मिट्टी
GRAIN_WORD_FARMING_333,Grain,अनाज
SLEDDING_WORD_SLIDING_339,Sledding,स्लेजिंग
SKELETON_WORD_SLIDING_339,Skeleton,स्केलेटन
SKIING_WORD_SLIDING_339,Skiing,स्कीइंग
SKATING_WORD_SLIDING_339,Skating,स्केटिंग
LUGE_WORD_SLIDING_339,Luge,ल्यूज
OIL_WORD_PAINTING_340,Oil,तैलीय
ACRYLIC_WORD_PAINTING_340,Acrylic,एक्रिलिक
GOUACHE_WORD_PAINTING_340,Gouache,गौश
TEMPERA_WORD_PAINTING_340,Tempera,टेम्पेरा
FRESCO_WORD_PAINTING_340,Fresco,फ़्रेस्को
RISOTTO_WORD_RICE_342,Risotto,रिसोटो
CONGEE_WORD_RICE_342,Congee,कांजी
PAELLA_WORD_RICE_342,Paella,पैला
SUSHI_WORD_RICE_342,Sushi,सुशी
ROMANCE_WORD_HEART_344,Romance,प्रेम
COUPLE_WORD_HEART_344,Couple,जोड़ा
PASSION_WORD_HEART_344,Passion,जुनून
VANS_WORD_HIPPIE_349,Vans,वैन
COMMUNE_WORD_HIPPIE_349,Commune,कम्यून
FREEDOM_WORD_HIPPIE_349,Freedom,स्वतंत्रता
DRONE_WORD_ROBOT_354,Drone,ड्रोन
ROBOVAC_WORD_ROBOT_354,Robovac,रोबोवैक
NANOBOT_WORD_ROBOT_354,Nanobot,नैनोबॉट
CYBORG_WORD_ROBOT_354,Cyborg,साइबोर्ग
ANDROID_WORD_ROBOT_354,Android,एंड्रॉइड
MACHINE_WORD_ROBOT_354,Machine,मशीन
SIGMA_WORD_GREECE_359,Sigma,सिग्मा
DELTA_WORD_GREECE_359,Delta,डेल्टा
KAPPA_WORD_GREECE_359,Kappa,कप्पा
MOTION_WORD_DYNAMICS_360,Motion,गति
INERTIA_WORD_DYNAMICS_360,Inertia,जड़त्व
VELOCITY_WORD_DYNAMICS_360,Velocity,वेग
ONTARIO_WORD_LAKES_365,Ontario,ओंटारियो
SUPERIOR_WORD_LAKES_365,Superior,सुपीरियर
TITICACA_WORD_LAKES_365,Titicaca,टिटिकाका
BAIKAL_WORD_LAKES_365,Baikal,बैकाल
MICHIGAN_WORD_LAKES_365,Michigan,मिशिगन
HURON_WORD_LAKES_365,Huron,ह्यूरन
ATOM_WORD_NUCLEAR_366,Atom,परमाणु
NEUTRON_WORD_NUCLEAR_366,Neutron,न्यूट्रॉन
PROTON_WORD_NUCLEAR_366,Proton,प्रोटॉन
ELECTRON_WORD_NUCLEAR_366,Electron,इलेक्ट्रॉन
MILAN_WORD_ITALY_376,Milan,मिलान
ROME_WORD_ITALY_376,Rome,रोम
VENICE_WORD_ITALY_376,Venice,वेनिस
FLORENCE_WORD_ITALY_376,Florence,फ्लोरेंस
THIS_WORD_POINTING_379,This,यह
THAT_WORD_POINTING_379,That,वह
THOSE_WORD_POINTING_379,Those,वे
NORMAL_WORD_SKIN_380,Normal,सामान्य
DRY_WORD_SKIN_380,Dry,रूखी
OILY_WORD_SKIN_380,Oily,तैलीय
LIBRARY_WORD_BUILD_384,Library,पुस्तकालय
MUSEUM_WORD_BUILD_384,Museum,संग्रहालय
HOSPITAL_WORD_BUILD_384,Hospital,अस्पताल
SCHOOL_BUILDING_WORD_BUILD_384,School building,विद्यालय भवन
HOTEL_WORD_BUILD_384,Hotel,होटल
FACTORY_WORD_BUILD_384,Factory,कारखाना
STADIUM_WORD_BUILD_384,Stadium,स्टेडियम
MALL_WORD_BUILD_384,Mall,मॉल
MONARCHY_WORD_POLICIES_394,Monarchy,राजतंत्र
TYRANNY_WORD_POLICIES_394,Tyranny,अत्याचार
ANARCHY_WORD_POLICIES_394,Anarchy,अराजकता
POWER_WORD_STRENGTH_401,Power,शक्ति
FORCE_WORD_STRENGTH_401,Force,बल
MIGHT_WORD_STRENGTH_401,Might,ताक़त
TEXT_WORD_MESSAGE_407,Text,संदेश
EMAIL_WORD_MESSAGE_407,Email,ईमेल
LETTER_WORD_MESSAGE_407,Letter,पत्र
FAX_WORD_MESSAGE_407,Fax,फ़ैक्स
DUALISM_WORD_VIEWS_410,Dualism,द्वैतवाद
STOICISM_WORD_VIEWS_410,Stoicism,वैराग्यवाद
NIHILISM_WORD_VIEWS_410,Nihilism,शून्यवाद
LUNGS_WORD_ORGANS_412,Lungs,फेफड़े
KIDNEY_WORD_ORGANS_412,Kidney,गुर्दा
STOMACH_WORD_ORGANS_412,Stomach,पेट
LIVER_WORD_ORGANS_412,Liver,जिगर
BLADDER_WORD_ORGANS_412,Bladder,मूत्राशय
SPLEEN_WORD_ORGANS_412,Spleen,तिल्ली
HEART_WORD_ORGANS_412,Heart,हृदय
PANCREAS_WORD_ORGANS_412,Pancreas,अग्न्याशय
FOOL_WORD_TAROT_417,Fool,मूर्ख
MOON_WORD_TAROT_417,Moon,चंद्रमा
MAGICIAN_WORD_TAROT_417,Magician,जादूगर
EMPRESS_WORD_TAROT_417,Empress,महारानी
SOPRANO_WORD_VOICES_439,Soprano,सोप्रानो
TENOR_WORD_VOICES_439,Tenor,टेनर
BARITONE_WORD_VOICES_439,Baritone,बैरिटोन
BASS_WORD_VOICES_439,Bass,बास
ALTO_WORD_VOICES_439,Alto,आल्टो
SONNET_WORD_POETRY_440,Sonnet,सॉनेट
HAIKU_WORD_POETRY_440,Haiku,हाइकू
ODE_WORD_POETRY_440,Ode,ओड
BALLAD_WORD_POETRY_440,Ballad,गाथा गीत
ACROSTIC_WORD_POETRY_440,Acrostic,एक्रोस्टिक
SUPPER_WORD_MEALS_444,Supper,रात्रिभोज
LUNCH_WORD_MEALS_444,Lunch,दोपहर का खाना
DINNER_WORD_MEALS_444,Dinner,रात का खाना
CAULDRON_WORD_ALCHEMY_445,Cauldron,कड़ाही
ELIXIR_WORD_ALCHEMY_445,Elixir,अमृत
POTION_WORD_ALCHEMY_445,Potion,काढ़ा
RITUAL_WORD_PAGANISM_469,Ritual,अनुष्ठान
TOTEM_WORD_PAGANISM_469,Totem,टोटम
IDOL_WORD_PAGANISM_469,Idol,मूर्ति
ALTAR_WORD_PAGANISM_469,Altar,वेदी
CURRENT_WORD_PRESENT_470,Current,वर्तमान
NOW_WORD_PRESENT_470,Now,अभी
TODAY_WORD_PRESENT_470,Today,आज
CODE_WORD_SECRET_471,Code,कोड
AGENT_WORD_SECRET_471,Agent,एजेंट
WORD_WORD_SECRET_471,Identity,पहचान
DONKEY_WORD_EQUIDAE_475,Donkey,गधा
MULE_WORD_EQUIDAE_475,Mule,खच्चर
MUSTANG_WORD_EQUIDAE_475,Mustang,मस्टैंग
HORSE_WORD_EQUIDAE_475,Horse,घोड़ा
ZEBRA_WORD_EQUIDAE_475,Zebra,ज़ेबरा
PONY_WORD_EQUIDAE_475,Pony,टट्टू
COWHIDE_WORD_LEATHER_480,Cowhide,गाय का चमड़ा
NUBUCK_WORD_LEATHER_480,Nubuck,नुबक
SUEDE_WORD_LEATHER_480,Suede,साबर
TOWER_WORD_CASTLE_485,Tower,मीनार
MOAT_WORD_CASTLE_485,Moat,खाई
DUNGEON_WORD_CASTLE_485,Dungeon,कालकोठरी
BASTION_WORD_CASTLE_485,Bastion,गढ़
RAMPART_WORD_CASTLE_485,Rampart,प्राचीर
TURRET_WORD_CASTLE_485,Turret,बुर्ज
PARAPET_WORD_CASTLE_485,Parapet,मुंडेर
CITADEL_WORD_CASTLE_485,Citadel,दुर्ग
LCD_WORD_DISPLAY_486,LCD,एलसीडी
LED_WORD_DISPLAY_486,LED,एलईडी
OLED_WORD_DISPLAY_486,OLED,ओएलईडी
CRT_WORD_DISPLAY_486,CRT,सीआरटी
PLASMA_WORD_DISPLAY_486,Plasma,प्लाज़्मा
AMOLED_WORD_DISPLAY_486,AMOLED,अमोलेड
MAYANS_WORD_CULTURES_487,Mayans,माया
AZTECS_WORD_CULTURES_487,Aztecs,एज़्टेक
ROMANS_WORD_CULTURES_487,Romans,रोमन
GREEKS_WORD_CULTURES_487,Greeks,यूनानी
CELTS_WORD_CULTURES_487,Celts,सेल्ट
VIKINGS_WORD_CULTURES_487,Vikings,वाइकिंग
SAMURAI_WORD_WARRIORS_491,Samurai,समुराई
SHINOBI_WORD_WARRIORS_491,Shinobi,शिनोबी
RONIN_WORD_WARRIORS_491,Ronin,रोनिन
ASSASSIN_WORD_WARRIORS_491,Assassin,हत्यारा
NINJA_WORD_WARRIORS_491,Ninja,निंजा
DECEIVE_WORD_LIE_492,Deceive,धोखा
DELUDE_WORD_LIE_492,Delude,भ्रमित
FALSIFY_WORD_LIE_492,Falsify,जालसाज़ी
MISLEAD_WORD_LIE_492,Mislead,गुमराह
OBOE_WORD_VIOLIN_508,Oboe,ओबो
CLARINET_WORD_VIOLIN_508,Clarinet,शहनाई
FLUTE_WORD_VIOLIN_508,Flute,बाँसुरी
CELLO_WORD_VIOLIN_508,Cello,चेलो
MATE_WORD_ANAGRAM_511,Mate,साथी
TEAM_WORD_ANAGRAM_511,Team,टीम
MEAT_WORD_ANAGRAM_511,Meat,मांस
BONGO_WORD_DRUM_518,Bongo,बोंगो
DJEMBE_WORD_DRUM_518,Djembe,जेम्बे
TABLA_WORD_DRUM_518,Tabla,तबला
ASHIKO_WORD_DRUM_518,Ashiko,अशिको
TRIUMPH_WORD_WREATH_544,Triumph,विजय
VICTORY_WORD_WREATH_544,Victory,जीत
SUCCESS_WORD_WREATH_544,Success,सफलता
YOGA_WORD_ZEN_549,Yoga,योग
RINZAI_WORD_ZEN_549,Rinzai,रिन्ज़ाई
DHARMA_WORD_ZEN_549,Dharma,धर्म
ROUTER_WORD_NETWORK_588,Router,राउटर
SERVER_WORD_NETWORK_588,Server,सर्वर
GATEWAY_WORD_NETWORK_588,Gateway,गेटवे
ETHERNET_WORD_NETWORK_588,Ethernet,ईथरनेट
PACKET_WORD_NETWORK_588,Packet,पैकेट
DUTY_WORD_CUSTOMS_592,Duty,शुल्क
IMPORT_WORD_CUSTOMS_592,Import,आयात
BORDER_WORD_CUSTOMS_592,Border,सीमा
EXPORT_WORD_CUSTOMS_592,Export,निर्यात
PAYMENT_WORD_MORTGAGE_595,Payment,भुगतान
INTEREST_WORD_MORTGAGE_595,Interest,ब्याज
RATE_WORD_MORTGAGE_595,Rate,दर
MIX_WORD_CONCRETE_601,Mix,मिश्रण
TROWEL_WORD_CONCRETE_601,Trowel,करनी
SCREED_WORD_CONCRETE_601,Screed,स्क्रीड
SATIRE_WORD_MEMES_620,Satire,व्यंग्य
PARODY_WORD_MEMES_620,Parody,पैरोडी
TROLLING_WORD_MEMES_620,Trolling,ट्रोलिंग
METHANE_WORD_ALKANES_641,Methane,मीथेन
ETHANE_WORD_ALKANES_641,Ethane,ईथेन
PROPANE_WORD_ALKANES_641,Propane,प्रोपेन
BUTANE_WORD_ALKANES_641,Butane,ब्यूटेन
ASSESS_WORD_EVALUATE_651,Assess,मूल्यांकन
ESTIMATE_WORD_EVALUATE_651,Estimate,अनुमान
ANALYZE_WORD_EVALUATE_651,Analyze,विश्लेषण
HUNT_WORD_QUEST_680,Hunt,शिकार
INQUIRY_WORD_QUEST_680,Inquiry,पूछताछ
PURSUIT_WORD_QUEST_680,Pursuit,पीछा
GOATEE_WORD_BEARDS_681,Goatee,बकरी दाढ़ी
BALBO_WORD_BEARDS_681,Balbo,बालबो
DUCKTAIL_WORD_BEARDS_681,Ducktail,डकटेल
SYNERGY_WORD_YINYANG_721,Synergy,तालमेल
DUALITY_WORD_YINYANG_721,Duality,द्वैत
HARMONY_WORD_YINYANG_721,Harmony,सामंजस्य
GOURMET_WORD_FOODIE_726,Gourmet,पारखी
EPICURE_WORD_FOODIE_726,Epicure,रसिया
TASTE_WORD_FOODIE_726,Taste,स्वाद
SYBARITE_WORD_FOODIE_726,Sybarite,विलासी
HEDONISM_WORD_FOODIE_726,Hedonism,सुखवाद
DISHES_WORD_FOODIE_726,Dishes,व्यंजन
ROLE_WORD_OPERA_760,Role,भूमिका
DIVA_WORD_OPERA_760,Diva,दिवा
ACT_WORD_OPERA_760,Act,अंक
BAY_WORD_HARBOR_764,Bay,खाड़ी
PIER_WORD_HARBOR_764,Pier,घाट
WHARF_WORD_HARBOR_764,Wharf,बंदरगाह
COAST_WORD_HARBOR_764,Coast,तट
MARINA_WORD_HARBOR_764,Marina,मरीना
VESSEL_WORD_HARBOR_764,Vessel,जहाज़
BRICK_WORD_STREET_768,Lamp,लैंप
DRIVER_WORD_STREET_768,Driver,ड्राइवर
CORNER_WORD_STREET_768,Corner,कोना
BIKE_WORD_STREET_768,Bike,साइकिल
LION_WORD_CHIMERA_795,Lion,सिंह
GOAT_WORD_CHIMERA_795,Goat,बकरी
SERPENT_WORD_CHIMERA_795,Serpent,सर्प
REINS_WORD_CARRIAGE_800,Reins,लगाम
HARNESS_WORD_CARRIAGE_800,Harness,जीन
COACHMAN_WORD_CARRIAGE_800,Coachman,कोचवान
CANTER_WORD_GAITS_810,Canter,कैंटर
GALLOP_WORD_GAITS_810,Gallop,सरपट
TROT_WORD_GAITS_810,Trot,दुलकी
CORE_WORD_EARTH_831,Core,कोर
MANTLE_WORD_EARTH_831,Mantle,मैंटल
CRUST_WORD_EARTH_831,Crust,परत
PAGANINI_WORD_VIOLINS_845,Paganini,पगानिनी
LUTHIER_WORD_VIOLINS_845,Luthier,वाद्य निर्माता
FRET_WORD_VIOLINS_845,Bow,गज़
NOUN_WORD_GRAMMAR_861,Noun,संज्ञा
VERB_WORD_GRAMMAR_861,Verb,क्रिया
ADVERB_WORD_GRAMMAR_861,Adverb,क्रिया विशेषण
CREST_WORD_COASTAL_882,Crest,लहर शिखर
BREEZE_WORD_COASTAL_882,Breeze,समीर
SURFING_WORD_COASTAL_882,Surfing,सर्फ़िंग
SHINGLE_WORD_COASTAL_882,Shingle,कंकड़
SAND_WORD_COASTAL_882,Sand,रेत
GROYNE_WORD_COASTAL_882,Groyne,तटबंध
TIDE_WORD_COASTAL_882,Tide,ज्वार
JETTY_WORD_COASTAL_882,Jetty,जेट्टी
TIRE_WORD_WHEEL_890,Tire,टायर
HUBCAP_WORD_WHEEL_890,Hubcap,हबकैप
STEER_WORD_WHEEL_890,Steer,स्टीयरिंग
AXLE_WORD_WHEEL_890,Axle,धुरा
FORTUNE_WORD_WHEEL_890,Rim,रिम
STEEL_WORD_INDUSTRY_921,Steel,इस्पात
GOODS_WORD_INDUSTRY_921,Goods,माल
PRODUCE_WORD_INDUSTRY_921,Produce,उत्पादन
MEGA_WORD_PREFIX_922,Mega,मेगा
NANO_WORD_PREFIX_922,Nano,नैनो
DECA_WORD_PREFIX_922,Deca,डेका
SIAMESE_WORD_BREEDS_940,Siamese,सियामी
SPHYNX_WORD_BREEDS_940,Sphynx,स्फ़िंक्स
BIRMAN_WORD_BREEDS_940,Birman,बिरमन
BENGAL_WORD_BREEDS_940,Bengal,बंगाल
ANGORA_WORD_BREEDS_940,Angora,अंगोरा
BIG_BEN_WORD_LANDMARK_948,Big Ben,बिग बेन
SPHINX_WORD_LANDMARK_948,Sphinx,स्फ़िंक्स
COLOSSEUM_WORD_LANDMARK_948,Colosseum,कोलोसियम
PYRAMIDS_WORD_LANDMARK_948,Pyramids,पिरामिड
NILE_WORD_RIVERS_959,Nile,नील
AMAZON_WORD_RIVERS_959,Amazon,अमेज़न
HUDSON_WORD_RIVERS_959,Hudson,हडसन
SURF_WORD_COAST_969,Surf,लहरें
BEACH_WORD_COAST_969,Beach,समुद्र तट
CLIFF_WORD_COAST_969,Cliff,चट्टान
CLEANSER_WORD_SKINCARE_984,Cleanser,क्लेंज़र
TONER_WORD_SKINCARE_984,Toner,टोनर
SERUM_WORD_SKINCARE_984,Serum,सीरम
TEXTURE_WORD_SKINCARE_984,Texture,बनावट
PORES_WORD_SKINCARE_984,Pores,रोमछिद्र
RETINOL_WORD_SKINCARE_984,Retinol,रेटिनॉल
PEPTIDES_WORD_SKINCARE_984,Peptides,पेप्टाइड्स
BLEMISH_WORD_SKINCARE_984,Blemish,दाग़
ROMANOV_WORD_DYNASTY_991,Romanov,रोमानोव
TUDOR_WORD_DYNASTY_991,Tudor,ट्यूडर
KENNEDY_WORD_DYNASTY_991,Ottoman,उस्मानी
BOURBON_WORD_DYNASTY_991,Bourbon,बोरबॉन
CLERIC_WORD_PRIEST_1019,Cleric,पादरी
BIBLE_WORD_PRIEST_1019,Bible,बाइबल
SAINT_WORD_PRIEST_1019,Saint,संत
PREACHER_WORD_PRIEST_1019,Preacher,उपदेशक
JOURNEY_WORD_MAPS_1022,Journey,यात्रा
LANDMARK_WORD_MAPS_1022,Landmark,स्थलचिह्न
BORDER_WORD_MAPS_1022,Border,सीमा
ATLAS_WORD_MAPS_1022,Atlas,एटलस
GLOBE_WORD_MAPS_1022,Globe,ग्लोब
SCALE_WORD_MAPS_1022,Scale,पैमाना
TERRAIN_WORD_MAPS_1022,Terrain,भूभाग
CONTOUR_WORD_MAPS_1022,Contour,समोच्च
MELODY_WORD_SINGING_1054,Melody,धुन
SONG_WORD_SINGING_1054,Song,गीत
PITCH_WORD_SINGING_1054,Pitch,सुर
SOLOIST_WORD_SINGING_1054,Soloist,एकल गायक
ARIA_WORD_SINGING_1054,Aria,आरिया
CHOIR_WORD_SINGING_1054,Choir,गायक वृंद
HUMMING_WORD_SINGING_1054,Humming,गुनगुनाना
TIMBRE_WORD_SINGING_1054,Timbre,स्वर रंग
GENE_WORD_GENETICS_1060,Gene,जीन
DNA_WORD_GENETICS_1060,DNA,डीएनए
GENOME_WORD_GENETICS_1060,Genome,जीनोम
TV_WORD_SCREEN_1030,TV,टीवी
ATM_WORD_SCREEN_1030,ATM,एटीएम
E_READER_WORD_SCREEN_1030,E-reader,ई-रीडर
BUZZER_WORD_ALARM_1031,Buzzer,बज़र
BEEP_WORD_ALARM_1031,Beep,बीप
RUSH_WORD_ALARM_1031,Rush,भागदौड़
MAPLE_WORD_LEAVES_1055,Maple,मेपल
OAK_WORD_LEAVES_1055,Oak,बलूत
PALM_WORD_LEAVES_1055,Palm,ताड़
CHESTNUT_WORD_LEAVES_1055,Chestnut,शाहबलूत
ASH_WORD_LEAVES_1055,Ash,ऐश
POPLAR_WORD_LEAVES_1055,Poplar,पॉपलर
PLATE_WORD_DISHWARE_829,Plate,थाली
CUP_WORD_DISHWARE_829,Cup,कप
BOWL_WORD_DISHWARE_829,Bowl,कटोरा
SAUCER_WORD_DISHWARE_829,Saucer,तश्तरी
FROG_WORD_POND_830,Frog,मेंढक
REED_WORD_POND_830,Reed,सरकंडा
DUCK_WORD_POND_830,Duck,बत्तख
PAWN_PIC_CHESS_1,,
ROOK_PIC_CHESS_1,,
KNIGHT_PIC_CHESS_1,,
BISHOP_PIC_CHESS_1,,
QUEEN_PIC_CHESS_1,,
KING_PIC_CHESS_1,,
CHESSBOARD_PIC_CHESS_1,,
CHESS_CLOCK_PIC_CHESS_1,,
HOCKEY_PIC_SPORTS_2,,
SOCCER_PIC_SPORTS_2,,
BOXING_PIC_SPORTS_2,,
TENNIS_PIC_SPORTS_2,,
GOLF_PIC_SPORTS_2,,
RUGBY_PIC_SPORTS_2,,
CURLING_PIC_SPORTS_2,,
TABLE_TENNIS_PIC_SPORTS_2,,
TABLE_PIC_FURNITURE_3,,
SOFA_PIC_FURNITURE_3,,
CHAIR_PIC_FURNITURE_3,,
DESK_PIC_FURNITURE_3,,
BED_PIC_FURNITURE_3,,
WARDROBE_PIC_FURNITURE_3,,
BOOKSHELF_PIC_FURNITURE_3,,
DRESSERS_PIC_FURNITURE_3,,
ACE_OF_HEARTS_PIC_DECK_4,,
KING_HEARTS_PIC_DECK_4,,
QUEEN_HEARTS_PIC_DECK_4,,
JACK_HEARTS_PIC_DECK_4,,
10_HEARTS_PIC_DECK_4,,
9_HEARTS_PIC_DECK_4,,
8_HEARTS_PIC_DECK_4,,
7_HEARTS_PIC_DECK_4,,
ARIES_PIC_ZODIAC_5,,
TAURUS_PIC_ZODIAC_5,,
GEMINI_PIC_ZODIAC_5,,
CANCER_PIC_ZODIAC_5,,
LEO_PIC_ZODIAC_5,,
VIRGO_PIC_ZODIAC_5,,
LIBRA_PIC_ZODIAC_5,,
SAGITTARIUS_PIC_ZODIAC_5,,
PLIERS_PIC_TOOLBOX_6,,
WRENCH_PIC_TOOLBOX_6,,
DRILL_PIC_TOOLBOX_6,,
ADHESIVE_TAPE_PIC_TOOLBOX_6,,
SAW_PIC_TOOLBOX_6,,
CHISEL_PIC_TOOLBOX_6,,
CLAMP_PIC_TOOLBOX_6,,
HAMMER_PIC_TOOLBOX_6,,
GLOVES_PIC_GARMENTS_7,,
DRESS_PIC_GARMENTS_7,,
PANTS_PIC_GARMENTS_7,,
SHIRT_PIC_GARMENTS_7,,
PANTIES_PIC_GARMENTS_7,,
COAT_PIC_GARMENTS_7,,
JACKET_PIC_GARMENTS_7,,
SKIRT_PIC_GARMENTS_7,,
BROCCOLI_PIC_VEGGIE_8,,
CABBAGE_PIC_VEGGIE_8,,
POTATO_PIC_VEGGIE_8,,
CARROT_PIC_VEGGIE_8,,
BEETROOT_PIC_VEGGIE_8,,
CUCUMBER_PIC_VEGGIE_8,,
ONION_PIC_VEGGIE_8,,
EGGPLANT_PIC_VEGGIE_8,,
ORANGE_PIC_FRUITS_9,,
KIWI_PIC_FRUITS_9,,
BANANA_PIC_FRUITS_9,,
APPLE_PIC_FRUITS_9,,
POMEGRANATE_PIC_FRUITS_9,,
PEACH_PIC_FRUITS_9,,
PINEAPPLE_PIC_FRUITS_9,,
WATERMELON_PIC_FRUITS_9,,
CUSHION_PIC_CHAIR_10,,
THRONE_PIC_CHAIR_10,,
OTTOMAN_PIC_CHAIR_10,,
STOOL_PIC_CHAIR_10,,
ARMCHAIR_PIC_CHAIR_10,,
LOVESEAT_PIC_CHAIR_10,,
RECLINER_PIC_CHAIR_10,,
BEANBAG_PIC_CHAIR_10,,
KEPI_PIC_HATS_11,,
BERET_PIC_HATS_11,,
CAP_PIC_HATS_11,,
HAT_PIC_HATS_11,,
VISOR_PIC_HATS_11,,
TURBAN_PIC_HATS_11,,
SOMBRERO_PIC_HATS_11,,
PANAMA_HAT_PIC_HATS_11,,
ORGAN_PIC_PLAY_12,,
VIOLIN_PIC_PLAY_12,,
UKULELE_PIC_PLAY_12,,
DRUM_PIC_PLAY_12,,
PIANO_PIC_PLAY_12,,
FLUTE_PIC_PLAY_12,,
GUITAR_PIC_PLAY_12,,
CELLO_PIC_PLAY_12,,
BROOM_PIC_CLEANING_13,,
MOP_PIC_CLEANING_13,,
VACUUM_PIC_CLEANING_13,,
DUSTER_PIC_CLEANING_13,,
SPONGE_PIC_CLEANING_13,,
BUCKET_PIC_CLEANING_13,,
BIN_PIC_CLEANING_13,,
DUSTPAN_PIC_CLEANING_13,,
BOOTS_PIC_SHOES_14,,
HEELS_PIC_SHOES_14,,
FLATS_PIC_SHOES_14,,
OXFORDS_PIC_SHOES_14,,
WEDGES_PIC_SHOES_14,,
MONKS_PIC_SHOES_14,,
BROGUES_PIC_SHOES_14,,
DERBIES_PIC_SHOES_14,,
ITALY_PIC_MAP_15,,
INDIA_PIC_MAP_15,,
AUSTRALIA_PIC_MAP_15,,
FRANCE_PIC_MAP_15,,
USA_PIC_MAP_15,,
UK_PIC_MAP_15,,
SPAIN_PIC_MAP_15,,
JAPAN_PIC_MAP_15,,
DOVE_PIC_BIRD_16,,
EAGLE_PIC_BIRD_16,,
SWAN_PIC_BIRD_16,,
OWL_PIC_BIRD_16,,
HERON_PIC_BIRD_16,,
ROBIN_PIC_BIRD_16,,
FINCH_PIC_BIRD_16,,
VULTURE_PIC_BIRD_16,,
LOBSTER_PIC_SEAFOOD_17,,
OYSTER_PIC_SEAFOOD_17,,
MUSSEL_PIC_SEAFOOD_17,,
CRAB_PIC_SEAFOOD_17,,
SCALLOP_PIC_SEAFOOD_17,,
CONCH_PIC_SEAFOOD_17,,
SQUID_PIC_SEAFOOD_17,,
SHRIMP_PIC_SEAFOOD_17,,
TERRIER_PIC_DOGS_18,,
BEAGLE_PIC_DOGS_18,,
POODLE_PIC_DOGS_18,,
SPANIEL_PIC_DOGS_18,,
HUSKY_PIC_DOGS_18,,
COLLIE_PIC_DOGS_18,,
BULLDOG_PIC_DOGS_18,,
PUG_PIC_DOGS_18,,
PIZZA_PIC_EATS_19,,
TACO_PIC_EATS_19,,
FRIES_PIC_EATS_19,,
BURGER_PIC_EATS_19,,
KEBAB_PIC_EATS_19,,
SANDWICH_PIC_EATS_19,,
BURRITO_PIC_EATS_19,,
HOT_DOG_PIC_EATS_19,,
LIBRARY_PIC_BUILD_20,,
MUSEUM_PIC_BUILD_20,,
HOSPITAL_PIC_BUILD_20,,
SCHOOL_BUILDING_PIC_BUILD_20,,
HOTEL_PIC_BUILD_20,,
FACTORY_PIC_BUILD_20,,
STADIUM_PIC_BUILD_20,,
MALL_PIC_BUILD_20,,
TROLL_PIC_FOLKLORE_21,,
GOBLIN_PIC_FOLKLORE_21,,
OGRE_PIC_FOLKLORE_21,,
BANSHEE_PIC_FOLKLORE_21,,
UNICORN_PIC_FOLKLORE_21,,
FAIRY_PIC_FOLKLORE_21,,
GNOME_PIC_FOLKLORE_21,,
GENIE_PIC_FOLKLORE_21,,
APRICOT_PIC_DRUPES_22,,
PEACH_PIC_DRUPES_22,,
PLUM_PIC_DRUPES_22,,
CHERRY_PIC_DRUPES_22,,
MANGO_PIC_DRUPES_22,,
LOQUAT_PIC_DRUPES_22,,
OLIVE_PIC_DRUPES_22,,
LYCHEE_PIC_DRUPES_22,,
BLANKET_PIC_PICNIC_23,,
BASKET_PIC_PICNIC_23,,
SANDWICH_PIC_PICNIC_23,,
ANTS_PIC_PICNIC_23,,
JUICE_PIC_PICNIC_23,,
SUN_PIC_PICNIC_23,,
GRASS_PIC_PICNIC_23,,
CRACKERS_PIC_PICNIC_23,,
PROFITEROLE_PIC_PASTRY_24,,
PIE_PIC_PASTRY_24,,
CAKE_PIC_PASTRY_24,,
BRIOCHE_PIC_PASTRY_24,,
TART_PIC_PASTRY_24,,
SCONE_PIC_PASTRY_24,,
STRUDEL_PIC_PASTRY_24,,
BROWNIE_PIC_PASTRY_24,,
BUGLE_PIC_WIND_25,,
TUBA_PIC_WIND_25,,
FLUTE_PIC_WIND_25,,
SAX_PIC_WIND_25,,
HARMONICA_PIC_WIND_25,,
BAGPIPES_PIC_WIND_25,,
CLARINET_PIC_WIND_25,,
TRUMPET_PIC_WIND_25,,
BOOKSTORE_PIC_MALL_26,,
PHARMACY_PIC_MALL_26,,
SECURITY_PIC_MALL_26,,
JANITOR_PIC_MALL_26,,
CREDIT_CARD_PIC_MALL_26,,
CASH_PIC_MALL_26,,
PAPER_BAG_PIC_MALL_26,,
FITTING_ROOM_PIC_MALL_26,,
VIOLIN_PIC_STRINGS_27,,
GUITAR_PIC_STRINGS_27,,
CELLO_PIC_STRINGS_27,,
VIOLA_PIC_STRINGS_27,,
BANJO_PIC_STRINGS_27,,
HARP_PIC_STRINGS_27,,
UKULELE_PIC_STRINGS_27,,
MANDOLIN_PIC_STRINGS_27,,
NECKLACE_PIC_JEWELRY_28,,
EARRING_PIC_JEWELRY_28,,
DIAMOND_RING_PIC_JEWELRY_28,,
BRACELET_PIC_JEWELRY_28,,
ANKLET_PIC_JEWELRY_28,,
LOCKET_PIC_JEWELRY_28,,
DIADEM_PIC_JEWELRY_28,,
BROOCH_PIC_JEWELRY_28,,
DAISY_PIC_FLOWERS_29,,
LILY_PIC_FLOWERS_29,,
TULIP_PIC_FLOWERS_29,,
ROSE_PIC_FLOWERS_29,,
POPPY_PIC_FLOWERS_29,,
PEONY_PIC_FLOWERS_29,,
ASTER_PIC_FLOWERS_29,,
PANSY_PIC_FLOWERS_29,,
LIZARD_PIC_REPTILES_30,,
SNAKE_PIC_REPTILES_30,,
ALLIGATOR_PIC_REPTILES_30,,
GECKO_PIC_REPTILES_30,,
CHAMELEON_PIC_REPTILES_30,,
IGUANA_PIC_REPTILES_30,,
TURTLE_PIC_REPTILES_30,,
DINOSAUR_PIC_REPTILES_30,,
DIAMOND_PIC_GEMSTONE_31,,
RUBY_PIC_GEMSTONE_31,,
SAPPHIRE_PIC_GEMSTONE_31,,
EMERALD_PIC_GEMSTONE_31,,
CRYSTAL_PIC_GEMSTONE_31,,
GARNET_PIC_GEMSTONE_31,,
PERIDOT_PIC_GEMSTONE_31,,
OPAL_PIC_GEMSTONE_31,,
MOSQUITO_PIC_INSECTS_32,,
LADYBUG_PIC_INSECTS_32,,
MOTH_PIC_INSECTS_32,,
WASP_PIC_INSECTS_32,,
DRAGONFLY_PIC_INSECTS_32,,
ANT_PIC_INSECTS_32,,
CRICKET_PIC_INSECTS_32,,
MANTIS_PIC_INSECTS_32,,
BEAVER_PIC_RODENTS_33,,
MARMOT_PIC_RODENTS_33,,
NUTRIA_PIC_RODENTS_33,,
SQUIRREL_PIC_RODENTS_33,,
CAPYBARA_PIC_RODENTS_33,,
RAT_PIC_RODENTS_33,,
HAMSTER_PIC_RODENTS_33,,
GUINEA_PIG_PIC_RODENTS_33,,
COWBOY_HAT_PIC_WESTERN_34,,
COWBOY_BOOTS_PIC_WESTERN_34,,
LASSO_PIC_WESTERN_34,,
COWBOY_PIC_WESTERN_34,,
SHERIFF_PIC_WESTERN_34,,
BADGE_PIC_WESTERN_34,,
SALOON_PIC_WESTERN_34,,
CACTI_PIC_WESTERN_34,,
JOLLY_ROGER_PIC_PIRATE_35,,
PARROT_PIC_PIRATE_35,,
CUTLASS_PIC_PIRATE_35,,
CANNON_PIC_PIRATE_35,,
RUM_PIC_PIRATE_35,,
TREASURE_MAP_PIC_PIRATE_35,,
WOODEN_SHIP_S_WHEEL_PIC_PIRATE_35,,
TREASURE_CHEST_PIC_PIRATE_35,,
BUOY_PIC_BEACH_36,,
SEAGULL_PIC_BEACH_36,,
BAY_PIC_BEACH_36,,
SAND_PIC_BEACH_36,,
WAVES_PIC_BEACH_36,,
SHELLS_PIC_BEACH_36,,
BEACH_CHAIR_PIC_BEACH_36,,
BEACH_UMBRELLA_PIC_BEACH_36,,
PYRAMID_PIC_EGYPT_37,,
SPHINX_PIC_EGYPT_37,,
PHARAOH_S_MASK_PIC_EGYPT_37,,
MUMMY_PIC_EGYPT_37,,
SCARAB_PIC_EGYPT_37,,
NILE_RIVER_PIC_EGYPT_37,,
ANUBIS_PIC_EGYPT_37,,
HIEROGLYPHS_PIC_EGYPT_37,,
ASTRONAUT_PIC_SPACE_38,,
ROCKET_PIC_SPACE_38,,
UFO_PIC_SPACE_38,,
ALIEN_PIC_SPACE_38,,
SATURN_PIC_SPACE_38,,
SPACE_STATION_PIC_SPACE_38,,
GALAXY_PIC_SPACE_38,,
MARS_ROVER_PIC_SPACE_38,,
TUNA_PIC_SEA_FISH_39,,
MARLIN_PIC_SEA_FISH_39,,
COD_PIC_SEA_FISH_39,,
SARDINE_PIC_SEA_FISH_39,,
SHARK_PIC_SEA_FISH_39,,
SAWFISH_PIC_SEA_FISH_39,,
STINGRAY_PIC_SEA_FISH_39,,
CLOWNFISH_PIC_SEA_FISH_39,,
BALLOON_PIC_BIRTHDAY_40,,
CANDLE_PIC_BIRTHDAY_40,,
CAKE_PIC_BIRTHDAY_40,,
BOX_PIC_BIRTHDAY_40,,
CONFETTI_PIC_BIRTHDAY_40,,
BIRTHDAY_HAT_PIC_BIRTHDAY_40,,
PARTY_HORN_PIC_BIRTHDAY_40,,
BIRTHDAY_BANNER_PIC_BIRTHDAY_40,,
ELECTRIC_CAR_PIC_CHARGER_41,,
SMARTWATCH_PIC_CHARGER_41,,
LAPTOP_PIC_CHARGER_41,,
DIGITAL_CAMERA_PIC_CHARGER_41,,
POWER_BANK_PIC_CHARGER_41,,
ELECTRIC_TOOTHBRUSH_PIC_CHARGER_41,,
BLUETOOTH_HEADPHONES_PIC_CHARGER_41,,
DRONE_PIC_CHARGER_41,,
HELICOPTER_PIC_TRANSPORT_42,,
TRAIN_PIC_TRANSPORT_42,,
PLANE_PIC_TRANSPORT_42,,
TAXI_PIC_TRANSPORT_42,,
SCOOTER_PIC_TRANSPORT_42,,
DOUBLE_DECKER_BUS_PIC_TRANSPORT_42,,
MOTORBOAT_PIC_TRANSPORT_42,,
HOT_AIR_BALLOON_PIC_TRANSPORT_42,,
CAT_PIC_WHISKERS_43,,
DOG_PIC_WHISKERS_43,,
SEAL_PIC_WHISKERS_43,,
WALRUS_PIC_WHISKERS_43,,
OTTER_PIC_WHISKERS_43,,
SQUIRREL_PIC_WHISKERS_43,,
CATFISH_PIC_WHISKERS_43,,
LION_PIC_WHISKERS_43,,
BEEF_PIC_BURGER_44,,
BUN_PIC_BURGER_44,,
SAUCE_PIC_BURGER_44,,
CHEESE_PIC_BURGER_44,,
LETTUCE_PIC_BURGER_44,,
TOMATO_PIC_BURGER_44,,
PICKLE_PIC_BURGER_44,,
ONION_PIC_BURGER_44,,
SODA_PIC_DRINKS_45,,
ESPRESSO_PIC_DRINKS_45,,
LEMONADE_PIC_DRINKS_45,,
JUICE_PIC_DRINKS_45,,
TEA_PIC_DRINKS_45,,
MILK_PIC_DRINKS_45,,
BUBBLE_TEA_PIC_DRINKS_45,,
SPORTS_DRINK_PIC_DRINKS_45,,
CIRCLE_PIC_SHAPES_46,,
SQUARE_PIC_SHAPES_46,,
OVAL_PIC_SHAPES_46,,
OCTAGON_PIC_SHAPES_46,,
TRIANGLE_PIC_SHAPES_46,,
STAR_PIC_SHAPES_46,,
HEART_PIC_SHAPES_46,,
RHOMBUS_PIC_SHAPES_46,,
JEWELRY_PIC_LUXURY_47,,
WATCH_PIC_LUXURY_47,,
CLASSIC_HANDBAG_PIC_LUXURY_47,,
YACHT_PIC_LUXURY_47,,
PRIVATE_JET_PIC_LUXURY_47,,
SUPERCAR_PIC_LUXURY_47,,
ART_PAINTING_PIC_LUXURY_47,,
AMERICAN_EXPRESS_CENTURION_CARD_PIC_LUXURY_47,,
FOOL_PIC_TAROT_48,,
MOON_PIC_TAROT_48,,
MAGICIAN_PIC_TAROT_48,,
EMPRESS_PIC_TAROT_48,,
DEATH_PIC_TAROT_48,,
SUN_PIC_TAROT_48,,
STAR_PIC_TAROT_48,,
HANGED_MAN_PIC_TAROT_48,,
PACIFIER_PIC_BABIES_49,,
DIAPER_PIC_BABIES_49,,
RATTLE_PIC_BABIES_49,,
STROLLER_PIC_BABIES_49,,
BOTTLE_PIC_BABIES_49,,
BABY_BOWL_AND_SOFT_TIP_SPOON_PIC_BABIES_49,,
CRIB_PIC_BABIES_49,,
CAR_SEAT_PIC_BABIES_49,,
ROPE_PIC_SAILOR_50,,
FLAG_PIC_SAILOR_50,,
STORM_PIC_SAILOR_50,,
KNOT_PIC_SAILOR_50,,
SAILOR_HAT_PIC_SAILOR_50,,
SPYGLASS_PIC_SAILOR_50,,
SEXTANT_PIC_SAILOR_50,,
HARBOR_LIGHTHOUSE_PIC_SAILOR_50,,
GUM_PIC_CANDY_51,,
CHOCO_PIC_CANDY_51,,
FUDGE_PIC_CANDY_51,,
LOLLIPOP_PIC_CANDY_51,,
HARD_CANDY_PIC_CANDY_51,,
MARSHMALLOW_PIC_CANDY_51,,
TURKISH_DELIGHT_PIC_CANDY_51,,
COTTON_CANDY_PIC_CANDY_51,,
DOOR_PIC_KEYS_52,,
PADLOCK_PIC_KEYS_52,,
CAR_PIC_KEYS_52,,
SAFE_PIC_KEYS_52,,
SUITCASE_PIC_KEYS_52,,
STORAGE_LOCKER_PIC_KEYS_52,,
TREASURE_CHEST_PIC_KEYS_52,,
LOCKABLE_NOTEBOOK_PIC_KEYS_52,,
GRASS_PIC_LAWN_53,,
MOWER_PIC_LAWN_53,,
FOUR_LEAF_CLOVER_PIC_LAWN_53,,
SPRINKLER_PIC_LAWN_53,,
GARDENING_GLOVES_PIC_LAWN_53,,
LEAF_RAKE_PIC_LAWN_53,,
PICNIC_BLANKET_PIC_LAWN_53,,
FRISBEE_PIC_LAWN_53,,
CUBE_PIC_3D_54,,
SPHERE_PIC_3D_54,,
CONE_PIC_3D_54,,
TORUS_PIC_3D_54,,
SQUARE_PYRAMID_PIC_3D_54,,
CYLINDER_PIC_3D_54,,
OCTAHEDRON_PIC_3D_54,,
MOBIUS_STRIP_PIC_3D_54,,
BATS_PIC_VAMPIRE_55,,
FANGS_PIC_VAMPIRE_55,,
COFFIN_PIC_VAMPIRE_55,,
GARLIC_PIC_VAMPIRE_55,,
CAPE_PIC_VAMPIRE_55,,
CANDLE_AND_CANDLESTICK_PIC_VAMPIRE_55,,
GOTHIC_CASTLE_PIC_VAMPIRE_55,,
RED_ROSE_PIC_VAMPIRE_55,,
BIG_BEN_PIC_LANDMARK_56,,
STATUE_OF_LIBERTY_PIC_LANDMARK_56,,
COLOSSEUM_PIC_LANDMARK_56,,
PYRAMIDS_PIC_LANDMARK_56,,
GREAT_WALL_PIC_LANDMARK_56,,
EIFFEL_TOWER_PIC_LANDMARK_56,,
PARTHENON_PIC_LANDMARK_56,,
LEANING_TOWER_OF_PISA_PIC_LANDMARK_56,,
DUNES_PIC_DESERT_57,,
CACTI_PIC_DESERT_57,,
OASIS_PIC_DESERT_57,,
CAMEL_PIC_DESERT_57,,
LEATHER_WATER_CANTEEN_PIC_DESERT_57,,
GOGGLES_PIC_DESERT_57,,
FENNEC_FOX_PIC_DESERT_57,,
DESERT_TENT_PIC_DESERT_57,,
TEDDY_BEAR_PIC_TOYS_58,,
KITE_PIC_TOYS_58,,
LEGO_PIC_TOYS_58,,
GAMEPAD_PIC_TOYS_58,,
SPINNING_TOP_PIC_TOYS_58,,
JUMP_ROPE_PIC_TOYS_58,,
JIGSAW_PUZZLE_PIC_TOYS_58,,
BUILDING_BLOCKS_PIC_TOYS_58,,
EGGPLANT_PIC_PURPLE_59,,
VIOLET_PIC_PURPLE_59,,
PLUM_PIC_PURPLE_59,,
LAVENDER_PIC_PURPLE_59,,
PURPLE_GRAPES_PIC_PURPLE_59,,
PURPLE_MUG_PIC_PURPLE_59,,
AMETHYST_PIC_PURPLE_59,,
WISTERIA_PIC_PURPLE_59,,
BANANA_PIC_YELLOW_60,,
CORN_PIC_YELLOW_60,,
GOLD_PIC_YELLOW_60,,
CHEESE_PIC_YELLOW_60,,
RUBBER_DUCK_PIC_YELLOW_60,,
LEMON_PIC_YELLOW_60,,
YELLOW_GEMSTONE_PIC_YELLOW_60,,
YELLOW_ROSE_PIC_YELLOW_60,,
UMBRELLA_PIC_RAIN_61,,
RAINCOAT_PIC_RAIN_61,,
CLOUD_PIC_RAIN_61,,
PUDDLE_PIC_RAIN_61,,
RAIN_BOOTS_PIC_RAIN_61,,
LIGHTNING_PIC_RAIN_61,,
RAINBOW_PIC_RAIN_61,,
RAINY_WEATHER_ICON_PIC_RAIN_61,,
DUMBBELL_PIC_GYM_62,,
BARBELL_PIC_GYM_62,,
AIR_BIKE_PIC_GYM_62,,
KETTLEBELL_PIC_GYM_62,,
TREADMILL_PIC_GYM_62,,
EXERCISE_BALL_PIC_GYM_62,,
ELLIPTICAL_MACHINE_PIC_GYM_62,,
AB_ROLLER_PIC_GYM_62,,
SOCKS_PIC_PAIRS_63,,
TWINS_PIC_PAIRS_63,,
SKIS_PIC_PAIRS_63,,
GLOVES_PIC_PAIRS_63,,
SHOES_PIC_PAIRS_63,,
WINGS_PIC_PAIRS_63,,
EARBUDS_PIC_PAIRS_63,,
CHOPSTICKS_PIC_PAIRS_63,,
TENT_PIC_CAMPING_64,,
CAMPFIRE_PIC_CAMPING_64,,
HAMMOCK_PIC_CAMPING_64,,
SLEEPING_BAG_PIC_CAMPING_64,,
CAMP_CHAIR_PIC_CAMPING_64,,
CAMPING_LANTERN_PIC_CAMPING_64,,
MULTI_TOOL_PIC_CAMPING_64,,
INSECT_REPELLENT_PIC_CAMPING_64,,
CANDY_CANE_PIC_XMAS_65,,
CHRISTMAS_STOCKING_PIC_XMAS_65,,
SANTA_PIC_XMAS_65,,
CHRISTMAS_TREE_PIC_XMAS_65,,
FAIRY_LIGHTS_PIC_XMAS_65,,
REINDEER_PIC_XMAS_65,,
GINGERBREAD_HOUSE_PIC_XMAS_65,,
CHRISTMAS_GIFT_PIC_XMAS_65,,
STAMP_PIC_MAIL_66,,
PARCEL_PIC_MAIL_66,,
LETTER_PIC_MAIL_66,,
MAILBOX_PIC_MAIL_66,,
POSTMARK_PIC_MAIL_66,,
EMAIL_PIC_MAIL_66,,
CARRIER_PIGEON_PIC_MAIL_66,,
POSTMAN_PIC_MAIL_66,,
CHEF_S_HAT_PIC_CHEF_67,,
RESTAURANT_PIC_CHEF_67,,
DISH_PIC_CHEF_67,,
CHEF_S_JACKET_PIC_CHEF_67,,
PROFESSIONAL_OVEN_PIC_CHEF_67,,
CHEF_S_KNIFE_PIC_CHEF_67,,
WOK_PIC_CHEF_67,,
SPICE_JAR_PIC_CHEF_67,,
TV_PIC_SCREEN_68,,
LAPTOP_PIC_SCREEN_68,,
E_READER_PIC_SCREEN_68,,
SMARTPHONE_PIC_SCREEN_68,,
SMARTWATCH_PIC_SCREEN_68,,
HANDHELD_GAME_CONSOLE_PIC_SCREEN_68,,
MOVIE_SCREEN_PIC_SCREEN_68,,
CALCULATOR_PIC_SCREEN_68,,
STETHOSCOPE_PIC_TOOLS_69,,
WRENCH_PIC_TOOLS_69,,
PAINTBRUSH_PIC_TOOLS_69,,
GAVEL_PIC_TOOLS_69,,
MICROPHONE_PIC_TOOLS_69,,
HARD_HAT_PIC_TOOLS_69,,
TEACHING_POINTER_PIC_TOOLS_69,,
SCAPEL_PIC_TOOLS_69,,
STAPLER_PIC_SUPPLIES_70,,
TAPE_DISPENSER_PIC_SUPPLIES_70,,
PAPERCLIP_PIC_SUPPLIES_70,,
NOTEBOOK_PIC_SUPPLIES_70,,
RUBBER_STAMP_PIC_SUPPLIES_70,,
FILE_FOLDER_PIC_SUPPLIES_70,,
PENCIL_PIC_SUPPLIES_70,,
CALCULATOR_PIC_SUPPLIES_70,,
BOWL_PIC_UTENSILS_71,,
PLATE_PIC_UTENSILS_71,,
CHOPSTICKS_PIC_UTENSILS_71,,
SPOON_PIC_UTENSILS_71,,
FORK_PIC_UTENSILS_71,,
CUP_PIC_UTENSILS_71,,
DINNER_KNIFE_PIC_UTENSILS_71,,
PLACEMAT_PIC_UTENSILS_71,,
CANVAS_PIC_ARTS_72,,
PALETTE_PIC_ARTS_72,,
SCULPTURE_PIC_ARTS_72,,
CAMERA_PIC_ARTS_72,,
FILM_PIC_ARTS_72,,
SHEET_MUSIC_PIC_ARTS_72,,
STAGE_CURTAIN_PIC_ARTS_72,,
MASK_PIC_ARTS_72,,
COMPASS_PIC_SURVIVAL_73,,
FLASHLIGHT_PIC_SURVIVAL_73,,
TENT_PIC_SURVIVAL_73,,
MATCHES_PIC_SURVIVAL_73,,
MULTI_TOOL_PIC_SURVIVAL_73,,
WATER_BOTTLE_PIC_SURVIVAL_73,,
ROPE_PIC_SURVIVAL_73,,
FIRST_AID_KIT_PIC_SURVIVAL_73,,
FLOUR_PIC_BAKING_74,,
EGGS_PIC_BAKING_74,,
SUGAR_PIC_BAKING_74,,
BUTTER_PIC_BAKING_74,,
YEAST_PIC_BAKING_74,,
CHOCOLATE_CHIPS_PIC_BAKING_74,,
VANILLA_EXTRACT_PIC_BAKING_74,,
CREAM_PIC_BAKING_74,,
THERMOMETER_PIC_MEDICAL_75,,
MASK_PIC_MEDICAL_75,,
SYRINGE_PIC_MEDICAL_75,,
PILLS_PIC_MEDICAL_75,,
BANDAGE_PIC_MEDICAL_75,,
WHEELCHAIR_PIC_MEDICAL_75,,
BLOOD_PRESSURE_MONITOR_PIC_MEDICAL_75,,
FIRST_AID_KIT_PIC_MEDICAL_75,,
REUSABLE_BAG_PIC_ECO_ITEMS_76,,
BIODEGRADABLE_UTENSILS_PIC_ECO_ITEMS_76,,
SOLAR_PANEL_PIC_ECO_ITEMS_76,,
WINDMILL_PIC_ECO_ITEMS_76,,
RECYCLING_BIN_PIC_ECO_ITEMS_76,,
BICYCLE_PIC_ECO_ITEMS_76,,
WATER_SAVING_FAUCET_PIC_ECO_ITEMS_76,,
LED_LIGHT_PIC_ECO_ITEMS_76,,
WALL_CLOCK_PIC_DECOR_77,,
PHOTO_FRAME_PIC_DECOR_77,,
RUG_PIC_DECOR_77,,
VASE_PIC_DECOR_77,,
WALL_ART_PIC_DECOR_77,,
CURTAINS_PIC_DECOR_77,,
THROW_PILLOW_PIC_DECOR_77,,
SCENTED_CANDLE_PIC_DECOR_77,,
SURFBOARD_PIC_AQUATICS_78,,
DIVING_MASK_PIC_AQUATICS_78,,
KAYAK_PIC_AQUATICS_78,,
LIFE_RING_PIC_AQUATICS_78,,
WETSUIT_PIC_AQUATICS_78,,
SAILBOAT_PIC_AQUATICS_78,,
PADDLEBOARD_PIC_AQUATICS_78,,
LIFE_JACKET_PIC_AQUATICS_78,,
CHECKMARK_PIC_ICONS_79,,
CROSS_PIC_ICONS_79,,
CIRCLE_PIC_ICONS_79,,
ARROW_PIC_ICONS_79,,
HEART_PIC_ICONS_79,,
STAR_PIC_ICONS_79,,
LOCK_ICON_PIC_ICONS_79,,
ENVELOPE_ICON_PIC_ICONS_79,,
JACK_O_LANTERN_PIC_HALLOWEEN_80,,
GHOST_PIC_HALLOWEEN_80,,
BAT_PIC_HALLOWEEN_80,,
BLACK_CAT_PIC_HALLOWEEN_80,,
WITCH_HAT_PIC_HALLOWEEN_80,,
SPIDER_WEB_PIC_HALLOWEEN_80,,
CANDY_BUCKET_PIC_HALLOWEEN_80,,
SKELETON_PIC_HALLOWEEN_80,,
