id,basic_card_name_en,id-ID
DOG_WORD_PETS_2,Dog,Anjing
HAMSTER_WORD_PETS_2,Hamster,Hamster
CAT_WORD_PETS_2,Cat,Kucing
PARROT_WORD_PETS_2,Parrot,Burung Nuri
HOT_DOG_WORD_FOOD_3,Hot dog,Hot dog
PIZZA_WORD_FOOD_3,Pizza,Pizza
BURGER_WORD_FOOD_3,Burger,Burger
FRIES_WORD_FOOD_3,Fries,Kentang goreng
PEONY_WORD_FLOWERS_4,Peony,Peoni
LILY_WORD_FLOWERS_4,Lily,Lili
ROSE_WORD_FLOWERS_4,Rose,Mawar
TULIP_WORD_FLOWERS_4,Tulip,Tulip
WESTERN_WORD_CINEMA_6,Western,Koboi
DRAMA_WORD_CINEMA_6,Drama,Drama
COMEDY_WORD_CINEMA_6,Comedy,Komedi
HORROR_WORD_CINEMA_6,Horror,Horor
POPCORN_WORD_CINEMA_6,Action,Aksi
TICKET_WORD_CINEMA_6,Romance,Romansa
BEEF_WORD_BURGER_8,Beef,Daging sapi
BUN_WORD_BURGER_8,Bun,Roti
SAUCE_WORD_BURGER_8,Sauce,Saus
CHEESE_WORD_BURGER_8,Cheese,Keju
PAGE_WORD_BOOK_9,Page,Halaman
PAPER_WORD_BOOK_9,Paper,Kertas
COVER_WORD_BOOK_9,Cover,Sampul
ASIA_WORD_LANDMASS_10,Asia,Asia
AFRICA_WORD_LANDMASS_10,Africa,Afrika
EUROPE_WORD_LANDMASS_10,Europe,Eropa
SODA_WORD_DRINKS_16,Soda,Soda
ESPRESSO_WORD_DRINKS_16,Espresso,Espresso
LEMONADE_WORD_DRINKS_16,Lemonade,Limun
JUICE_WORD_DRINKS_16,Juice,Jus
PAWN_WORD_CHESS_17,Pawn,Pion
ROOK_WORD_CHESS_17,Rook,Benteng
BISHOP_WORD_CHESS_17,Bishop,Gajah
QUEEN_WORD_CHESS_17,Queen,Ratu
SPRING_WORD_SEASONS_18,Spring,Semi
AUTUMN_WORD_SEASONS_18,Autumn,Gugur
WINTER_WORD_SEASONS_18,Winter,Dingin
SUMMER_WORD_SEASONS_18,Summer,Panas
ROD_WORD_FISHING_20,Rod,Joran
BOBBER_WORD_FISHING_20,Bobber,Pelampung
BAIT_WORD_FISHING_20,Bait,Umpan
JAMAICA_WORD_ISLANDS_21,Jamaica,Jamaika
ICELAND_WORD_ISLANDS_21,Iceland,Islandia
SICILY_WORD_ISLANDS_21,Sicily,Sisilia
HAWAII_WORD_ISLANDS_21,Hawaii,Hawaii
BALI_WORD_ISLANDS_21,Bali,Bali
IBIZA_WORD_ISLANDS_21,Ibiza,Ibiza
CRETE_WORD_ISLANDS_21,Crete,Kreta
BARBADOS_WORD_ISLANDS_21,Barbados,Barbados
RUMBA_WORD_DANCES_24,Rumba,Rumba
TANGO_WORD_DANCES_24,Tango,Tango
SALSA_WORD_DANCES_24,Salsa,Salsa
WALTZ_WORD_DANCES_24,Waltz,Waltz
SAMBA_WORD_DANCES_24,Samba,Samba
FLAMENCO_WORD_DANCES_24,Flamenco,Flamenco
MOSQUITO_WORD_INSECTS_25,Mosquito,Nyamuk
LADYBUG_WORD_INSECTS_25,Ladybug,Kepik
MOTH_WORD_INSECTS_25,Moth,Ngengat
WASP_WORD_INSECTS_25,Wasp,Tawon
DRAGONFLY_WORD_INSECTS_25,Dragonfly,Capung
ANT_WORD_INSECTS_25,Ant,Semut
METAL_WORD_MATERIAL_27,Metal,Logam
GLASS_WORD_MATERIAL_27,Glass,Kaca
PLASTIC_WORD_MATERIAL_27,Plastic,Plastik
STONE_WORD_MATERIAL_27,Stone,Batu
TERMINAL_WORD_AIRPORT_29,Terminal,Terminal
RUNWAY_WORD_AIRPORT_29,Runway,Landasan
GATE_WORD_AIRPORT_29,Gate,Gerbang
CREAM_WORD_DAIRY_30,Cream,Krim
BUTTER_WORD_DAIRY_30,Butter,Mentega
YOGURT_WORD_DAIRY_30,Yogurt,Yogurt
GOLDFISH_WORD_FISH_31,Goldfish,Ikan mas
TUNA_WORD_FISH_31,Tuna,Tuna
MARLIN_WORD_FISH_31,Marlin,Marlin
SARDINE_WORD_FISH_31,Sardine,Sarden
EEL_WORD_FISH_31,Eel,Belut
MACKEREL_WORD_FISH_31,Mackerel,Makarel
GROUPER_WORD_FISH_31,Grouper,Kerapu
PERCH_WORD_FISH_31,Perch,Kakap
ITALY_WORD_MAP_32,Italy,Italia
INDIA_WORD_MAP_32,India,India
AUSTRALIA_WORD_MAP_32,Australia,Australia
FRANCE_WORD_MAP_32,France,Prancis
USA_WORD_MAP_32,USA,AS
UK_WORD_MAP_32,UK,Inggris
CYPRUS_WORD_MAP_32,Cyprus,Siprus
JAPAN_WORD_MAP_32,Japan,Jepang
ARMOR_WORD_KNIGHT_34,Armor,Baju besi
HELMET_WORD_KNIGHT_34,Helmet,Helm
SHIELD_WORD_KNIGHT_34,Shield,Perisai
WEAPON_WORD_KNIGHT_34,Weapon,Senjata
DESTRIER_WORD_KNIGHT_34,Destrier,Destrier
CHIVALRY_WORD_KNIGHT_34,Chivalry,Kesatria
SHOOTER_WORD_GAMER_36,Shooter,Tembak
ARCADE_WORD_GAMER_36,Arcade,Arkade
STRATEGY_WORD_GAMER_36,Strategy,Strategi
SCORE_WORD_GAMER_36,Score,Skor
DRYER_WORD_DEVICE_38,Dryer,Pengering
PRINTER_WORD_DEVICE_38,Printer,Printer
FAX_WORD_DEVICE_38,Fax,Faks
HEATER_WORD_DEVICE_38,Heater,Pemanas
MANSION_WORD_HOUSE_40,Mansion,Rumah besar
PALACE_WORD_HOUSE_40,Palace,Istana
VILLA_WORD_HOUSE_40,Villa,Vila
PILOT_WORD_JOBS_42,Pilot,Pilot
MAILMAN_WORD_JOBS_42,Mailman,Tukang pos
DOCTOR_WORD_JOBS_42,Doctor,Dokter
WELDER_WORD_JOBS_42,Welder,Tukang las
ENGINEER_WORD_JOBS_42,Engineer,Insinyur
PLUMBER_WORD_JOBS_42,Plumber,Tukang ledeng
ACTOR_WORD_JOBS_42,Actor,Aktor
NURSE_WORD_JOBS_42,Nurse,Perawat
SANDALS_WORD_FOOTWEAR_46,Sandals,Sandal
UGGS_WORD_FOOTWEAR_46,Uggs,Uggs
SLIPPERS_WORD_FOOTWEAR_46,Slippers,Selop
CLOGS_WORD_FOOTWEAR_46,Clogs,Bakiak
LOAFERS_WORD_FOOTWEAR_46,Loafers,Loafer
SNEAKERS_WORD_FOOTWEAR_46,Sneakers,Sepatu kets
CAR_WORD_DRIVING_49,Car,Mobil
ROAD_WORD_DRIVING_49,Road,Jalan
SIGN_WORD_DRIVING_49,Sign,Rambu
TRAFFIC_WORD_DRIVING_49,Traffic,Lalu lintas
VESPUCCI_WORD_EXPLORER_51,Vespucci,Vespucci
MAGELLAN_WORD_EXPLORER_51,Magellan,Magellan
COLUMBUS_WORD_EXPLORER_51,Columbus,Columbus
KICK_WORD_MOVEMENT_52,Kick,Tendang
WALK_WORD_MOVEMENT_52,Walk,Jalan
JUMP_WORD_MOVEMENT_52,Jump,Lompat
SOLID_WORD_PHASE_57,Solid,Padat
LIQUID_WORD_PHASE_57,Liquid,Cair
GAS_WORD_PHASE_57,Gas,Gas
COMFY_WORD_COZY_58,Comfy,Nyaman
WARM_WORD_COZY_58,Warm,Hangat
SNUG_WORD_COZY_58,Snug,Pas
ARIES_WORD_ZODIAC_59,Aries,Aries
TAURUS_WORD_ZODIAC_59,Taurus,Taurus
GEMINI_WORD_ZODIAC_59,Gemini,Gemini
LEO_WORD_ZODIAC_59,Leo,Leo
VIRGO_WORD_ZODIAC_59,Virgo,Virgo
LIBRA_WORD_ZODIAC_59,Libra,Libra
SCORPIO_WORD_ZODIAC_59,Scorpio,Scorpio
PISCES_WORD_ZODIAC_59,Pisces,Pisces
FRIGATE_WORD_SHIP_62,Frigate,Fregat
CARAVEL_WORD_SHIP_62,Caravel,Karavel
GALLEON_WORD_SHIP_62,Galleon,Galeon
BRIG_WORD_SHIP_62,Brig,Brig
TANKER_WORD_SHIP_62,Tanker,Tanker
TUGBOAT_WORD_SHIP_62,Tugboat,Kapal tunda
STAMP_WORD_MAILMAN_63,Stamp,Perangko
ENVELOPE_WORD_MAILMAN_63,Envelope,Amplop
LETTER_WORD_MAILMAN_63,Letter,Surat
MAIL_WORD_MAILMAN_63,Mail,Pos
SEAL_WORD_MAILMAN_63,Seal,Segel
INK_WORD_MAILMAN_63,Ink,Tinta
BUST_WORD_SCULPT_64,Bust,Patung dada
FIGURINE_WORD_SCULPT_64,Figurine,Figurin
STATUE_WORD_SCULPT_64,Statue,Patung
MONUMENT_WORD_SCULPT_64,Monument,Monumen
ENGLISH_WORD_LANGUAGE_70,English,Inggris
ITALIAN_WORD_LANGUAGE_70,Italian,Italia
HINDI_WORD_LANGUAGE_70,Hindi,Hindi
JAPANESE_WORD_LANGUAGE_70,Japanese,Jepang
HEBREW_WORD_LANGUAGE_70,Hebrew,Ibrani
DANISH_WORD_LANGUAGE_70,Danish,Denmark
LATIN_WORD_LANGUAGE_70,Latin,Latin
POLISH_WORD_LANGUAGE_70,Polish,Polandia
LENS_WORD_CAMERA_73,Lens,Lensa
FLASH_WORD_CAMERA_73,Flash,Kilat
ZOOM_WORD_CAMERA_73,Zoom,Zum
FILTER_WORD_CAMERA_73,Filter,Filter
SHUTTER_WORD_CAMERA_73,Shutter,Rana
EXPOSURE_WORD_CAMERA_73,Exposure,Eksposur
MIST_WORD_FOG_76,Mist,Embun
HAZE_WORD_FOG_76,Haze,Kabut
SMOG_WORD_FOG_76,Smog,Asap
VAPOR_WORD_FOG_76,Vapor,Uap
SLEET_WORD_SNOW_77,Sleet,Hujan es
FLAKE_WORD_SNOW_77,Flake,Serpih
ICEBERG_WORD_SNOW_77,Frost,Embun beku
HEDGEHOG_WORD_SPIKY_78,Hedgehog,Landak
CACTUS_WORD_SPIKY_78,Cactus,Kaktus
DURIAN_WORD_SPIKY_78,Durian,Durian
DOVE_WORD_BIRDS_80,Dove,Merpati
EAGLE_WORD_BIRDS_80,Eagle,Elang
SWAN_WORD_BIRDS_80,Swan,Angsa
OWL_WORD_BIRDS_80,Owl,Burung hantu
HERON_WORD_BIRDS_80,Heron,Bangau
ROBIN_WORD_BIRDS_80,Robin,Robin
FINCH_WORD_BIRDS_80,Finch,Pipit
VULTURE_WORD_BIRDS_80,Vulture,Burung nasar
SARTRE_WORD_MINDS_82,Sartre,Sartre
DANTE_WORD_MINDS_82,Dante,Dante
PLATO_WORD_MINDS_82,Plato,Plato
SOCRATES_WORD_MINDS_82,Socrates,Sokrates
GALILEO_WORD_MINDS_82,Galileo,Galileo
KANT_WORD_MINDS_82,Kant,Kant
PUCK_WORD_HOCKEY_86,Puck,Puk
PENALTY_WORD_HOCKEY_86,Penalty,Penalti
GOAL_WORD_HOCKEY_86,Goal,Gol
RINK_WORD_HOCKEY_86,Rink,Arena
COUPLE_WORD_DATE_87,Couple,Pasangan
TUXEDO_WORD_DATE_87,Wine,Anggur
FLOWERS_WORD_DATE_87,Flowers,Bunga
TEETH_WORD_SAW_88,Teeth,Gigi
BLADE_WORD_SAW_88,Blade,Bilah
NOTCH_WORD_SAW_88,Notch,Takik
OLDMAN_WORD_ACTOR_89,Oldman,Oldman
PITT_WORD_ACTOR_89,Pitt,Pitt
EASTWOOD_WORD_ACTOR_89,Eastwood,Eastwood
HANKS_WORD_ACTOR_89,Hanks,Hanks
CROWE_WORD_ACTOR_89,Crowe,Crowe
CRUISE_WORD_ACTOR_89,Cruise,Cruise
DICAPRIO_WORD_ACTOR_89,DiCaprio,DiCaprio
WAHLBERG_WORD_ACTOR_89,Wahlberg,Wahlberg
MERCURY_WORD_PLANET_90,Mercury,Merkurius
JUPITER_WORD_PLANET_90,Jupiter,Jupiter
SATURN_WORD_PLANET_90,Saturn,Saturnus
URANUS_WORD_PLANET_90,Uranus,Uranus
NEPTUNE_WORD_PLANET_90,Neptune,Neptunus
MARS_WORD_PLANET_90,Mars,Mars
EARTH_WORD_PLANET_90,Earth,Bumi
VENUS_WORD_PLANET_90,Venus,Venus
BIOLOGY_WORD_LESSONS_94,Biology,Biologi
PHYSICS_WORD_LESSONS_94,Physics,Fisika
GEOMETRY_WORD_LESSONS_94,Geometry,Geometri
ALGEBRA_WORD_LESSONS_94,Algebra,Aljabar
HISTORY_WORD_LESSONS_94,History,Sejarah
CALCULUS_WORD_LESSONS_94,Calculus,Kalkulus
TABLETS_WORD_PILLS_99,Tablets,Tablet
CAPSULES_WORD_PILLS_99,Capsules,Kapsul
LOZENGES_WORD_PILLS_99,Lozenges,Pelega
CLOUDS_WORD_RAINY_100,Clouds,Awan
SHOWERS_WORD_RAINY_100,Showers,Hujan
PUDDLES_WORD_RAINY_100,Puddles,Genangan
CIABATTA_WORD_BREADS_102,Ciabatta,Ciabatta
BAGUETTE_WORD_BREADS_102,Baguette,Baguette
FOCACCIA_WORD_BREADS_102,Focaccia,Focaccia
PITA_WORD_BREADS_102,Pita,Pita
CHALLAH_WORD_BREADS_102,Challah,Challah
TORTILLA_WORD_BREADS_102,Tortilla,Tortilla
BRIOCHE_WORD_BREADS_102,Brioche,Brioche
AREPA_WORD_BREADS_102,Arepa,Arepa
GYRUS_WORD_BRAIN_106,Gyrus,Girus
CORTEX_WORD_BRAIN_106,Cortex,Korteks
LOBE_WORD_BRAIN_106,Lobe,Lobus
HYDROGEN_WORD_ELEMENTS_107,Hydrogen,Hidrogen
NITROGEN_WORD_ELEMENTS_107,Nitrogen,Nitrogen
SULFUR_WORD_ELEMENTS_107,Sulfur,Belerang
CARBON_WORD_ELEMENTS_107,Carbon,Karbon
SODIUM_WORD_ELEMENTS_107,Sodium,Natrium
SILICON_WORD_ELEMENTS_107,Silicon,Silikon
IODINE_WORD_ELEMENTS_107,Iodine,Yodium
OXYGEN_WORD_ELEMENTS_107,Oxygen,Oksigen
BRIE_WORD_CHEESE_108,Brie,Brie
FETA_WORD_CHEESE_108,Feta,Feta
GOUDA_WORD_CHEESE_108,Gouda,Gouda
CHEDDAR_WORD_CHEESE_108,Cheddar,Cheddar
PARMESAN_WORD_CHEESE_108,Parmesan,Parmesan
RICOTTA_WORD_CHEESE_108,Ricotta,Ricotta
EDAM_WORD_CHEESE_108,Edam,Edam
DORBLU_WORD_CHEESE_108,Swiss,Swiss
WORKOUT_WORD_FITNESS_110,Workout,Latihan
YOGA_WORD_FITNESS_110,Yoga,Yoga
PILATES_WORD_FITNESS_110,Pilates,Pilates
JOGGING_WORD_FITNESS_110,Jogging,Joging
GYM_WORD_FITNESS_110,Gym,Gym
CARDIO_WORD_FITNESS_110,Cardio,Kardio
BICEPS_WORD_MUSCLES_112,Biceps,Bisep
DELTOIDS_WORD_MUSCLES_112,Deltoids,Deltoid
ABS_WORD_MUSCLES_112,Abs,Perut
TRICEPS_WORD_MUSCLES_112,Triceps,Trisep
SCARAB_WORD_EGYPT_114,Scarab,Skarab
PHARAOH_WORD_EGYPT_114,Pharaoh,Firaun
PAPYRUS_WORD_EGYPT_114,Papyrus,Papirus
PYRAMID_WORD_EGYPT_114,Pyramid,Piramida
MULBERRY_WORD_BERRY_116,Mulberry,Murbei
BILBERRY_WORD_BERRY_116,Bilberry,Bilberi
BARBERRY_WORD_BERRY_116,Barberry,Barberi
ATHENS_WORD_CAPITALS_119,Athens,Athena
PRAGUE_WORD_CAPITALS_119,Prague,Praha
MADRID_WORD_CAPITALS_119,Madrid,Madrid
RIYADH_WORD_CAPITALS_119,Riyadh,Riyadh
OTTAWA_WORD_CAPITALS_119,Ottawa,Ottawa
ROME_WORD_CAPITALS_119,Rome,Roma
OSLO_WORD_CAPITALS_119,Oslo,Oslo
CAIRO_WORD_CAPITALS_119,Cairo,Kairo
POWDER_WORD_MAKEUP_120,Powder,Bedak
SPONGE_WORD_MAKEUP_120,Sponge,Spons
PALETTE_WORD_MAKEUP_120,Palette,Palet
SERUM_WORD_MAKEUP_120,Serum,Serum
PEEL_WORD_MAKEUP_120,Peel,Peeling
BLUSH_WORD_MAKEUP_120,Blush,Perona pipi
SAVATE_WORD_COMBAT_121,Savate,Savate
JUDO_WORD_COMBAT_121,Judo,Judo
KARATE_WORD_COMBAT_121,Karate,Karate
KUNG_FU_WORD_COMBAT_121,Kung fu,Kung fu
SUMO_WORD_COMBAT_121,Sumo,Sumo
SILAT_WORD_COMBAT_121,Silat,Silat
CHORDS_WORD_GUITAR_122,Chords,Akor
PICKUPS_WORD_GUITAR_122,Pickups,Pickup
STRINGS_WORD_GUITAR_122,Strings,Senar
RIFFS_WORD_GUITAR_122,Riffs,Rif
POINTE_WORD_BALLET_125,Pointe,Pointe
TUTU_WORD_BALLET_125,Tutu,Tutu
BARRE_WORD_BALLET_125,Barre,Barre
ALLIANCE_WORD_UNITE_126,Alliance,Aliansi
LEAGUE_WORD_UNITE_126,League,Liga
UNION_WORD_UNITE_126,Union,Uni
JEWELRY_WORD_LUXURY_133,Jewelry,Perhiasan
WATCH_WORD_LUXURY_133,Watch,Jam tangan
CAVIAR_WORD_LUXURY_133,Caviar,Kaviar
YACHT_WORD_LUXURY_133,Yacht,Kapal pesiar
SAVANNA_WORD_BIOMES_135,Savanna,Sabana
TUNDRA_WORD_BIOMES_135,Tundra,Tundra
TAIGA_WORD_BIOMES_135,Taiga,Taiga
SRIRACHA_WORD_SPICY_136,Sriracha,Sriracha
WASABI_WORD_SPICY_136,Wasabi,Wasabi
HABANERO_WORD_SPICY_136,Habanero,Habanero
COCKPIT_WORD_PLANE_139,Cockpit,Kokpit
SEATBELT_WORD_PLANE_139,Seatbelt,Sabuk pengaman
WINGS_WORD_PLANE_139,Wings,Sayap
ENGINE_WORD_PLANE_139,Engine,Mesin
RUDDER_WORD_PLANE_139,Rudder,Kemudi
FUSELAGE_WORD_PLANE_139,Fuselage,Badan pesawat
AILERON_WORD_PLANE_139,Aileron,Aileron
FLY_WORD_PLANE_139,Fly,Terbang
BEAVER_WORD_RODENTS_141,Beaver,Berang-berang
MARMOT_WORD_RODENTS_141,Marmot,Marmot
NUTRIA_WORD_RODENTS_141,Nutria,Nutria
SQUIRREL_WORD_RODENTS_141,Squirrel,Tupai
CAPYBARA_WORD_RODENTS_141,Capybara,Kapibara
RAT_WORD_RODENTS_141,Rat,Tikus
SOLAR_WORD_ENERGY_145,Solar,Surya
NUCLEAR_WORD_ENERGY_145,Nuclear,Nuklir
KINETIC_WORD_ENERGY_145,Kinetic,Kinetik
THERMAL_WORD_ENERGY_145,Thermal,Termal
ESSAY_WORD_ARTICLES_147,Essay,Esai
REVIEW_WORD_ARTICLES_147,Review,Ulasan
OPINION_WORD_ARTICLES_147,Opinion,Opini
TSUNAMI_WORD_DISASTER_148,Tsunami,Tsunami
TORNADO_WORD_DISASTER_148,Tornado,Tornado
FLOOD_WORD_DISASTER_148,Flood,Banjir
GORILLA_WORD_PRIMATES_149,Gorilla,Gorila
GIBBON_WORD_PRIMATES_149,Gibbon,Owa
BABOON_WORD_PRIMATES_149,Baboon,Babun
LEMUR_WORD_PRIMATES_149,Lemur,Lemur
MACAQUE_WORD_PRIMATES_149,Macaque,Kera
SIMIAN_WORD_PRIMATES_149,Simian,Primata
MANDRILL_WORD_PRIMATES_149,Mandrill,Mandril
TARSIER_WORD_PRIMATES_149,Tarsier,Tarsius
PYTHON_WORD_CODING_150,Python,Python
JAVA_WORD_CODING_150,Java,Java
RUBY_WORD_CODING_150,Ruby,Ruby
SWIFT_WORD_CODING_150,Swift,Swift
SCRIPT_WORD_CODING_150,Script,Script
PHP_WORD_CODING_150,PHP,PHP
SQL_WORD_CODING_150,SQL,SQL
BUGS_WORD_CODING_150,Bugs,Bug
LYRICS_WORD_RAP_151,Lyrics,Lirik
VERSE_WORD_RAP_151,Verse,Bait
RHYME_WORD_RAP_151,Rhyme,Rima
PUNCH_WORD_RAP_151,Punch,Pukulan
NIAGARA_WORD_WATER_152,Niagara,Niagara
VICTORIA_WORD_WATER_152,Victoria,Victoria
YOSEMITE_WORD_WATER_152,Yosemite,Yosemite
HAVASU_WORD_WATER_152,Havasu,Havasu
YO_YO_WORD_TOYS_154,Yo-yo,Yo-yo
SPINNER_WORD_TOYS_154,Spinner,Gasing
DOLL_WORD_TOYS_154,Doll,Boneka
SERGEANT_WORD_ARMY_156,Sergeant,Sersan
MAJOR_WORD_ARMY_156,Major,Mayor
GENERAL_WORD_ARMY_156,General,Jenderal
COLONEL_WORD_ARMY_156,Colonel,Kolonel
PRIVATE_WORD_ARMY_156,Private,Prajurit
CORPORAL_WORD_ARMY_156,Corporal,Kopral
CAPTAIN_WORD_ARMY_156,Captain,Kapten
RANK_WORD_ARMY_156,Rank,Pangkat
ZEN_WORD_MEDITATE_160,Zen,Zen
BREATH_WORD_MEDITATE_160,Breath,Napas
PEACE_WORD_MEDITATE_160,Peace,Damai
MANTRA_WORD_MEDITATE_160,Mantra,Mantra
FAMOUS_WORD_FAME_161,Famous,Terkenal
ICONIC_WORD_FAME_161,Iconic,Ikonik
POPULAR_WORD_FAME_161,Popular,Populer
RENOWN_WORD_FAME_161,Renown,Kemasyhuran
SYNTAX_WORD_LINGUIST_162,Syntax,Sintaksis
POLYGLOT_WORD_LINGUIST_162,Polyglot,Poliglot
GRAMMAR_WORD_LINGUIST_162,Grammar,Tata bahasa
SCHOLAR_WORD_LINGUIST_162,Scholar,Sarjana
EASTER_WORD_HOLIDAY_163,Easter,Paskah
NEW_YEAR_WORD_HOLIDAY_163,New Year,Tahun Baru
FLAG_DAY_WORD_HOLIDAY_163,Flag Day,Hari Bendera
DUMBBELL_WORD_GYM_164,Dumbbell,Dumbel
BARBELL_WORD_GYM_164,Barbell,Barbel
AIR_BIKE_WORD_GYM_164,Air bike,Sepeda udara
PERICLES_WORD_WILLIAM_165,Pericles,Pericles
MACBETH_WORD_WILLIAM_165,Macbeth,Macbeth
HAMLET_WORD_WILLIAM_165,Hamlet,Hamlet
OTHELLO_WORD_WILLIAM_165,Othello,Othello
JULIET_WORD_WILLIAM_165,Juliet,Juliet
ROMEO_WORD_WILLIAM_165,Romeo,Romeo
TEMPEST_WORD_WILLIAM_165,Tempest,Tempest
HENRY_V_WORD_WILLIAM_165,Henry V,Henry V
WOLF_WORD_CANINES_168,Wolf,Serigala
COYOTE_WORD_CANINES_168,Coyote,Koyote
DINGO_WORD_CANINES_168,Dingo,Dingo
JACKAL_WORD_CANINES_168,Jackal,Jakal
FOX_WORD_CANINES_168,Fox,Rubah
DHOLE_WORD_CANINES_168,Dhole,Ajag
HARVARD_WORD_STUDIES_169,Harvard,Harvard
STANFORD_WORD_STUDIES_169,Stanford,Stanford
OXFORD_WORD_STUDIES_169,Oxford,Oxford
YALE_WORD_STUDIES_169,Yale,Yale
SORBONNE_WORD_STUDIES_169,Sorbonne,Sorbonne
MIT_WORD_STUDIES_169,MIT,MIT
LEMON_WORD_CITRUS_173,Lemon,Lemon
LIME_WORD_CITRUS_173,Lime,Jeruk nipis
POMELO_WORD_CITRUS_173,Pomelo,Jeruk bali
GLIDER_WORD_AIRCRAFT_174,Glider,Glider
JETLINER_WORD_AIRCRAFT_174,Jetliner,Jet
AIRPLANE_WORD_AIRCRAFT_174,Airplane,Pesawat
MERLOT_WORD_GRAPE_177,Merlot,Merlot
RIESLING_WORD_GRAPE_177,Riesling,Riesling
SHIRAZ_WORD_GRAPE_177,Shiraz,Shiraz
GRENACHE_WORD_GRAPE_177,Grenache,Grenache
MUSCAT_WORD_GRAPE_177,Muscat,Muscat
MALBEC_WORD_GRAPE_177,Malbec,Malbec
AMANITA_WORD_MUSHROOM_178,Amanita,Amanita
PORCINI_WORD_MUSHROOM_178,Porcini,Porcini
RUSSULA_WORD_MUSHROOM_178,Russula,Russula
TRUFFLE_WORD_MUSHROOM_178,Truffle,Truffle
ENOKI_WORD_MUSHROOM_178,Enoki,Enoki
SHIITAKE_WORD_MUSHROOM_178,Shiitake,Shiitake
WALRUS_WORD_ARCTIC_180,Walrus,Walrus
POLAR_BEAR_WORD_ARCTIC_180,Polar bear,Beruang kutub
SNOWY_OWL_WORD_ARCTIC_180,Snowy owl,Burung hantu salju
REINDEER_WORD_ARCTIC_180,Reindeer,Rusa kutub
PIT_STOP_WORD_RACING_182,Pit stop,Pit stop
FINISH_WORD_RACING_182,Finish,Finis
SPEEDWAY_WORD_RACING_182,Speedway,Sirkuit
ASSIST_WORD_HELP_183,Assist,Bantu
SUPPORT_WORD_HELP_183,Support,Dukung
DONATE_WORD_HELP_183,Donate,Donasi
OPAL_WORD_GEMSTONE_186,Opal,Opal
RUBY_WORD_GEMSTONE_186,Ruby,Rubi
TOPAZ_WORD_GEMSTONE_186,Topaz,Topaz
SAPPHIRE_WORD_GEMSTONE_186,Sapphire,Safir
GARNET_WORD_GEMSTONE_186,Garnet,Garnet
DIAMOND_WORD_GEMSTONE_186,Diamond,Berlian
ONYX_WORD_GEMSTONE_186,Onyx,Oniks
AGATE_WORD_GEMSTONE_186,Agate,Akik
ORION_WORD_PATTERN_188,Orion,Orion
PERSEUS_WORD_PATTERN_188,Perseus,Perseus
DRACO_WORD_PATTERN_188,Draco,Draco
SCORPIUS_WORD_PATTERN_188,Scorpius,Scorpius
CYGNUS_WORD_PATTERN_188,Cygnus,Cygnus
SERPENS_WORD_PATTERN_188,Serpens,Serpens
GASOLINE_WORD_FUELS_190,Gasoline,Bensin
DIESEL_WORD_FUELS_190,Diesel,Diesel
COAL_WORD_FUELS_190,Coal,Batu bara
PROPANE_WORD_FUELS_190,Propane,Propana
KEROSENE_WORD_FUELS_190,Kerosene,Minyak tanah
VOTER_WORD_ELECT_193,Voter,Pemilih
BALLOT_WORD_ELECT_193,Ballot,Surat suara
CAMPAIGN_WORD_ELECT_193,Campaign,Kampanye
TURNOUT_WORD_ELECT_193,Turnout,Partisipasi
KING_WORD_CROWN_194,King,Raja
EMPEROR_WORD_CROWN_194,Emperor,Kaisar
MAHARAJA_WORD_CROWN_194,Maharaja,Maharaja
KENNEDY_WORD_LEADER_196,Washington,Washington
CLINTON_WORD_LEADER_196,Jefferson,Jefferson
LINCOLN_WORD_LEADER_196,Lincoln,Lincoln
REAGAN_WORD_LEADER_196,Roosevelt,Roosevelt
BUSH_WORD_LEADER_196,Wilson,Wilson
OBAMA_WORD_LEADER_196,Jackson,Jackson
ADAMS_WORD_LEADER_196,Adams,Adams
BIDEN_WORD_LEADER_196,Madison,Madison
SOFT_BUN_WORD_HOT_DOG_201,Soft bun,Roti lembut
SAUSAGE_WORD_HOT_DOG_201,Sausage,Sosis
KETCHUP_WORD_HOT_DOG_201,Ketchup,Saus tomat
DECODE_WORD_CIPHER_208,Decode,Dekode
ENCODE_WORD_CIPHER_208,Encode,Enkode
KEYWORD_WORD_CIPHER_208,Keyword,Kata kunci
PASSWORD_WORD_CIPHER_208,Password,Kata sandi
HARMONY_WORD_SYMPHONY_210,Harmony,Harmoni
OVERTURE_WORD_SYMPHONY_210,Overture,Overtur
MELODY_WORD_SYMPHONY_210,Melody,Melodi
PHOTO_WORD_ARTWORKS_211,Photo,Foto
DRAWING_WORD_ARTWORKS_211,Drawing,Gambar
PAINTING_WORD_ARTWORKS_211,Painting,Lukisan
HAMMER_WORD_AUCTION_215,Hammer,Palu
LOT_WORD_AUCTION_215,Lot,Lot
BID_WORD_AUCTION_215,Bid,Tawaran
PRICE_WORD_AUCTION_215,Price,Harga
CATALOG_WORD_AUCTION_215,Catalog,Katalog
BIDDER_WORD_AUCTION_215,Bidder,Penawar
EXCELSA_WORD_BEANS_219,Excelsa,Excelsa
ROBUSTA_WORD_BEANS_219,Robusta,Robusta
LIBERICA_WORD_BEANS_219,Liberica,Liberica
ARABICA_WORD_BEANS_219,Arabica,Arabika
TENT_WORD_CAMPING_221,Tent,Tenda
CAMPFIRE_WORD_CAMPING_221,Campfire,Api unggun
HAMMOCK_WORD_CAMPING_221,Hammock,Hammok
ORGAN_WORD_PLAY_223,Organ,Organ
VIOLIN_WORD_PLAY_223,Violin,Biola
UKULELE_WORD_PLAY_223,Ukulele,Ukulele
DRUM_WORD_PLAY_223,Drum,Drum
PIANO_WORD_PLAY_223,Piano,Piano
FLUTE_WORD_PLAY_223,Flute,Seruling
GUITAR_WORD_PLAY_223,Guitar,Gitar
CELLO_WORD_PLAY_223,Cello,Cello
BANK_WORD_FINANCE_227,Bank,Bank
INCOME_WORD_FINANCE_227,Income,Pendapatan
EXPENSE_WORD_FINANCE_227,Expense,Pengeluaran
MONEY_WORD_FINANCE_227,Money,Uang
KINGDOM_WORD_MEDIEVAL_228,Kingdom,Kerajaan
LORD_WORD_MEDIEVAL_228,Lord,Tuan
KNIGHT_WORD_MEDIEVAL_228,Knight,Ksatria
CASTLE_WORD_MEDIEVAL_228,Castle,Kastil
GLASSES_WORD_OPTICS_229,Glasses,Kacamata
LENS_WORD_OPTICS_229,Lens,Lensa
MONOCLE_WORD_OPTICS_229,Monocle,Monokel
SPYGLASS_WORD_OPTICS_229,Spyglass,Teropong
SIGNPOST_WORD_NAVIGATE_230,Signpost,Papan petunjuk
SEXTANT_WORD_NAVIGATE_230,Sextant,Sekstan
COMPASS_WORD_NAVIGATE_230,Compass,Kompas
PLAYPEN_WORD_TODDLER_231,Playpen,Arena bermain
NAP_TIME_WORD_TODDLER_231,Nap time,Tidur siang
PACIFIER_WORD_TODDLER_231,Pacifier,Dot
CAPRINE_WORD_FAMILIES_234,Caprine,Kaprin
OVINE_WORD_FAMILIES_234,Ovine,Ovin
FELINE_WORD_FAMILIES_234,Feline,Kucing
EQUINE_WORD_FAMILIES_234,Equine,Kuda
CANINE_WORD_FAMILIES_234,Canine,Anjing
MURINE_WORD_FAMILIES_234,Murine,Tikus
PORCINE_WORD_FAMILIES_234,Porcine,Babi
BOVINE_WORD_FAMILIES_234,Bovine,Sapi
ALTAIR_WORD_STARS_236,Altair,Altair
POLARIS_WORD_STARS_236,Polaris,Polaris
SIRIUS_WORD_STARS_236,Sirius,Sirius
VEGA_WORD_STARS_236,Vega,Vega
RIGEL_WORD_STARS_236,Rigel,Rigel
ALKAID_WORD_STARS_236,Alkaid,Alkaid
NEURAL_WORD_AI_238,Neural,Neural
DATASET_WORD_AI_238,Dataset,Dataset
CHATBOT_WORD_AI_238,Chatbot,Chatbot
AGENT_WORD_AI_238,Agent,Agen
MATRIX_WORD_AI_238,Matrix,Matriks
CORTEX_WORD_AI_238,Cortex,Korteks
REGION_WORD_DIVISION_242,Region,Wilayah
COUNTRY_WORD_DIVISION_242,Country,Negara
STATE_WORD_DIVISION_242,State,Negara bagian
CITY_WORD_DIVISION_242,City,Kota
DIALOGUE_WORD_SPEAK_244,Dialogue,Dialog
DEBATE_WORD_SPEAK_244,Debate,Debat
ARGUMENT_WORD_SPEAK_244,Argument,Argumen
WAVY_WORD_HAIR_245,Wavy,Bergelombang
CURLY_WORD_HAIR_245,Curly,Keriting
COILY_WORD_HAIR_245,Coily,Ikal
SPRAIN_WORD_INJURIES_249,Sprain,Keseleo
FRACTURE_WORD_INJURIES_249,Fracture,Patah tulang
BRUISE_WORD_INJURIES_249,Bruise,Memar
WOUND_WORD_INJURIES_249,Wound,Luka
HEADACHE_WORD_FLU_251,Headache,Sakit kepala
PILLS_WORD_FLU_251,Pills,Pil
COUGH_WORD_FLU_251,Cough,Batuk
GYPSUM_WORD_MINERALS_253,Gypsum,Gipsum
CALCITE_WORD_MINERALS_253,Calcite,Kalsit
AZURITE_WORD_MINERALS_253,Azurite,Azurit
MICA_WORD_MINERALS_253,Mica,Mika
MARBLE_WORD_MINERALS_253,Marble,Marmer
QUARTZ_WORD_MINERALS_253,Quartz,Kuarsa
LIME_WORD_MINERALS_253,Lime,Kapur
BERYL_WORD_MINERALS_253,Beryl,Beril
DECAY_WORD_RADIATE_257,Decay,Peluruhan
FALLOUT_WORD_RADIATE_257,Fallout,Jatuhan
CURIE_WORD_RADIATE_257,Curie,Curie
X_RAYS_WORD_RADIATE_257,X-rays,Sinar-X
GLUCAGON_WORD_HORMONES_259,Glucagon,Glukagon
CORTISOL_WORD_HORMONES_259,Cortisol,Kortisol
INSULIN_WORD_HORMONES_259,Insulin,Insulin
GASTRIN_WORD_HORMONES_259,Gastrin,Gastrin
IRIS_WORD_EYE_260,Iris,Iris
PUPIL_WORD_EYE_260,Pupil,Pupil
RETINA_WORD_EYE_260,Retina,Retina
DIG_WORD_SHOVEL_261,Dig,Gali
EXCAVATE_WORD_SHOVEL_261,Excavate,Ekskavasi
UNEARTH_WORD_SHOVEL_261,Unearth,Bongkar
ALNICO_WORD_ALLOY_264,Alnico,Alnico
AMALGAM_WORD_ALLOY_264,Amalgam,Amalgam
BRASS_WORD_ALLOY_264,Brass,Kuningan
BRONZE_WORD_ALLOY_264,Bronze,Perunggu
NICHROME_WORD_ALLOY_264,Nichrome,Nikrom
TUNGSTEN_WORD_ALLOY_264,Pewter,Timah campuran
NITINOL_WORD_ALLOY_264,Nitinol,Nitinol
STELLITE_WORD_ALLOY_264,Stellite,Stellite
DIWALI_WORD_FESTIVAL_270,Diwali,Diwali
HOLI_WORD_FESTIVAL_270,Holi,Holi
SONGKRAN_WORD_FESTIVAL_270,Songkran,Songkran
THULIUM_WORD_METAL_272,Thulium,Tulium
HOLMIUM_WORD_METAL_272,Holmium,Holmium
IRIDIUM_WORD_METAL_272,Iridium,Iridium
RHODIUM_WORD_METAL_272,Rhodium,Rodium
YTTRIUM_WORD_METAL_272,Yttrium,Itrium
LUTETIUM_WORD_METAL_272,Lutetium,Lutetium
EUROPIUM_WORD_METAL_272,Europium,Europium
ERBIUM_WORD_METAL_272,Erbium,Erbium
INSIGNIA_WORD_ARTIFACT_276,Insignia,Lencana
RELIC_WORD_ARTIFACT_276,Relic,Relik
SIGIL_WORD_ARTIFACT_276,Sigil,Sigil
TOTEM_WORD_ARTIFACT_276,Totem,Totem
AMULET_WORD_ARTIFACT_276,Amulet,Jimat
VASE_WORD_ARTIFACT_276,Vase,Vas
GUARD_WORD_DEFENSE_277,Guard,Penjaga
CCTV_WORD_DEFENSE_277,CCTV,CCTV
SECURITY_WORD_DEFENSE_277,Security,Keamanan
PATROL_WORD_DEFENSE_277,Patrol,Patroli
ATOM_WORD_PARTICLE_281,Atom,Atom
ELECTRON_WORD_PARTICLE_281,Electron,Elektron
NEUTRON_WORD_PARTICLE_281,Neutron,Neutron
HARLEM_WORD_NEW_YORK_287,Harlem,Harlem
SOHO_WORD_NEW_YORK_287,Soho,Soho
TRIBECA_WORD_NEW_YORK_287,Tribeca,Tribeca
ASTORIA_WORD_NEW_YORK_287,Astoria,Astoria
BRONX_WORD_NEW_YORK_287,Bronx,Bronx
QUEENS_WORD_NEW_YORK_287,Queens,Queens
BARNACLE_WORD_NO_BONES_289,Barnacle,Teritip
SPIDER_WORD_NO_BONES_289,Spider,Laba-laba
SQUID_WORD_NO_BONES_289,Squid,Cumi-cumi
STARFISH_WORD_NO_BONES_289,Starfish,Bintang laut
WORM_WORD_NO_BONES_289,Worm,Cacing
FABLE_WORD_LEGENDS_291,Fable,Fabel
SAGA_WORD_LEGENDS_291,Saga,Saga
TALE_WORD_LEGENDS_291,Tale,Dongeng
EPIC_WORD_LEGENDS_291,Epic,Epik
MYTH_WORD_LEGENDS_291,Myth,Mitos
HI_WORD_HELLO_295,Hi,Hai
HOWDY_WORD_HELLO_295,Howdy,Halo
HEY_WORD_HELLO_295,Hey,Hei
DEGREE_WORD_PHD_296,Degree,Gelar
THESIS_WORD_PHD_296,Thesis,Tesis
RESEARCH_WORD_PHD_296,Research,Penelitian
CONSENT_WORD_OK_SIGN_301,Consent,Setuju
OKAY_WORD_OK_SIGN_301,Okay,Oke
YES_WORD_OK_SIGN_301,Yes,Ya
SCALES_WORD_JUSTICE_310,Scales,Timbangan
GAVEL_WORD_JUSTICE_310,Gavel,Palu
LAW_WORD_JUSTICE_310,Law,Hukum
COURT_WORD_JUSTICE_310,Court,Pengadilan
INMATE_WORD_PRISONER_312,Inmate,Narapidana
FELON_WORD_PRISONER_312,Felon,Penjahat
DETAINEE_WORD_PRISONER_312,Detainee,Tahanan
METEOR_WORD_SPACE_314,Meteor,Meteor
ECLIPSE_WORD_SPACE_314,Eclipse,Gerhana
AURORA_WORD_SPACE_314,Aurora,Aurora
PULSAR_WORD_SPACE_314,Pulsar,Pulsar
QUASAR_WORD_SPACE_314,Quasar,Kuasar
NEBULA_WORD_SPACE_314,Nebula,Nebula
NOVA_WORD_SPACE_314,Nova,Nova
ASTEROID_WORD_SPACE_314,Asteroid,Asteroid
GAMBLER_WORD_WESTERN_317,Gambler,Penjudi
SHERIFF_WORD_WESTERN_317,Sheriff,Sheriff
COWBOY_WORD_WESTERN_317,Cowboy,Koboi
LASSO_WORD_WESTERN_317,Lasso,Laso
SALOON_WORD_WESTERN_317,Saloon,Salun
RODEO_WORD_WESTERN_317,Rodeo,Rodeo
SECURE_WORD_LOCK_321,Secure,Aman
STURDY_WORD_LOCK_321,Sturdy,Kokoh
TRUSTY_WORD_LOCK_321,Trusty,Andal
THIGH_WORD_LEGS_322,Thigh,Paha
KNEE_WORD_LEGS_322,Knee,Lutut
ANKLE_WORD_LEGS_322,Ankle,Pergelangan kaki
RA_WORD_PYRAMIDS_330,Ra,Ra
OSIRIS_WORD_PYRAMIDS_330,Osiris,Osiris
ANUBIS_WORD_PYRAMIDS_330,Anubis,Anubis
RAMSES_WORD_PYRAMIDS_330,Ramses,Ramses
PICKAXE_WORD_SHAFT_331,Pickaxe,Beliung
MINE_WORD_SHAFT_331,Mine,Tambang
CART_WORD_SHAFT_331,Cart,Kereta dorong
PADDOCK_WORD_FARMING_333,Paddock,Padang
COMPOST_WORD_FARMING_333,Compost,Kompos
FALLOW_WORD_FARMING_333,Fallow,Bera
CROP_WORD_FARMING_333,Crop,Tanaman
HAY_WORD_FARMING_333,Hay,Jerami
HARVEST_WORD_FARMING_333,Harvest,Panen
TOPSOIL_WORD_FARMING_333,Topsoil,Lapisan atas
GRAIN_WORD_FARMING_333,Grain,Biji-bijian
SLEDDING_WORD_SLIDING_339,Sledding,Kereta luncur
SKELETON_WORD_SLIDING_339,Skeleton,Skeleton
SKIING_WORD_SLIDING_339,Skiing,Ski
SKATING_WORD_SLIDING_339,Skating,Seluncur
LUGE_WORD_SLIDING_339,Luge,Luge
OIL_WORD_PAINTING_340,Oil,Minyak
ACRYLIC_WORD_PAINTING_340,Acrylic,Akrilik
GOUACHE_WORD_PAINTING_340,Gouache,Guache
TEMPERA_WORD_PAINTING_340,Tempera,Tempera
FRESCO_WORD_PAINTING_340,Fresco,Fresko
RISOTTO_WORD_RICE_342,Risotto,Risotto
CONGEE_WORD_RICE_342,Congee,Bubur
PAELLA_WORD_RICE_342,Paella,Paella
SUSHI_WORD_RICE_342,Sushi,Sushi
ROMANCE_WORD_HEART_344,Romance,Romansa
COUPLE_WORD_HEART_344,Couple,Pasangan
PASSION_WORD_HEART_344,Passion,Gairah
VANS_WORD_HIPPIE_349,Vans,Van
COMMUNE_WORD_HIPPIE_349,Commune,Komune
FREEDOM_WORD_HIPPIE_349,Freedom,Kebebasan
DRONE_WORD_ROBOT_354,Drone,Drone
ROBOVAC_WORD_ROBOT_354,Robovac,Robovac
NANOBOT_WORD_ROBOT_354,Nanobot,Nanobot
CYBORG_WORD_ROBOT_354,Cyborg,Siborg
ANDROID_WORD_ROBOT_354,Android,Android
MACHINE_WORD_ROBOT_354,Machine,Mesin
SIGMA_WORD_GREECE_359,Sigma,Sigma
DELTA_WORD_GREECE_359,Delta,Delta
KAPPA_WORD_GREECE_359,Kappa,Kappa
MOTION_WORD_DYNAMICS_360,Motion,Gerak
INERTIA_WORD_DYNAMICS_360,Inertia,Inersia
VELOCITY_WORD_DYNAMICS_360,Velocity,Kecepatan
ONTARIO_WORD_LAKES_365,Ontario,Ontario
SUPERIOR_WORD_LAKES_365,Superior,Superior
TITICACA_WORD_LAKES_365,Titicaca,Titicaca
BAIKAL_WORD_LAKES_365,Baikal,Baikal
MICHIGAN_WORD_LAKES_365,Michigan,Michigan
HURON_WORD_LAKES_365,Huron,Huron
ATOM_WORD_NUCLEAR_366,Atom,Atom
NEUTRON_WORD_NUCLEAR_366,Neutron,Neutron
PROTON_WORD_NUCLEAR_366,Proton,Proton
ELECTRON_WORD_NUCLEAR_366,Electron,Elektron
MILAN_WORD_ITALY_376,Milan,Milan
ROME_WORD_ITALY_376,Rome,Roma
VENICE_WORD_ITALY_376,Venice,Venesia
FLORENCE_WORD_ITALY_376,Florence,Firenze
THIS_WORD_POINTING_379,This,Ini
THAT_WORD_POINTING_379,That,Itu
THOSE_WORD_POINTING_379,Those,Itu semua
NORMAL_WORD_SKIN_380,Normal,Normal
DRY_WORD_SKIN_380,Dry,Kering
OILY_WORD_SKIN_380,Oily,Berminyak
LIBRARY_WORD_BUILD_384,Library,Perpustakaan
MUSEUM_WORD_BUILD_384,Museum,Museum
HOSPITAL_WORD_BUILD_384,Hospital,Rumah sakit
SCHOOL_BUILDING_WORD_BUILD_384,School building,Gedung sekolah
HOTEL_WORD_BUILD_384,Hotel,Hotel
FACTORY_WORD_BUILD_384,Factory,Pabrik
STADIUM_WORD_BUILD_384,Stadium,Stadion
MALL_WORD_BUILD_384,Mall,Mal
MONARCHY_WORD_POLICIES_394,Monarchy,Monarki
TYRANNY_WORD_POLICIES_394,Tyranny,Tirani
ANARCHY_WORD_POLICIES_394,Anarchy,Anarki
POWER_WORD_STRENGTH_401,Power,Kekuatan
FORCE_WORD_STRENGTH_401,Force,Gaya
MIGHT_WORD_STRENGTH_401,Might,Keperkasaan
TEXT_WORD_MESSAGE_407,Text,Teks
EMAIL_WORD_MESSAGE_407,Email,Email
LETTER_WORD_MESSAGE_407,Letter,Surat
FAX_WORD_MESSAGE_407,Fax,Faks
DUALISM_WORD_VIEWS_410,Dualism,Dualisme
STOICISM_WORD_VIEWS_410,Stoicism,Stoikisme
NIHILISM_WORD_VIEWS_410,Nihilism,Nihilisme
LUNGS_WORD_ORGANS_412,Lungs,Paru-paru
KIDNEY_WORD_ORGANS_412,Kidney,Ginjal
STOMACH_WORD_ORGANS_412,Stomach,Lambung
LIVER_WORD_ORGANS_412,Liver,Hati
BLADDER_WORD_ORGANS_412,Bladder,Kandung kemih
SPLEEN_WORD_ORGANS_412,Spleen,Limpa
HEART_WORD_ORGANS_412,Heart,Jantung
PANCREAS_WORD_ORGANS_412,Pancreas,Pankreas
FOOL_WORD_TAROT_417,Fool,Si Bodoh
MOON_WORD_TAROT_417,Moon,Bulan
MAGICIAN_WORD_TAROT_417,Magician,Pesulap
EMPRESS_WORD_TAROT_417,Empress,Permaisuri
SOPRANO_WORD_VOICES_439,Soprano,Sopran
TENOR_WORD_VOICES_439,Tenor,Tenor
BARITONE_WORD_VOICES_439,Baritone,Bariton
BASS_WORD_VOICES_439,Bass,Bas
ALTO_WORD_VOICES_439,Alto,Alto
SONNET_WORD_POETRY_440,Sonnet,Soneta
HAIKU_WORD_POETRY_440,Haiku,Haiku
ODE_WORD_POETRY_440,Ode,Ode
BALLAD_WORD_POETRY_440,Ballad,Balada
ACROSTIC_WORD_POETRY_440,Acrostic,Akrostik
SUPPER_WORD_MEALS_444,Supper,Makan malam
LUNCH_WORD_MEALS_444,Lunch,Makan siang
DINNER_WORD_MEALS_444,Dinner,Makan malam
CAULDRON_WORD_ALCHEMY_445,Cauldron,Kuali
ELIXIR_WORD_ALCHEMY_445,Elixir,Ramuan
POTION_WORD_ALCHEMY_445,Potion,Ramuan ajaib
RITUAL_WORD_PAGANISM_469,Ritual,Ritual
TOTEM_WORD_PAGANISM_469,Totem,Totem
IDOL_WORD_PAGANISM_469,Idol,Berhala
ALTAR_WORD_PAGANISM_469,Altar,Altar
CURRENT_WORD_PRESENT_470,Current,Saat ini
NOW_WORD_PRESENT_470,Now,Sekarang
TODAY_WORD_PRESENT_470,Today,Hari ini
CODE_WORD_SECRET_471,Code,Kode
AGENT_WORD_SECRET_471,Agent,Agen
WORD_WORD_SECRET_471,Identity,Identitas
DONKEY_WORD_EQUIDAE_475,Donkey,Keledai
MULE_WORD_EQUIDAE_475,Mule,Bagal
MUSTANG_WORD_EQUIDAE_475,Mustang,Mustang
HORSE_WORD_EQUIDAE_475,Horse,Kuda
ZEBRA_WORD_EQUIDAE_475,Zebra,Zebra
PONY_WORD_EQUIDAE_475,Pony,Kuda poni
COWHIDE_WORD_LEATHER_480,Cowhide,Kulit sapi
NUBUCK_WORD_LEATHER_480,Nubuck,Nubuk
SUEDE_WORD_LEATHER_480,Suede,Suede
TOWER_WORD_CASTLE_485,Tower,Menara
MOAT_WORD_CASTLE_485,Moat,Parit
DUNGEON_WORD_CASTLE_485,Dungeon,Penjara bawah
BASTION_WORD_CASTLE_485,Bastion,Benteng
RAMPART_WORD_CASTLE_485,Rampart,Tembok
TURRET_WORD_CASTLE_485,Turret,Menara kecil
PARAPET_WORD_CASTLE_485,Parapet,Parapet
CITADEL_WORD_CASTLE_485,Citadel,Benteng
LCD_WORD_DISPLAY_486,LCD,LCD
LED_WORD_DISPLAY_486,LED,LED
OLED_WORD_DISPLAY_486,OLED,OLED
CRT_WORD_DISPLAY_486,CRT,CRT
PLASMA_WORD_DISPLAY_486,Plasma,Plasma
AMOLED_WORD_DISPLAY_486,AMOLED,AMOLED
MAYANS_WORD_CULTURES_487,Mayans,Maya
AZTECS_WORD_CULTURES_487,Aztecs,Aztec
ROMANS_WORD_CULTURES_487,Romans,Romawi
GREEKS_WORD_CULTURES_487,Greeks,Yunani
CELTS_WORD_CULTURES_487,Celts,Celtic
VIKINGS_WORD_CULTURES_487,Vikings,Viking
SAMURAI_WORD_WARRIORS_491,Samurai,Samurai
SHINOBI_WORD_WARRIORS_491,Shinobi,Shinobi
RONIN_WORD_WARRIORS_491,Ronin,Ronin
ASSASSIN_WORD_WARRIORS_491,Assassin,Pembunuh
NINJA_WORD_WARRIORS_491,Ninja,Ninja
DECEIVE_WORD_LIE_492,Deceive,Tipu
DELUDE_WORD_LIE_492,Delude,Kelabui
FALSIFY_WORD_LIE_492,Falsify,Palsukan
MISLEAD_WORD_LIE_492,Mislead,Sesatkan
OBOE_WORD_VIOLIN_508,Oboe,Obo
CLARINET_WORD_VIOLIN_508,Clarinet,Klarinet
FLUTE_WORD_VIOLIN_508,Flute,Seruling
CELLO_WORD_VIOLIN_508,Cello,Cello
MATE_WORD_ANAGRAM_511,Mate,Kawan
TEAM_WORD_ANAGRAM_511,Team,Tim
MEAT_WORD_ANAGRAM_511,Meat,Daging
BONGO_WORD_DRUM_518,Bongo,Bongo
DJEMBE_WORD_DRUM_518,Djembe,Djembe
TABLA_WORD_DRUM_518,Tabla,Tabla
ASHIKO_WORD_DRUM_518,Ashiko,Ashiko
TRIUMPH_WORD_WREATH_544,Triumph,Kemenangan
VICTORY_WORD_WREATH_544,Victory,Kejayaan
SUCCESS_WORD_WREATH_544,Success,Sukses
YOGA_WORD_ZEN_549,Yoga,Yoga
RINZAI_WORD_ZEN_549,Rinzai,Rinzai
DHARMA_WORD_ZEN_549,Dharma,Dharma
ROUTER_WORD_NETWORK_588,Router,Router
SERVER_WORD_NETWORK_588,Server,Server
GATEWAY_WORD_NETWORK_588,Gateway,Gateway
ETHERNET_WORD_NETWORK_588,Ethernet,Ethernet
PACKET_WORD_NETWORK_588,Packet,Paket
DUTY_WORD_CUSTOMS_592,Duty,Bea
IMPORT_WORD_CUSTOMS_592,Import,Impor
BORDER_WORD_CUSTOMS_592,Border,Perbatasan
EXPORT_WORD_CUSTOMS_592,Export,Ekspor
PAYMENT_WORD_MORTGAGE_595,Payment,Pembayaran
INTEREST_WORD_MORTGAGE_595,Interest,Bunga
RATE_WORD_MORTGAGE_595,Rate,Tarif
MIX_WORD_CONCRETE_601,Mix,Aduk
TROWEL_WORD_CONCRETE_601,Trowel,Sekop
SCREED_WORD_CONCRETE_601,Screed,Screed
SATIRE_WORD_MEMES_620,Satire,Satire
PARODY_WORD_MEMES_620,Parody,Parodi
TROLLING_WORD_MEMES_620,Trolling,Trolling
METHANE_WORD_ALKANES_641,Methane,Metana
ETHANE_WORD_ALKANES_641,Ethane,Etana
PROPANE_WORD_ALKANES_641,Propane,Propana
BUTANE_WORD_ALKANES_641,Butane,Butana
ASSESS_WORD_EVALUATE_651,Assess,Nilai
ESTIMATE_WORD_EVALUATE_651,Estimate,Perkiraan
ANALYZE_WORD_EVALUATE_651,Analyze,Analisis
HUNT_WORD_QUEST_680,Hunt,Berburu
INQUIRY_WORD_QUEST_680,Inquiry,Penyelidikan
PURSUIT_WORD_QUEST_680,Pursuit,Pengejaran
GOATEE_WORD_BEARDS_681,Goatee,Janggut kambing
BALBO_WORD_BEARDS_681,Balbo,Balbo
DUCKTAIL_WORD_BEARDS_681,Ducktail,Ekor bebek
SYNERGY_WORD_YINYANG_721,Synergy,Sinergi
DUALITY_WORD_YINYANG_721,Duality,Dualitas
HARMONY_WORD_YINYANG_721,Harmony,Harmoni
GOURMET_WORD_FOODIE_726,Gourmet,Gourmet
EPICURE_WORD_FOODIE_726,Epicure,Penikmat
TASTE_WORD_FOODIE_726,Taste,Rasa
SYBARITE_WORD_FOODIE_726,Sybarite,Pecinta nikmat
HEDONISM_WORD_FOODIE_726,Hedonism,Hedonisme
DISHES_WORD_FOODIE_726,Dishes,Hidangan
ROLE_WORD_OPERA_760,Role,Peran
DIVA_WORD_OPERA_760,Diva,Diva
ACT_WORD_OPERA_760,Act,Babak
BAY_WORD_HARBOR_764,Bay,Teluk
PIER_WORD_HARBOR_764,Pier,Dermaga
WHARF_WORD_HARBOR_764,Wharf,Pelabuhan
COAST_WORD_HARBOR_764,Coast,Pesisir
MARINA_WORD_HARBOR_764,Marina,Marina
VESSEL_WORD_HARBOR_764,Vessel,Kapal
BRICK_WORD_STREET_768,Lamp,Lampu
DRIVER_WORD_STREET_768,Driver,Pengemudi
CORNER_WORD_STREET_768,Corner,Sudut
BIKE_WORD_STREET_768,Bike,Sepeda
LION_WORD_CHIMERA_795,Lion,Singa
GOAT_WORD_CHIMERA_795,Goat,Kambing
SERPENT_WORD_CHIMERA_795,Serpent,Ular
REINS_WORD_CARRIAGE_800,Reins,Tali kekang
HARNESS_WORD_CARRIAGE_800,Harness,Tali kuda
COACHMAN_WORD_CARRIAGE_800,Coachman,Kusir
CANTER_WORD_GAITS_810,Canter,Derap
GALLOP_WORD_GAITS_810,Gallop,Galop
TROT_WORD_GAITS_810,Trot,Berlari kecil
CORE_WORD_EARTH_831,Core,Inti
MANTLE_WORD_EARTH_831,Mantle,Mantel
CRUST_WORD_EARTH_831,Crust,Kerak
PAGANINI_WORD_VIOLINS_845,Paganini,Paganini
LUTHIER_WORD_VIOLINS_845,Luthier,Luthier
FRET_WORD_VIOLINS_845,Bow,Busur
NOUN_WORD_GRAMMAR_861,Noun,Kata benda
VERB_WORD_GRAMMAR_861,Verb,Kata kerja
ADVERB_WORD_GRAMMAR_861,Adverb,Kata keterangan
CREST_WORD_COASTAL_882,Crest,Puncak
BREEZE_WORD_COASTAL_882,Breeze,Angin sepoi
SURFING_WORD_COASTAL_882,Surfing,Selancar
SHINGLE_WORD_COASTAL_882,Shingle,Kerikil
SAND_WORD_COASTAL_882,Sand,Pasir
GROYNE_WORD_COASTAL_882,Groyne,Groyne
TIDE_WORD_COASTAL_882,Tide,Pasang surut
JETTY_WORD_COASTAL_882,Jetty,Dermaga
TIRE_WORD_WHEEL_890,Tire,Ban
HUBCAP_WORD_WHEEL_890,Hubcap,Dop
STEER_WORD_WHEEL_890,Steer,Kemudi
AXLE_WORD_WHEEL_890,Axle,Gandar
FORTUNE_WORD_WHEEL_890,Rim,Velg
STEEL_WORD_INDUSTRY_921,Steel,Baja
GOODS_WORD_INDUSTRY_921,Goods,Barang
PRODUCE_WORD_INDUSTRY_921,Produce,Produksi
MEGA_WORD_PREFIX_922,Mega,Mega
NANO_WORD_PREFIX_922,Nano,Nano
DECA_WORD_PREFIX_922,Deca,Deka
SIAMESE_WORD_BREEDS_940,Siamese,Siam
SPHYNX_WORD_BREEDS_940,Sphynx,Sphynx
BIRMAN_WORD_BREEDS_940,Birman,Birman
BENGAL_WORD_BREEDS_940,Bengal,Bengal
ANGORA_WORD_BREEDS_940,Angora,Angora
BIG_BEN_WORD_LANDMARK_948,Big Ben,Big Ben
SPHINX_WORD_LANDMARK_948,Sphinx,Sphinx
COLOSSEUM_WORD_LANDMARK_948,Colosseum,Koloseum
PYRAMIDS_WORD_LANDMARK_948,Pyramids,Piramida
NILE_WORD_RIVERS_959,Nile,Nil
AMAZON_WORD_RIVERS_959,Amazon,Amazon
HUDSON_WORD_RIVERS_959,Hudson,Hudson
SURF_WORD_COAST_969,Surf,Selancar
BEACH_WORD_COAST_969,Beach,Pantai
CLIFF_WORD_COAST_969,Cliff,Tebing
CLEANSER_WORD_SKINCARE_984,Cleanser,Pembersih
TONER_WORD_SKINCARE_984,Toner,Toner
SERUM_WORD_SKINCARE_984,Serum,Serum
TEXTURE_WORD_SKINCARE_984,Texture,Tekstur
PORES_WORD_SKINCARE_984,Pores,Pori-pori
RETINOL_WORD_SKINCARE_984,Retinol,Retinol
PEPTIDES_WORD_SKINCARE_984,Peptides,Peptida
BLEMISH_WORD_SKINCARE_984,Blemish,Noda
ROMANOV_WORD_DYNASTY_991,Romanov,Romanov
TUDOR_WORD_DYNASTY_991,Tudor,Tudor
KENNEDY_WORD_DYNASTY_991,Ottoman,Ottoman
BOURBON_WORD_DYNASTY_991,Bourbon,Bourbon
CLERIC_WORD_PRIEST_1019,Cleric,Pendeta
BIBLE_WORD_PRIEST_1019,Bible,Alkitab
SAINT_WORD_PRIEST_1019,Saint,Santo
PREACHER_WORD_PRIEST_1019,Preacher,Pengkhotbah
JOURNEY_WORD_MAPS_1022,Journey,Perjalanan
LANDMARK_WORD_MAPS_1022,Landmark,Penanda
BORDER_WORD_MAPS_1022,Border,Perbatasan
ATLAS_WORD_MAPS_1022,Atlas,Atlas
GLOBE_WORD_MAPS_1022,Globe,Globe
SCALE_WORD_MAPS_1022,Scale,Skala
TERRAIN_WORD_MAPS_1022,Terrain,Medan
CONTOUR_WORD_MAPS_1022,Contour,Kontur
MELODY_WORD_SINGING_1054,Melody,Melodi
SONG_WORD_SINGING_1054,Song,Lagu
PITCH_WORD_SINGING_1054,Pitch,Nada
SOLOIST_WORD_SINGING_1054,Soloist,Solois
ARIA_WORD_SINGING_1054,Aria,Aria
CHOIR_WORD_SINGING_1054,Choir,Paduan suara
HUMMING_WORD_SINGING_1054,Humming,Senandung
TIMBRE_WORD_SINGING_1054,Timbre,Timbre
GENE_WORD_GENETICS_1060,Gene,Gen
DNA_WORD_GENETICS_1060,DNA,DNA
GENOME_WORD_GENETICS_1060,Genome,Genom
TV_WORD_SCREEN_1030,TV,TV
ATM_WORD_SCREEN_1030,ATM,ATM
E_READER_WORD_SCREEN_1030,E-reader,E-reader
BUZZER_WORD_ALARM_1031,Buzzer,Bel
BEEP_WORD_ALARM_1031,Beep,Bunyi
RUSH_WORD_ALARM_1031,Rush,Darurat
MAPLE_WORD_LEAVES_1055,Maple,Maple
OAK_WORD_LEAVES_1055,Oak,Ek
PALM_WORD_LEAVES_1055,Palm,Palem
CHESTNUT_WORD_LEAVES_1055,Chestnut,Kastanye
ASH_WORD_LEAVES_1055,Ash,Ash
POPLAR_WORD_LEAVES_1055,Poplar,Poplar
PLATE_WORD_DISHWARE_829,Plate,Piring
CUP_WORD_DISHWARE_829,Cup,Cangkir
BOWL_WORD_DISHWARE_829,Bowl,Mangkuk
SAUCER_WORD_DISHWARE_829,Saucer,Tatakan
FROG_WORD_POND_830,Frog,Katak
REED_WORD_POND_830,Reed,Alang-alang
DUCK_WORD_POND_830,Duck,Bebek
PAWN_PIC_CHESS_1,,
ROOK_PIC_CHESS_1,,
KNIGHT_PIC_CHESS_1,,
BISHOP_PIC_CHESS_1,,
QUEEN_PIC_CHESS_1,,
KING_PIC_CHESS_1,,
CHESSBOARD_PIC_CHESS_1,,
CHESS_CLOCK_PIC_CHESS_1,,
HOCKEY_PIC_SPORTS_2,,
SOCCER_PIC_SPORTS_2,,
BOXING_PIC_SPORTS_2,,
TENNIS_PIC_SPORTS_2,,
GOLF_PIC_SPORTS_2,,
RUGBY_PIC_SPORTS_2,,
CURLING_PIC_SPORTS_2,,
TABLE_TENNIS_PIC_SPORTS_2,,
TABLE_PIC_FURNITURE_3,,
SOFA_PIC_FURNITURE_3,,
CHAIR_PIC_FURNITURE_3,,
DESK_PIC_FURNITURE_3,,
BED_PIC_FURNITURE_3,,
WARDROBE_PIC_FURNITURE_3,,
BOOKSHELF_PIC_FURNITURE_3,,
DRESSERS_PIC_FURNITURE_3,,
ACE_OF_HEARTS_PIC_DECK_4,,
KING_HEARTS_PIC_DECK_4,,
QUEEN_HEARTS_PIC_DECK_4,,
JACK_HEARTS_PIC_DECK_4,,
10_HEARTS_PIC_DECK_4,,
9_HEARTS_PIC_DECK_4,,
8_HEARTS_PIC_DECK_4,,
7_HEARTS_PIC_DECK_4,,
ARIES_PIC_ZODIAC_5,,
TAURUS_PIC_ZODIAC_5,,
GEMINI_PIC_ZODIAC_5,,
CANCER_PIC_ZODIAC_5,,
LEO_PIC_ZODIAC_5,,
VIRGO_PIC_ZODIAC_5,,
LIBRA_PIC_ZODIAC_5,,
SAGITTARIUS_PIC_ZODIAC_5,,
PLIERS_PIC_TOOLBOX_6,,
WRENCH_PIC_TOOLBOX_6,,
DRILL_PIC_TOOLBOX_6,,
ADHESIVE_TAPE_PIC_TOOLBOX_6,,
SAW_PIC_TOOLBOX_6,,
CHISEL_PIC_TOOLBOX_6,,
CLAMP_PIC_TOOLBOX_6,,
HAMMER_PIC_TOOLBOX_6,,
GLOVES_PIC_GARMENTS_7,,
DRESS_PIC_GARMENTS_7,,
PANTS_PIC_GARMENTS_7,,
SHIRT_PIC_GARMENTS_7,,
PANTIES_PIC_GARMENTS_7,,
COAT_PIC_GARMENTS_7,,
JACKET_PIC_GARMENTS_7,,
SKIRT_PIC_GARMENTS_7,,
BROCCOLI_PIC_VEGGIE_8,,
CABBAGE_PIC_VEGGIE_8,,
POTATO_PIC_VEGGIE_8,,
CARROT_PIC_VEGGIE_8,,
BEETROOT_PIC_VEGGIE_8,,
CUCUMBER_PIC_VEGGIE_8,,
ONION_PIC_VEGGIE_8,,
EGGPLANT_PIC_VEGGIE_8,,
ORANGE_PIC_FRUITS_9,,
KIWI_PIC_FRUITS_9,,
BANANA_PIC_FRUITS_9,,
APPLE_PIC_FRUITS_9,,
POMEGRANATE_PIC_FRUITS_9,,
PEACH_PIC_FRUITS_9,,
PINEAPPLE_PIC_FRUITS_9,,
WATERMELON_PIC_FRUITS_9,,
CUSHION_PIC_CHAIR_10,,
THRONE_PIC_CHAIR_10,,
OTTOMAN_PIC_CHAIR_10,,
STOOL_PIC_CHAIR_10,,
ARMCHAIR_PIC_CHAIR_10,,
LOVESEAT_PIC_CHAIR_10,,
RECLINER_PIC_CHAIR_10,,
BEANBAG_PIC_CHAIR_10,,
KEPI_PIC_HATS_11,,
BERET_PIC_HATS_11,,
CAP_PIC_HATS_11,,
HAT_PIC_HATS_11,,
VISOR_PIC_HATS_11,,
TURBAN_PIC_HATS_11,,
SOMBRERO_PIC_HATS_11,,
PANAMA_HAT_PIC_HATS_11,,
ORGAN_PIC_PLAY_12,,
VIOLIN_PIC_PLAY_12,,
UKULELE_PIC_PLAY_12,,
DRUM_PIC_PLAY_12,,
PIANO_PIC_PLAY_12,,
FLUTE_PIC_PLAY_12,,
GUITAR_PIC_PLAY_12,,
CELLO_PIC_PLAY_12,,
BROOM_PIC_CLEANING_13,,
MOP_PIC_CLEANING_13,,
VACUUM_PIC_CLEANING_13,,
DUSTER_PIC_CLEANING_13,,
SPONGE_PIC_CLEANING_13,,
BUCKET_PIC_CLEANING_13,,
BIN_PIC_CLEANING_13,,
DUSTPAN_PIC_CLEANING_13,,
BOOTS_PIC_SHOES_14,,
HEELS_PIC_SHOES_14,,
FLATS_PIC_SHOES_14,,
OXFORDS_PIC_SHOES_14,,
WEDGES_PIC_SHOES_14,,
MONKS_PIC_SHOES_14,,
BROGUES_PIC_SHOES_14,,
DERBIES_PIC_SHOES_14,,
ITALY_PIC_MAP_15,,
INDIA_PIC_MAP_15,,
AUSTRALIA_PIC_MAP_15,,
FRANCE_PIC_MAP_15,,
USA_PIC_MAP_15,,
UK_PIC_MAP_15,,
SPAIN_PIC_MAP_15,,
JAPAN_PIC_MAP_15,,
DOVE_PIC_BIRD_16,,
EAGLE_PIC_BIRD_16,,
SWAN_PIC_BIRD_16,,
OWL_PIC_BIRD_16,,
HERON_PIC_BIRD_16,,
ROBIN_PIC_BIRD_16,,
FINCH_PIC_BIRD_16,,
VULTURE_PIC_BIRD_16,,
LOBSTER_PIC_SEAFOOD_17,,
OYSTER_PIC_SEAFOOD_17,,
MUSSEL_PIC_SEAFOOD_17,,
CRAB_PIC_SEAFOOD_17,,
SCALLOP_PIC_SEAFOOD_17,,
CONCH_PIC_SEAFOOD_17,,
SQUID_PIC_SEAFOOD_17,,
SHRIMP_PIC_SEAFOOD_17,,
TERRIER_PIC_DOGS_18,,
BEAGLE_PIC_DOGS_18,,
POODLE_PIC_DOGS_18,,
SPANIEL_PIC_DOGS_18,,
HUSKY_PIC_DOGS_18,,
COLLIE_PIC_DOGS_18,,
BULLDOG_PIC_DOGS_18,,
PUG_PIC_DOGS_18,,
PIZZA_PIC_EATS_19,,
TACO_PIC_EATS_19,,
FRIES_PIC_EATS_19,,
BURGER_PIC_EATS_19,,
KEBAB_PIC_EATS_19,,
SANDWICH_PIC_EATS_19,,
BURRITO_PIC_EATS_19,,
HOT_DOG_PIC_EATS_19,,
LIBRARY_PIC_BUILD_20,,
MUSEUM_PIC_BUILD_20,,
HOSPITAL_PIC_BUILD_20,,
SCHOOL_BUILDING_PIC_BUILD_20,,
HOTEL_PIC_BUILD_20,,
FACTORY_PIC_BUILD_20,,
STADIUM_PIC_BUILD_20,,
MALL_PIC_BUILD_20,,
TROLL_PIC_FOLKLORE_21,,
GOBLIN_PIC_FOLKLORE_21,,
OGRE_PIC_FOLKLORE_21,,
BANSHEE_PIC_FOLKLORE_21,,
UNICORN_PIC_FOLKLORE_21,,
FAIRY_PIC_FOLKLORE_21,,
GNOME_PIC_FOLKLORE_21,,
GENIE_PIC_FOLKLORE_21,,
APRICOT_PIC_DRUPES_22,,
PEACH_PIC_DRUPES_22,,
PLUM_PIC_DRUPES_22,,
CHERRY_PIC_DRUPES_22,,
MANGO_PIC_DRUPES_22,,
LOQUAT_PIC_DRUPES_22,,
OLIVE_PIC_DRUPES_22,,
LYCHEE_PIC_DRUPES_22,,
BLANKET_PIC_PICNIC_23,,
BASKET_PIC_PICNIC_23,,
SANDWICH_PIC_PICNIC_23,,
ANTS_PIC_PICNIC_23,,
JUICE_PIC_PICNIC_23,,
SUN_PIC_PICNIC_23,,
GRASS_PIC_PICNIC_23,,
CRACKERS_PIC_PICNIC_23,,
PROFITEROLE_PIC_PASTRY_24,,
PIE_PIC_PASTRY_24,,
CAKE_PIC_PASTRY_24,,
BRIOCHE_PIC_PASTRY_24,,
TART_PIC_PASTRY_24,,
SCONE_PIC_PASTRY_24,,
STRUDEL_PIC_PASTRY_24,,
BROWNIE_PIC_PASTRY_24,,
BUGLE_PIC_WIND_25,,
TUBA_PIC_WIND_25,,
FLUTE_PIC_WIND_25,,
SAX_PIC_WIND_25,,
HARMONICA_PIC_WIND_25,,
BAGPIPES_PIC_WIND_25,,
CLARINET_PIC_WIND_25,,
TRUMPET_PIC_WIND_25,,
BOOKSTORE_PIC_MALL_26,,
PHARMACY_PIC_MALL_26,,
SECURITY_PIC_MALL_26,,
JANITOR_PIC_MALL_26,,
CREDIT_CARD_PIC_MALL_26,,
CASH_PIC_MALL_26,,
PAPER_BAG_PIC_MALL_26,,
FITTING_ROOM_PIC_MALL_26,,
VIOLIN_PIC_STRINGS_27,,
GUITAR_PIC_STRINGS_27,,
CELLO_PIC_STRINGS_27,,
VIOLA_PIC_STRINGS_27,,
BANJO_PIC_STRINGS_27,,
HARP_PIC_STRINGS_27,,
UKULELE_PIC_STRINGS_27,,
MANDOLIN_PIC_STRINGS_27,,
NECKLACE_PIC_JEWELRY_28,,
EARRING_PIC_JEWELRY_28,,
DIAMOND_RING_PIC_JEWELRY_28,,
BRACELET_PIC_JEWELRY_28,,
ANKLET_PIC_JEWELRY_28,,
LOCKET_PIC_JEWELRY_28,,
DIADEM_PIC_JEWELRY_28,,
BROOCH_PIC_JEWELRY_28,,
DAISY_PIC_FLOWERS_29,,
LILY_PIC_FLOWERS_29,,
TULIP_PIC_FLOWERS_29,,
ROSE_PIC_FLOWERS_29,,
POPPY_PIC_FLOWERS_29,,
PEONY_PIC_FLOWERS_29,,
ASTER_PIC_FLOWERS_29,,
PANSY_PIC_FLOWERS_29,,
LIZARD_PIC_REPTILES_30,,
SNAKE_PIC_REPTILES_30,,
ALLIGATOR_PIC_REPTILES_30,,
GECKO_PIC_REPTILES_30,,
CHAMELEON_PIC_REPTILES_30,,
IGUANA_PIC_REPTILES_30,,
TURTLE_PIC_REPTILES_30,,
DINOSAUR_PIC_REPTILES_30,,
DIAMOND_PIC_GEMSTONE_31,,
RUBY_PIC_GEMSTONE_31,,
SAPPHIRE_PIC_GEMSTONE_31,,
EMERALD_PIC_GEMSTONE_31,,
CRYSTAL_PIC_GEMSTONE_31,,
GARNET_PIC_GEMSTONE_31,,
PERIDOT_PIC_GEMSTONE_31,,
OPAL_PIC_GEMSTONE_31,,
MOSQUITO_PIC_INSECTS_32,,
LADYBUG_PIC_INSECTS_32,,
MOTH_PIC_INSECTS_32,,
WASP_PIC_INSECTS_32,,
DRAGONFLY_PIC_INSECTS_32,,
ANT_PIC_INSECTS_32,,
CRICKET_PIC_INSECTS_32,,
MANTIS_PIC_INSECTS_32,,
BEAVER_PIC_RODENTS_33,,
MARMOT_PIC_RODENTS_33,,
NUTRIA_PIC_RODENTS_33,,
SQUIRREL_PIC_RODENTS_33,,
CAPYBARA_PIC_RODENTS_33,,
RAT_PIC_RODENTS_33,,
HAMSTER_PIC_RODENTS_33,,
GUINEA_PIG_PIC_RODENTS_33,,
COWBOY_HAT_PIC_WESTERN_34,,
COWBOY_BOOTS_PIC_WESTERN_34,,
LASSO_PIC_WESTERN_34,,
COWBOY_PIC_WESTERN_34,,
SHERIFF_PIC_WESTERN_34,,
BADGE_PIC_WESTERN_34,,
SALOON_PIC_WESTERN_34,,
CACTI_PIC_WESTERN_34,,
JOLLY_ROGER_PIC_PIRATE_35,,
PARROT_PIC_PIRATE_35,,
CUTLASS_PIC_PIRATE_35,,
CANNON_PIC_PIRATE_35,,
RUM_PIC_PIRATE_35,,
TREASURE_MAP_PIC_PIRATE_35,,
WOODEN_SHIP_S_WHEEL_PIC_PIRATE_35,,
TREASURE_CHEST_PIC_PIRATE_35,,
BUOY_PIC_BEACH_36,,
SEAGULL_PIC_BEACH_36,,
BAY_PIC_BEACH_36,,
SAND_PIC_BEACH_36,,
WAVES_PIC_BEACH_36,,
SHELLS_PIC_BEACH_36,,
BEACH_CHAIR_PIC_BEACH_36,,
BEACH_UMBRELLA_PIC_BEACH_36,,
PYRAMID_PIC_EGYPT_37,,
SPHINX_PIC_EGYPT_37,,
PHARAOH_S_MASK_PIC_EGYPT_37,,
MUMMY_PIC_EGYPT_37,,
SCARAB_PIC_EGYPT_37,,
NILE_RIVER_PIC_EGYPT_37,,
ANUBIS_PIC_EGYPT_37,,
HIEROGLYPHS_PIC_EGYPT_37,,
ASTRONAUT_PIC_SPACE_38,,
ROCKET_PIC_SPACE_38,,
UFO_PIC_SPACE_38,,
ALIEN_PIC_SPACE_38,,
SATURN_PIC_SPACE_38,,
SPACE_STATION_PIC_SPACE_38,,
GALAXY_PIC_SPACE_38,,
MARS_ROVER_PIC_SPACE_38,,
TUNA_PIC_SEA_FISH_39,,
MARLIN_PIC_SEA_FISH_39,,
COD_PIC_SEA_FISH_39,,
SARDINE_PIC_SEA_FISH_39,,
SHARK_PIC_SEA_FISH_39,,
SAWFISH_PIC_SEA_FISH_39,,
STINGRAY_PIC_SEA_FISH_39,,
CLOWNFISH_PIC_SEA_FISH_39,,
BALLOON_PIC_BIRTHDAY_40,,
CANDLE_PIC_BIRTHDAY_40,,
CAKE_PIC_BIRTHDAY_40,,
BOX_PIC_BIRTHDAY_40,,
CONFETTI_PIC_BIRTHDAY_40,,
BIRTHDAY_HAT_PIC_BIRTHDAY_40,,
PARTY_HORN_PIC_BIRTHDAY_40,,
BIRTHDAY_BANNER_PIC_BIRTHDAY_40,,
ELECTRIC_CAR_PIC_CHARGER_41,,
SMARTWATCH_PIC_CHARGER_41,,
LAPTOP_PIC_CHARGER_41,,
DIGITAL_CAMERA_PIC_CHARGER_41,,
POWER_BANK_PIC_CHARGER_41,,
ELECTRIC_TOOTHBRUSH_PIC_CHARGER_41,,
BLUETOOTH_HEADPHONES_PIC_CHARGER_41,,
DRONE_PIC_CHARGER_41,,
HELICOPTER_PIC_TRANSPORT_42,,
TRAIN_PIC_TRANSPORT_42,,
PLANE_PIC_TRANSPORT_42,,
TAXI_PIC_TRANSPORT_42,,
SCOOTER_PIC_TRANSPORT_42,,
DOUBLE_DECKER_BUS_PIC_TRANSPORT_42,,
MOTORBOAT_PIC_TRANSPORT_42,,
HOT_AIR_BALLOON_PIC_TRANSPORT_42,,
CAT_PIC_WHISKERS_43,,
DOG_PIC_WHISKERS_43,,
SEAL_PIC_WHISKERS_43,,
WALRUS_PIC_WHISKERS_43,,
OTTER_PIC_WHISKERS_43,,
SQUIRREL_PIC_WHISKERS_43,,
CATFISH_PIC_WHISKERS_43,,
LION_PIC_WHISKERS_43,,
BEEF_PIC_BURGER_44,,
BUN_PIC_BURGER_44,,
SAUCE_PIC_BURGER_44,,
CHEESE_PIC_BURGER_44,,
LETTUCE_PIC_BURGER_44,,
TOMATO_PIC_BURGER_44,,
PICKLE_PIC_BURGER_44,,
ONION_PIC_BURGER_44,,
SODA_PIC_DRINKS_45,,
ESPRESSO_PIC_DRINKS_45,,
LEMONADE_PIC_DRINKS_45,,
JUICE_PIC_DRINKS_45,,
TEA_PIC_DRINKS_45,,
MILK_PIC_DRINKS_45,,
BUBBLE_TEA_PIC_DRINKS_45,,
SPORTS_DRINK_PIC_DRINKS_45,,
CIRCLE_PIC_SHAPES_46,,
SQUARE_PIC_SHAPES_46,,
OVAL_PIC_SHAPES_46,,
OCTAGON_PIC_SHAPES_46,,
TRIANGLE_PIC_SHAPES_46,,
STAR_PIC_SHAPES_46,,
HEART_PIC_SHAPES_46,,
RHOMBUS_PIC_SHAPES_46,,
JEWELRY_PIC_LUXURY_47,,
WATCH_PIC_LUXURY_47,,
CLASSIC_HANDBAG_PIC_LUXURY_47,,
YACHT_PIC_LUXURY_47,,
PRIVATE_JET_PIC_LUXURY_47,,
SUPERCAR_PIC_LUXURY_47,,
ART_PAINTING_PIC_LUXURY_47,,
AMERICAN_EXPRESS_CENTURION_CARD_PIC_LUXURY_47,,
FOOL_PIC_TAROT_48,,
MOON_PIC_TAROT_48,,
MAGICIAN_PIC_TAROT_48,,
EMPRESS_PIC_TAROT_48,,
DEATH_PIC_TAROT_48,,
SUN_PIC_TAROT_48,,
STAR_PIC_TAROT_48,,
HANGED_MAN_PIC_TAROT_48,,
PACIFIER_PIC_BABIES_49,,
DIAPER_PIC_BABIES_49,,
RATTLE_PIC_BABIES_49,,
STROLLER_PIC_BABIES_49,,
BOTTLE_PIC_BABIES_49,,
BABY_BOWL_AND_SOFT_TIP_SPOON_PIC_BABIES_49,,
CRIB_PIC_BABIES_49,,
CAR_SEAT_PIC_BABIES_49,,
ROPE_PIC_SAILOR_50,,
FLAG_PIC_SAILOR_50,,
STORM_PIC_SAILOR_50,,
KNOT_PIC_SAILOR_50,,
SAILOR_HAT_PIC_SAILOR_50,,
SPYGLASS_PIC_SAILOR_50,,
SEXTANT_PIC_SAILOR_50,,
HARBOR_LIGHTHOUSE_PIC_SAILOR_50,,
GUM_PIC_CANDY_51,,
CHOCO_PIC_CANDY_51,,
FUDGE_PIC_CANDY_51,,
LOLLIPOP_PIC_CANDY_51,,
HARD_CANDY_PIC_CANDY_51,,
MARSHMALLOW_PIC_CANDY_51,,
TURKISH_DELIGHT_PIC_CANDY_51,,
COTTON_CANDY_PIC_CANDY_51,,
DOOR_PIC_KEYS_52,,
PADLOCK_PIC_KEYS_52,,
CAR_PIC_KEYS_52,,
SAFE_PIC_KEYS_52,,
SUITCASE_PIC_KEYS_52,,
STORAGE_LOCKER_PIC_KEYS_52,,
TREASURE_CHEST_PIC_KEYS_52,,
LOCKABLE_NOTEBOOK_PIC_KEYS_52,,
GRASS_PIC_LAWN_53,,
MOWER_PIC_LAWN_53,,
FOUR_LEAF_CLOVER_PIC_LAWN_53,,
SPRINKLER_PIC_LAWN_53,,
GARDENING_GLOVES_PIC_LAWN_53,,
LEAF_RAKE_PIC_LAWN_53,,
PICNIC_BLANKET_PIC_LAWN_53,,
FRISBEE_PIC_LAWN_53,,
CUBE_PIC_3D_54,,
SPHERE_PIC_3D_54,,
CONE_PIC_3D_54,,
TORUS_PIC_3D_54,,
SQUARE_PYRAMID_PIC_3D_54,,
CYLINDER_PIC_3D_54,,
OCTAHEDRON_PIC_3D_54,,
MOBIUS_STRIP_PIC_3D_54,,
BATS_PIC_VAMPIRE_55,,
FANGS_PIC_VAMPIRE_55,,
COFFIN_PIC_VAMPIRE_55,,
GARLIC_PIC_VAMPIRE_55,,
CAPE_PIC_VAMPIRE_55,,
CANDLE_AND_CANDLESTICK_PIC_VAMPIRE_55,,
GOTHIC_CASTLE_PIC_VAMPIRE_55,,
RED_ROSE_PIC_VAMPIRE_55,,
BIG_BEN_PIC_LANDMARK_56,,
STATUE_OF_LIBERTY_PIC_LANDMARK_56,,
COLOSSEUM_PIC_LANDMARK_56,,
PYRAMIDS_PIC_LANDMARK_56,,
GREAT_WALL_PIC_LANDMARK_56,,
EIFFEL_TOWER_PIC_LANDMARK_56,,
PARTHENON_PIC_LANDMARK_56,,
LEANING_TOWER_OF_PISA_PIC_LANDMARK_56,,
DUNES_PIC_DESERT_57,,
CACTI_PIC_DESERT_57,,
OASIS_PIC_DESERT_57,,
CAMEL_PIC_DESERT_57,,
LEATHER_WATER_CANTEEN_PIC_DESERT_57,,
GOGGLES_PIC_DESERT_57,,
FENNEC_FOX_PIC_DESERT_57,,
DESERT_TENT_PIC_DESERT_57,,
TEDDY_BEAR_PIC_TOYS_58,,
KITE_PIC_TOYS_58,,
LEGO_PIC_TOYS_58,,
GAMEPAD_PIC_TOYS_58,,
SPINNING_TOP_PIC_TOYS_58,,
JUMP_ROPE_PIC_TOYS_58,,
JIGSAW_PUZZLE_PIC_TOYS_58,,
BUILDING_BLOCKS_PIC_TOYS_58,,
EGGPLANT_PIC_PURPLE_59,,
VIOLET_PIC_PURPLE_59,,
PLUM_PIC_PURPLE_59,,
LAVENDER_PIC_PURPLE_59,,
PURPLE_GRAPES_PIC_PURPLE_59,,
PURPLE_MUG_PIC_PURPLE_59,,
AMETHYST_PIC_PURPLE_59,,
WISTERIA_PIC_PURPLE_59,,
BANANA_PIC_YELLOW_60,,
CORN_PIC_YELLOW_60,,
GOLD_PIC_YELLOW_60,,
CHEESE_PIC_YELLOW_60,,
RUBBER_DUCK_PIC_YELLOW_60,,
LEMON_PIC_YELLOW_60,,
YELLOW_GEMSTONE_PIC_YELLOW_60,,
YELLOW_ROSE_PIC_YELLOW_60,,
UMBRELLA_PIC_RAIN_61,,
RAINCOAT_PIC_RAIN_61,,
CLOUD_PIC_RAIN_61,,
PUDDLE_PIC_RAIN_61,,
RAIN_BOOTS_PIC_RAIN_61,,
LIGHTNING_PIC_RAIN_61,,
RAINBOW_PIC_RAIN_61,,
RAINY_WEATHER_ICON_PIC_RAIN_61,,
DUMBBELL_PIC_GYM_62,,
BARBELL_PIC_GYM_62,,
AIR_BIKE_PIC_GYM_62,,
KETTLEBELL_PIC_GYM_62,,
TREADMILL_PIC_GYM_62,,
EXERCISE_BALL_PIC_GYM_62,,
ELLIPTICAL_MACHINE_PIC_GYM_62,,
AB_ROLLER_PIC_GYM_62,,
SOCKS_PIC_PAIRS_63,,
TWINS_PIC_PAIRS_63,,
SKIS_PIC_PAIRS_63,,
GLOVES_PIC_PAIRS_63,,
SHOES_PIC_PAIRS_63,,
WINGS_PIC_PAIRS_63,,
EARBUDS_PIC_PAIRS_63,,
CHOPSTICKS_PIC_PAIRS_63,,
TENT_PIC_CAMPING_64,,
CAMPFIRE_PIC_CAMPING_64,,
HAMMOCK_PIC_CAMPING_64,,
SLEEPING_BAG_PIC_CAMPING_64,,
CAMP_CHAIR_PIC_CAMPING_64,,
CAMPING_LANTERN_PIC_CAMPING_64,,
MULTI_TOOL_PIC_CAMPING_64,,
INSECT_REPELLENT_PIC_CAMPING_64,,
CANDY_CANE_PIC_XMAS_65,,
CHRISTMAS_STOCKING_PIC_XMAS_65,,
SANTA_PIC_XMAS_65,,
CHRISTMAS_TREE_PIC_XMAS_65,,
FAIRY_LIGHTS_PIC_XMAS_65,,
REINDEER_PIC_XMAS_65,,
GINGERBREAD_HOUSE_PIC_XMAS_65,,
CHRISTMAS_GIFT_PIC_XMAS_65,,
STAMP_PIC_MAIL_66,,
PARCEL_PIC_MAIL_66,,
LETTER_PIC_MAIL_66,,
MAILBOX_PIC_MAIL_66,,
POSTMARK_PIC_MAIL_66,,
EMAIL_PIC_MAIL_66,,
CARRIER_PIGEON_PIC_MAIL_66,,
POSTMAN_PIC_MAIL_66,,
CHEF_S_HAT_PIC_CHEF_67,,
RESTAURANT_PIC_CHEF_67,,
DISH_PIC_CHEF_67,,
CHEF_S_JACKET_PIC_CHEF_67,,
PROFESSIONAL_OVEN_PIC_CHEF_67,,
CHEF_S_KNIFE_PIC_CHEF_67,,
WOK_PIC_CHEF_67,,
SPICE_JAR_PIC_CHEF_67,,
TV_PIC_SCREEN_68,,
LAPTOP_PIC_SCREEN_68,,
E_READER_PIC_SCREEN_68,,
SMARTPHONE_PIC_SCREEN_68,,
SMARTWATCH_PIC_SCREEN_68,,
HANDHELD_GAME_CONSOLE_PIC_SCREEN_68,,
MOVIE_SCREEN_PIC_SCREEN_68,,
CALCULATOR_PIC_SCREEN_68,,
STETHOSCOPE_PIC_TOOLS_69,,
WRENCH_PIC_TOOLS_69,,
PAINTBRUSH_PIC_TOOLS_69,,
GAVEL_PIC_TOOLS_69,,
MICROPHONE_PIC_TOOLS_69,,
HARD_HAT_PIC_TOOLS_69,,
TEACHING_POINTER_PIC_TOOLS_69,,
SCAPEL_PIC_TOOLS_69,,
STAPLER_PIC_SUPPLIES_70,,
TAPE_DISPENSER_PIC_SUPPLIES_70,,
PAPERCLIP_PIC_SUPPLIES_70,,
NOTEBOOK_PIC_SUPPLIES_70,,
RUBBER_STAMP_PIC_SUPPLIES_70,,
FILE_FOLDER_PIC_SUPPLIES_70,,
PENCIL_PIC_SUPPLIES_70,,
CALCULATOR_PIC_SUPPLIES_70,,
BOWL_PIC_UTENSILS_71,,
PLATE_PIC_UTENSILS_71,,
CHOPSTICKS_PIC_UTENSILS_71,,
SPOON_PIC_UTENSILS_71,,
FORK_PIC_UTENSILS_71,,
CUP_PIC_UTENSILS_71,,
DINNER_KNIFE_PIC_UTENSILS_71,,
PLACEMAT_PIC_UTENSILS_71,,
CANVAS_PIC_ARTS_72,,
PALETTE_PIC_ARTS_72,,
SCULPTURE_PIC_ARTS_72,,
CAMERA_PIC_ARTS_72,,
FILM_PIC_ARTS_72,,
SHEET_MUSIC_PIC_ARTS_72,,
STAGE_CURTAIN_PIC_ARTS_72,,
MASK_PIC_ARTS_72,,
COMPASS_PIC_SURVIVAL_73,,
FLASHLIGHT_PIC_SURVIVAL_73,,
TENT_PIC_SURVIVAL_73,,
MATCHES_PIC_SURVIVAL_73,,
MULTI_TOOL_PIC_SURVIVAL_73,,
WATER_BOTTLE_PIC_SURVIVAL_73,,
ROPE_PIC_SURVIVAL_73,,
FIRST_AID_KIT_PIC_SURVIVAL_73,,
FLOUR_PIC_BAKING_74,,
EGGS_PIC_BAKING_74,,
SUGAR_PIC_BAKING_74,,
BUTTER_PIC_BAKING_74,,
YEAST_PIC_BAKING_74,,
CHOCOLATE_CHIPS_PIC_BAKING_74,,
VANILLA_EXTRACT_PIC_BAKING_74,,
CREAM_PIC_BAKING_74,,
THERMOMETER_PIC_MEDICAL_75,,
MASK_PIC_MEDICAL_75,,
SYRINGE_PIC_MEDICAL_75,,
PILLS_PIC_MEDICAL_75,,
BANDAGE_PIC_MEDICAL_75,,
WHEELCHAIR_PIC_MEDICAL_75,,
BLOOD_PRESSURE_MONITOR_PIC_MEDICAL_75,,
FIRST_AID_KIT_PIC_MEDICAL_75,,
REUSABLE_BAG_PIC_ECO_ITEMS_76,,
BIODEGRADABLE_UTENSILS_PIC_ECO_ITEMS_76,,
SOLAR_PANEL_PIC_ECO_ITEMS_76,,
WINDMILL_PIC_ECO_ITEMS_76,,
RECYCLING_BIN_PIC_ECO_ITEMS_76,,
BICYCLE_PIC_ECO_ITEMS_76,,
WATER_SAVING_FAUCET_PIC_ECO_ITEMS_76,,
LED_LIGHT_PIC_ECO_ITEMS_76,,
WALL_CLOCK_PIC_DECOR_77,,
PHOTO_FRAME_PIC_DECOR_77,,
RUG_PIC_DECOR_77,,
VASE_PIC_DECOR_77,,
WALL_ART_PIC_DECOR_77,,
CURTAINS_PIC_DECOR_77,,
THROW_PILLOW_PIC_DECOR_77,,
SCENTED_CANDLE_PIC_DECOR_77,,
SURFBOARD_PIC_AQUATICS_78,,
DIVING_MASK_PIC_AQUATICS_78,,
KAYAK_PIC_AQUATICS_78,,
LIFE_RING_PIC_AQUATICS_78,,
WETSUIT_PIC_AQUATICS_78,,
SAILBOAT_PIC_AQUATICS_78,,
PADDLEBOARD_PIC_AQUATICS_78,,
LIFE_JACKET_PIC_AQUATICS_78,,
CHECKMARK_PIC_ICONS_79,,
CROSS_PIC_ICONS_79,,
CIRCLE_PIC_ICONS_79,,
ARROW_PIC_ICONS_79,,
HEART_PIC_ICONS_79,,
STAR_PIC_ICONS_79,,
LOCK_ICON_PIC_ICONS_79,,
ENVELOPE_ICON_PIC_ICONS_79,,
JACK_O_LANTERN_PIC_HALLOWEEN_80,,
GHOST_PIC_HALLOWEEN_80,,
BAT_PIC_HALLOWEEN_80,,
BLACK_CAT_PIC_HALLOWEEN_80,,
WITCH_HAT_PIC_HALLOWEEN_80,,
SPIDER_WEB_PIC_HALLOWEEN_80,,
CANDY_BUCKET_PIC_HALLOWEEN_80,,
SKELETON_PIC_HALLOWEEN_80,,