id,basic_card_name_en,it-IT
DOG_WORD_PETS_2,Dog,Cane
HAMSTER_WORD_PETS_2,Hamster,Criceto
CAT_WORD_PETS_2,Cat,Gatto
PARROT_WORD_PETS_2,Parrot,Pappagallo
HOT_DOG_WORD_FOOD_3,Hot dog,Hot dog
PIZZA_WORD_FOOD_3,Pizza,Pizza
BURGER_WORD_FOOD_3,Burger,Hamburger
FRIES_WORD_FOOD_3,Fries,Patatine
PEONY_WORD_FLOWERS_4,Peony,Peonia
LILY_WORD_FLOWERS_4,Lily,Giglio
ROSE_WORD_FLOWERS_4,Rose,Rosa
TULIP_WORD_FLOWERS_4,Tulip,Tulipano
WESTERN_WORD_CINEMA_6,Western,Western
DRAMA_WORD_CINEMA_6,Drama,Dramma
COMEDY_WORD_CINEMA_6,Comedy,Commedia
HORROR_WORD_CINEMA_6,Horror,Horror
POPCORN_WORD_CINEMA_6,Action,Azione
TICKET_WORD_CINEMA_6,Romance,Romantico
BEEF_WORD_BURGER_8,Beef,Manzo
BUN_WORD_BURGER_8,Bun,Panino
SAUCE_WORD_BURGER_8,Sauce,Salsa
CHEESE_WORD_BURGER_8,Cheese,Formaggio
PAGE_WORD_BOOK_9,Page,Pagina
PAPER_WORD_BOOK_9,Paper,Carta
COVER_WORD_BOOK_9,Cover,Copertina
ASIA_WORD_LANDMASS_10,Asia,Asia
AFRICA_WORD_LANDMASS_10,Africa,Africa
EUROPE_WORD_LANDMASS_10,Europe,Europa
SODA_WORD_DRINKS_16,Soda,Bibita
ESPRESSO_WORD_DRINKS_16,Espresso,Espresso
LEMONADE_WORD_DRINKS_16,Lemonade,Limonata
JUICE_WORD_DRINKS_16,Juice,Succo
PAWN_WORD_CHESS_17,Pawn,Pedone
ROOK_WORD_CHESS_17,Rook,Torre
BISHOP_WORD_CHESS_17,Bishop,Alfiere
QUEEN_WORD_CHESS_17,Queen,Regina
SPRING_WORD_SEASONS_18,Spring,Primavera
AUTUMN_WORD_SEASONS_18,Autumn,Autunno
WINTER_WORD_SEASONS_18,Winter,Inverno
SUMMER_WORD_SEASONS_18,Summer,Estate
ROD_WORD_FISHING_20,Rod,Canna
BOBBER_WORD_FISHING_20,Bobber,Galleggiante
BAIT_WORD_FISHING_20,Bait,Esca
JAMAICA_WORD_ISLANDS_21,Jamaica,Giamaica
ICELAND_WORD_ISLANDS_21,Iceland,Islanda
SICILY_WORD_ISLANDS_21,Sicily,Sicilia
HAWAII_WORD_ISLANDS_21,Hawaii,Hawaii
BALI_WORD_ISLANDS_21,Bali,Bali
IBIZA_WORD_ISLANDS_21,Ibiza,Ibiza
CRETE_WORD_ISLANDS_21,Crete,Creta
BARBADOS_WORD_ISLANDS_21,Barbados,Barbados
RUMBA_WORD_DANCES_24,Rumba,Rumba
TANGO_WORD_DANCES_24,Tango,Tango
SALSA_WORD_DANCES_24,Salsa,Salsa
WALTZ_WORD_DANCES_24,Waltz,Valzer
SAMBA_WORD_DANCES_24,Samba,Samba
FLAMENCO_WORD_DANCES_24,Flamenco,Flamenco
MOSQUITO_WORD_INSECTS_25,Mosquito,Zanzara
LADYBUG_WORD_INSECTS_25,Ladybug,Coccinella
MOTH_WORD_INSECTS_25,Moth,Falena
WASP_WORD_INSECTS_25,Wasp,Vespa
DRAGONFLY_WORD_INSECTS_25,Dragonfly,Libellula
ANT_WORD_INSECTS_25,Ant,Formica
METAL_WORD_MATERIAL_27,Metal,Metallo
GLASS_WORD_MATERIAL_27,Glass,Vetro
PLASTIC_WORD_MATERIAL_27,Plastic,Plastica
STONE_WORD_MATERIAL_27,Stone,Pietra
TERMINAL_WORD_AIRPORT_29,Terminal,Terminal
RUNWAY_WORD_AIRPORT_29,Runway,Pista
GATE_WORD_AIRPORT_29,Gate,Gate
CREAM_WORD_DAIRY_30,Cream,Panna
BUTTER_WORD_DAIRY_30,Butter,Burro
YOGURT_WORD_DAIRY_30,Yogurt,Yogurt
GOLDFISH_WORD_FISH_31,Goldfish,Pesce rosso
TUNA_WORD_FISH_31,Tuna,Tonno
MARLIN_WORD_FISH_31,Marlin,Marlin
SARDINE_WORD_FISH_31,Sardine,Sardina
EEL_WORD_FISH_31,Eel,Anguilla
MACKEREL_WORD_FISH_31,Mackerel,Sgombro
GROUPER_WORD_FISH_31,Grouper,Cernia
PERCH_WORD_FISH_31,Perch,Pesce persico
ITALY_WORD_MAP_32,Italy,Italia
INDIA_WORD_MAP_32,India,India
AUSTRALIA_WORD_MAP_32,Australia,Australia
FRANCE_WORD_MAP_32,France,Francia
USA_WORD_MAP_32,USA,USA
UK_WORD_MAP_32,UK,R.U.
CYPRUS_WORD_MAP_32,Cyprus,Cipro
JAPAN_WORD_MAP_32,Japan,Giappone
ARMOR_WORD_KNIGHT_34,Armor,Armatura
HELMET_WORD_KNIGHT_34,Helmet,Elmo
SHIELD_WORD_KNIGHT_34,Shield,Scudo
WEAPON_WORD_KNIGHT_34,Weapon,Arma
DESTRIER_WORD_KNIGHT_34,Destrier,Destriero
CHIVALRY_WORD_KNIGHT_34,Chivalry,Cavalleria
SHOOTER_WORD_GAMER_36,Shooter,Sparatutto
ARCADE_WORD_GAMER_36,Arcade,Arcade
STRATEGY_WORD_GAMER_36,Strategy,Strategia
SCORE_WORD_GAMER_36,Score,Punteggio
DRYER_WORD_DEVICE_38,Dryer,Asciugatrice
PRINTER_WORD_DEVICE_38,Printer,Stampante
FAX_WORD_DEVICE_38,Fax,Fax
HEATER_WORD_DEVICE_38,Heater,Stufa
MANSION_WORD_HOUSE_40,Mansion,Magione
PALACE_WORD_HOUSE_40,Palace,Palazzo
VILLA_WORD_HOUSE_40,Villa,Villa
PILOT_WORD_JOBS_42,Pilot,Pilota
MAILMAN_WORD_JOBS_42,Mailman,Postino
DOCTOR_WORD_JOBS_42,Doctor,Dottore
WELDER_WORD_JOBS_42,Welder,Saldatore
ENGINEER_WORD_JOBS_42,Engineer,Ingegnere
PLUMBER_WORD_JOBS_42,Plumber,Idraulico
ACTOR_WORD_JOBS_42,Actor,Attore
NURSE_WORD_JOBS_42,Nurse,Infermiera
SANDALS_WORD_FOOTWEAR_46,Sandals,Sandali
UGGS_WORD_FOOTWEAR_46,Uggs,Uggs
SLIPPERS_WORD_FOOTWEAR_46,Slippers,Pantofole
CLOGS_WORD_FOOTWEAR_46,Clogs,Zoccoli
LOAFERS_WORD_FOOTWEAR_46,Loafers,Mocassini
SNEAKERS_WORD_FOOTWEAR_46,Sneakers,Sneakers
CAR_WORD_DRIVING_49,Car,Auto
ROAD_WORD_DRIVING_49,Road,Strada
SIGN_WORD_DRIVING_49,Sign,Segnale
TRAFFIC_WORD_DRIVING_49,Traffic,Traffico
VESPUCCI_WORD_EXPLORER_51,Vespucci,Vespucci
MAGELLAN_WORD_EXPLORER_51,Magellan,Magellano
COLUMBUS_WORD_EXPLORER_51,Columbus,Colombo
KICK_WORD_MOVEMENT_52,Kick,Calcio
WALK_WORD_MOVEMENT_52,Walk,Camminare
JUMP_WORD_MOVEMENT_52,Jump,Saltare
SOLID_WORD_PHASE_57,Solid,Solido
LIQUID_WORD_PHASE_57,Liquid,Liquido
GAS_WORD_PHASE_57,Gas,Gas
COMFY_WORD_COZY_58,Comfy,Comodo
WARM_WORD_COZY_58,Warm,Caldo
SNUG_WORD_COZY_58,Snug,Accogliente
ARIES_WORD_ZODIAC_59,Aries,Ariete
TAURUS_WORD_ZODIAC_59,Taurus,Toro
GEMINI_WORD_ZODIAC_59,Gemini,Gemelli
LEO_WORD_ZODIAC_59,Leo,Leone
VIRGO_WORD_ZODIAC_59,Virgo,Vergine
LIBRA_WORD_ZODIAC_59,Libra,Bilancia
SCORPIO_WORD_ZODIAC_59,Scorpio,Scorpione
PISCES_WORD_ZODIAC_59,Pisces,Pesci
FRIGATE_WORD_SHIP_62,Frigate,Fregata
CARAVEL_WORD_SHIP_62,Caravel,Caravella
GALLEON_WORD_SHIP_62,Galleon,Galeone
BRIG_WORD_SHIP_62,Brig,Brigantino
TANKER_WORD_SHIP_62,Tanker,Petroliera
TUGBOAT_WORD_SHIP_62,Tugboat,Rimorchiatore
STAMP_WORD_MAILMAN_63,Stamp,Francobollo
ENVELOPE_WORD_MAILMAN_63,Envelope,Busta
LETTER_WORD_MAILMAN_63,Letter,Lettera
MAIL_WORD_MAILMAN_63,Mail,Posta
SEAL_WORD_MAILMAN_63,Seal,Sigillo
INK_WORD_MAILMAN_63,Ink,Inchiostro
BUST_WORD_SCULPT_64,Bust,Busto
FIGURINE_WORD_SCULPT_64,Figurine,Statuetta
STATUE_WORD_SCULPT_64,Statue,Statua
MONUMENT_WORD_SCULPT_64,Monument,Monumento
ENGLISH_WORD_LANGUAGE_70,English,Inglese
ITALIAN_WORD_LANGUAGE_70,Italian,Italiano
HINDI_WORD_LANGUAGE_70,Hindi,Hindi
JAPANESE_WORD_LANGUAGE_70,Japanese,Giapponese
HEBREW_WORD_LANGUAGE_70,Hebrew,Ebraico
DANISH_WORD_LANGUAGE_70,Danish,Danese
LATIN_WORD_LANGUAGE_70,Latin,Latino
POLISH_WORD_LANGUAGE_70,Polish,Polacco
LENS_WORD_CAMERA_73,Lens,Obiettivo
FLASH_WORD_CAMERA_73,Flash,Flash
ZOOM_WORD_CAMERA_73,Zoom,Zoom
FILTER_WORD_CAMERA_73,Filter,Filtro
SHUTTER_WORD_CAMERA_73,Shutter,Otturatore
EXPOSURE_WORD_CAMERA_73,Exposure,Esposizione
MIST_WORD_FOG_76,Mist,Nebbia
HAZE_WORD_FOG_76,Haze,Foschia
SMOG_WORD_FOG_76,Smog,Smog
VAPOR_WORD_FOG_76,Vapor,Vapore
SLEET_WORD_SNOW_77,Sleet,Nevischio
FLAKE_WORD_SNOW_77,Flake,Fiocco
ICEBERG_WORD_SNOW_77,Frost,Brina
HEDGEHOG_WORD_SPIKY_78,Hedgehog,Riccio
CACTUS_WORD_SPIKY_78,Cactus,Cactus
DURIAN_WORD_SPIKY_78,Durian,Durian
DOVE_WORD_BIRDS_80,Dove,Colomba
EAGLE_WORD_BIRDS_80,Eagle,Aquila
SWAN_WORD_BIRDS_80,Swan,Cigno
OWL_WORD_BIRDS_80,Owl,Gufo
HERON_WORD_BIRDS_80,Heron,Airone
ROBIN_WORD_BIRDS_80,Robin,Pettirosso
FINCH_WORD_BIRDS_80,Finch,Fringuello
VULTURE_WORD_BIRDS_80,Vulture,Avvoltoio
SARTRE_WORD_MINDS_82,Sartre,Sartre
DANTE_WORD_MINDS_82,Dante,Dante
PLATO_WORD_MINDS_82,Plato,Platone
SOCRATES_WORD_MINDS_82,Socrates,Socrate
GALILEO_WORD_MINDS_82,Galileo,Galileo
KANT_WORD_MINDS_82,Kant,Kant
PUCK_WORD_HOCKEY_86,Puck,Disco
PENALTY_WORD_HOCKEY_86,Penalty,Rigore
GOAL_WORD_HOCKEY_86,Goal,Gol
RINK_WORD_HOCKEY_86,Rink,Pista
COUPLE_WORD_DATE_87,Couple,Coppia
TUXEDO_WORD_DATE_87,Wine,Vino
FLOWERS_WORD_DATE_87,Flowers,Fiori
TEETH_WORD_SAW_88,Teeth,Denti
BLADE_WORD_SAW_88,Blade,Lama
NOTCH_WORD_SAW_88,Notch,Tacca
OLDMAN_WORD_ACTOR_89,Oldman,Oldman
PITT_WORD_ACTOR_89,Pitt,Pitt
EASTWOOD_WORD_ACTOR_89,Eastwood,Eastwood
HANKS_WORD_ACTOR_89,Hanks,Hanks
CROWE_WORD_ACTOR_89,Crowe,Crowe
CRUISE_WORD_ACTOR_89,Cruise,Cruise
DICAPRIO_WORD_ACTOR_89,DiCaprio,DiCaprio
WAHLBERG_WORD_ACTOR_89,Wahlberg,Wahlberg
MERCURY_WORD_PLANET_90,Mercury,Mercurio
JUPITER_WORD_PLANET_90,Jupiter,Giove
SATURN_WORD_PLANET_90,Saturn,Saturno
URANUS_WORD_PLANET_90,Uranus,Urano
NEPTUNE_WORD_PLANET_90,Neptune,Nettuno
MARS_WORD_PLANET_90,Mars,Marte
EARTH_WORD_PLANET_90,Earth,Terra
VENUS_WORD_PLANET_90,Venus,Venere
BIOLOGY_WORD_LESSONS_94,Biology,Biologia
PHYSICS_WORD_LESSONS_94,Physics,Fisica
GEOMETRY_WORD_LESSONS_94,Geometry,Geometria
ALGEBRA_WORD_LESSONS_94,Algebra,Algebra
HISTORY_WORD_LESSONS_94,History,Storia
CALCULUS_WORD_LESSONS_94,Calculus,Calcolo
TABLETS_WORD_PILLS_99,Tablets,Compresse
CAPSULES_WORD_PILLS_99,Capsules,Capsule
LOZENGES_WORD_PILLS_99,Lozenges,Pastiglie
CLOUDS_WORD_RAINY_100,Clouds,Nuvole
SHOWERS_WORD_RAINY_100,Showers,Piogge
PUDDLES_WORD_RAINY_100,Puddles,Pozzanghere
CIABATTA_WORD_BREADS_102,Ciabatta,Ciabatta
BAGUETTE_WORD_BREADS_102,Baguette,Baguette
FOCACCIA_WORD_BREADS_102,Focaccia,Focaccia
PITA_WORD_BREADS_102,Pita,Pita
CHALLAH_WORD_BREADS_102,Challah,Challah
TORTILLA_WORD_BREADS_102,Tortilla,Tortilla
BRIOCHE_WORD_BREADS_102,Brioche,Brioche
AREPA_WORD_BREADS_102,Arepa,Arepa
GYRUS_WORD_BRAIN_106,Gyrus,Giro
CORTEX_WORD_BRAIN_106,Cortex,Corteccia
LOBE_WORD_BRAIN_106,Lobe,Lobo
HYDROGEN_WORD_ELEMENTS_107,Hydrogen,Idrogeno
NITROGEN_WORD_ELEMENTS_107,Nitrogen,Azoto
SULFUR_WORD_ELEMENTS_107,Sulfur,Zolfo
CARBON_WORD_ELEMENTS_107,Carbon,Carbonio
SODIUM_WORD_ELEMENTS_107,Sodium,Sodio
SILICON_WORD_ELEMENTS_107,Silicon,Silicio
IODINE_WORD_ELEMENTS_107,Iodine,Iodio
OXYGEN_WORD_ELEMENTS_107,Oxygen,Ossigeno
BRIE_WORD_CHEESE_108,Brie,Brie
FETA_WORD_CHEESE_108,Feta,Feta
GOUDA_WORD_CHEESE_108,Gouda,Gouda
CHEDDAR_WORD_CHEESE_108,Cheddar,Cheddar
PARMESAN_WORD_CHEESE_108,Parmesan,Parmigiano
RICOTTA_WORD_CHEESE_108,Ricotta,Ricotta
EDAM_WORD_CHEESE_108,Edam,Edam
DORBLU_WORD_CHEESE_108,Swiss,Svizzero
WORKOUT_WORD_FITNESS_110,Workout,Allenamento
YOGA_WORD_FITNESS_110,Yoga,Yoga
PILATES_WORD_FITNESS_110,Pilates,Pilates
JOGGING_WORD_FITNESS_110,Jogging,Jogging
GYM_WORD_FITNESS_110,Gym,Palestra
CARDIO_WORD_FITNESS_110,Cardio,Cardio
BICEPS_WORD_MUSCLES_112,Biceps,Bicipiti
DELTOIDS_WORD_MUSCLES_112,Deltoids,Deltoidi
ABS_WORD_MUSCLES_112,Abs,Addominali
TRICEPS_WORD_MUSCLES_112,Triceps,Tricipiti
SCARAB_WORD_EGYPT_114,Scarab,Scarabeo
PHARAOH_WORD_EGYPT_114,Pharaoh,Faraone
PAPYRUS_WORD_EGYPT_114,Papyrus,Papiro
PYRAMID_WORD_EGYPT_114,Pyramid,Piramide
MULBERRY_WORD_BERRY_116,Mulberry,Gelso
BILBERRY_WORD_BERRY_116,Bilberry,Mirtillo
BARBERRY_WORD_BERRY_116,Barberry,Crespino
ATHENS_WORD_CAPITALS_119,Athens,Atene
PRAGUE_WORD_CAPITALS_119,Prague,Praga
MADRID_WORD_CAPITALS_119,Madrid,Madrid
RIYADH_WORD_CAPITALS_119,Riyadh,Riad
OTTAWA_WORD_CAPITALS_119,Ottawa,Ottawa
ROME_WORD_CAPITALS_119,Rome,Roma
OSLO_WORD_CAPITALS_119,Oslo,Oslo
CAIRO_WORD_CAPITALS_119,Cairo,Il Cairo
POWDER_WORD_MAKEUP_120,Powder,Cipria
SPONGE_WORD_MAKEUP_120,Sponge,Spugnetta
PALETTE_WORD_MAKEUP_120,Palette,Palette
SERUM_WORD_MAKEUP_120,Serum,Siero
PEEL_WORD_MAKEUP_120,Peel,Peeling
BLUSH_WORD_MAKEUP_120,Blush,Fard
SAVATE_WORD_COMBAT_121,Savate,Savate
JUDO_WORD_COMBAT_121,Judo,Judo
KARATE_WORD_COMBAT_121,Karate,Karate
KUNG_FU_WORD_COMBAT_121,Kung fu,Kung fu
SUMO_WORD_COMBAT_121,Sumo,Sumo
SILAT_WORD_COMBAT_121,Silat,Silat
CHORDS_WORD_GUITAR_122,Chords,Accordi
PICKUPS_WORD_GUITAR_122,Pickups,Pickup
STRINGS_WORD_GUITAR_122,Strings,Corde
RIFFS_WORD_GUITAR_122,Riffs,Riff
POINTE_WORD_BALLET_125,Pointe,Punte
TUTU_WORD_BALLET_125,Tutu,Tutù
BARRE_WORD_BALLET_125,Barre,Sbarra
ALLIANCE_WORD_UNITE_126,Alliance,Alleanza
LEAGUE_WORD_UNITE_126,League,Lega
UNION_WORD_UNITE_126,Union,Unione
JEWELRY_WORD_LUXURY_133,Jewelry,Gioielli
WATCH_WORD_LUXURY_133,Watch,Orologio
CAVIAR_WORD_LUXURY_133,Caviar,Caviale
YACHT_WORD_LUXURY_133,Yacht,Yacht
SAVANNA_WORD_BIOMES_135,Savanna,Savana
TUNDRA_WORD_BIOMES_135,Tundra,Tundra
TAIGA_WORD_BIOMES_135,Taiga,Taiga
SRIRACHA_WORD_SPICY_136,Sriracha,Sriracha
WASABI_WORD_SPICY_136,Wasabi,Wasabi
HABANERO_WORD_SPICY_136,Habanero,Habanero
COCKPIT_WORD_PLANE_139,Cockpit,Cabina
SEATBELT_WORD_PLANE_139,Seatbelt,Cintura
WINGS_WORD_PLANE_139,Wings,Ali
ENGINE_WORD_PLANE_139,Engine,Motore
RUDDER_WORD_PLANE_139,Rudder,Timone
FUSELAGE_WORD_PLANE_139,Fuselage,Fusoliera
AILERON_WORD_PLANE_139,Aileron,Alettone
FLY_WORD_PLANE_139,Fly,Volare
BEAVER_WORD_RODENTS_141,Beaver,Castoro
MARMOT_WORD_RODENTS_141,Marmot,Marmotta
NUTRIA_WORD_RODENTS_141,Nutria,Nutria
SQUIRREL_WORD_RODENTS_141,Squirrel,Scoiattolo
CAPYBARA_WORD_RODENTS_141,Capybara,Capibara
RAT_WORD_RODENTS_141,Rat,Ratto
SOLAR_WORD_ENERGY_145,Solar,Solare
NUCLEAR_WORD_ENERGY_145,Nuclear,Nucleare
KINETIC_WORD_ENERGY_145,Kinetic,Cinetica
THERMAL_WORD_ENERGY_145,Thermal,Termica
ESSAY_WORD_ARTICLES_147,Essay,Saggio
REVIEW_WORD_ARTICLES_147,Review,Recensione
OPINION_WORD_ARTICLES_147,Opinion,Opinione
TSUNAMI_WORD_DISASTER_148,Tsunami,Tsunami
TORNADO_WORD_DISASTER_148,Tornado,Tornado
FLOOD_WORD_DISASTER_148,Flood,Alluvione
GORILLA_WORD_PRIMATES_149,Gorilla,Gorilla
GIBBON_WORD_PRIMATES_149,Gibbon,Gibbone
BABOON_WORD_PRIMATES_149,Baboon,Babbuino
LEMUR_WORD_PRIMATES_149,Lemur,Lemure
MACAQUE_WORD_PRIMATES_149,Macaque,Macaco
SIMIAN_WORD_PRIMATES_149,Simian,Scimmia
MANDRILL_WORD_PRIMATES_149,Mandrill,Mandrillo
TARSIER_WORD_PRIMATES_149,Tarsier,Tarsio
PYTHON_WORD_CODING_150,Python,Python
JAVA_WORD_CODING_150,Java,Java
RUBY_WORD_CODING_150,Ruby,Ruby
SWIFT_WORD_CODING_150,Swift,Swift
SCRIPT_WORD_CODING_150,Script,Script
PHP_WORD_CODING_150,PHP,PHP
SQL_WORD_CODING_150,SQL,SQL
BUGS_WORD_CODING_150,Bugs,Bug
LYRICS_WORD_RAP_151,Lyrics,Testi
VERSE_WORD_RAP_151,Verse,Verso
RHYME_WORD_RAP_151,Rhyme,Rima
PUNCH_WORD_RAP_151,Punch,Colpo
NIAGARA_WORD_WATER_152,Niagara,Niagara
VICTORIA_WORD_WATER_152,Victoria,Victoria
YOSEMITE_WORD_WATER_152,Yosemite,Yosemite
HAVASU_WORD_WATER_152,Havasu,Havasu
YO_YO_WORD_TOYS_154,Yo-yo,Yo-yo
SPINNER_WORD_TOYS_154,Spinner,Trottola
DOLL_WORD_TOYS_154,Doll,Bambola
SERGEANT_WORD_ARMY_156,Sergeant,Sergente
MAJOR_WORD_ARMY_156,Major,Maggiore
GENERAL_WORD_ARMY_156,General,Generale
COLONEL_WORD_ARMY_156,Colonel,Colonnello
PRIVATE_WORD_ARMY_156,Private,Soldato
CORPORAL_WORD_ARMY_156,Corporal,Caporale
CAPTAIN_WORD_ARMY_156,Captain,Capitano
RANK_WORD_ARMY_156,Rank,Grado
ZEN_WORD_MEDITATE_160,Zen,Zen
BREATH_WORD_MEDITATE_160,Breath,Respiro
PEACE_WORD_MEDITATE_160,Peace,Pace
MANTRA_WORD_MEDITATE_160,Mantra,Mantra
FAMOUS_WORD_FAME_161,Famous,Famoso
ICONIC_WORD_FAME_161,Iconic,Iconico
POPULAR_WORD_FAME_161,Popular,Popolare
RENOWN_WORD_FAME_161,Renown,Fama
SYNTAX_WORD_LINGUIST_162,Syntax,Sintassi
POLYGLOT_WORD_LINGUIST_162,Polyglot,Poliglotta
GRAMMAR_WORD_LINGUIST_162,Grammar,Grammatica
SCHOLAR_WORD_LINGUIST_162,Scholar,Erudito
EASTER_WORD_HOLIDAY_163,Easter,Pasqua
NEW_YEAR_WORD_HOLIDAY_163,New Year,Capodanno
FLAG_DAY_WORD_HOLIDAY_163,Flag Day,Festa della Bandiera
DUMBBELL_WORD_GYM_164,Dumbbell,Manubrio
BARBELL_WORD_GYM_164,Barbell,Bilanciere
AIR_BIKE_WORD_GYM_164,Air bike,Air bike
PERICLES_WORD_WILLIAM_165,Pericles,Pericle
MACBETH_WORD_WILLIAM_165,Macbeth,Macbeth
HAMLET_WORD_WILLIAM_165,Hamlet,Amleto
OTHELLO_WORD_WILLIAM_165,Othello,Otello
JULIET_WORD_WILLIAM_165,Juliet,Giulietta
ROMEO_WORD_WILLIAM_165,Romeo,Romeo
TEMPEST_WORD_WILLIAM_165,Tempest,Tempesta
HENRY_V_WORD_WILLIAM_165,Henry V,Enrico V
WOLF_WORD_CANINES_168,Wolf,Lupo
COYOTE_WORD_CANINES_168,Coyote,Coyote
DINGO_WORD_CANINES_168,Dingo,Dingo
JACKAL_WORD_CANINES_168,Jackal,Sciacallo
FOX_WORD_CANINES_168,Fox,Volpe
DHOLE_WORD_CANINES_168,Dhole,Cuon
HARVARD_WORD_STUDIES_169,Harvard,Harvard
STANFORD_WORD_STUDIES_169,Stanford,Stanford
OXFORD_WORD_STUDIES_169,Oxford,Oxford
YALE_WORD_STUDIES_169,Yale,Yale
SORBONNE_WORD_STUDIES_169,Sorbonne,Sorbona
MIT_WORD_STUDIES_169,MIT,MIT
LEMON_WORD_CITRUS_173,Lemon,Limone
LIME_WORD_CITRUS_173,Lime,Lime
POMELO_WORD_CITRUS_173,Pomelo,Pomelo
GLIDER_WORD_AIRCRAFT_174,Glider,Aliante
JETLINER_WORD_AIRCRAFT_174,Jetliner,Jet di linea
AIRPLANE_WORD_AIRCRAFT_174,Airplane,Aeroplano
MERLOT_WORD_GRAPE_177,Merlot,Merlot
RIESLING_WORD_GRAPE_177,Riesling,Riesling
SHIRAZ_WORD_GRAPE_177,Shiraz,Shiraz
GRENACHE_WORD_GRAPE_177,Grenache,Grenache
MUSCAT_WORD_GRAPE_177,Muscat,Moscato
MALBEC_WORD_GRAPE_177,Malbec,Malbec
AMANITA_WORD_MUSHROOM_178,Amanita,Amanita
PORCINI_WORD_MUSHROOM_178,Porcini,Porcini
RUSSULA_WORD_MUSHROOM_178,Russula,Russula
TRUFFLE_WORD_MUSHROOM_178,Truffle,Tartufo
ENOKI_WORD_MUSHROOM_178,Enoki,Enoki
SHIITAKE_WORD_MUSHROOM_178,Shiitake,Shiitake
WALRUS_WORD_ARCTIC_180,Walrus,Tricheco
POLAR_BEAR_WORD_ARCTIC_180,Polar bear,Orso polare
SNOWY_OWL_WORD_ARCTIC_180,Snowy owl,Gufo delle nevi
REINDEER_WORD_ARCTIC_180,Reindeer,Renna
PIT_STOP_WORD_RACING_182,Pit stop,Pit stop
FINISH_WORD_RACING_182,Finish,Traguardo
SPEEDWAY_WORD_RACING_182,Speedway,Autodromo
ASSIST_WORD_HELP_183,Assist,Assistere
SUPPORT_WORD_HELP_183,Support,Sostenere
DONATE_WORD_HELP_183,Donate,Donare
OPAL_WORD_GEMSTONE_186,Opal,Opale
RUBY_WORD_GEMSTONE_186,Ruby,Rubino
TOPAZ_WORD_GEMSTONE_186,Topaz,Topazio
SAPPHIRE_WORD_GEMSTONE_186,Sapphire,Zaffiro
GARNET_WORD_GEMSTONE_186,Garnet,Granato
DIAMOND_WORD_GEMSTONE_186,Diamond,Diamante
ONYX_WORD_GEMSTONE_186,Onyx,Onice
AGATE_WORD_GEMSTONE_186,Agate,Agata
ORION_WORD_PATTERN_188,Orion,Orione
PERSEUS_WORD_PATTERN_188,Perseus,Perseo
DRACO_WORD_PATTERN_188,Draco,Drago
SCORPIUS_WORD_PATTERN_188,Scorpius,Scorpione
CYGNUS_WORD_PATTERN_188,Cygnus,Cigno
SERPENS_WORD_PATTERN_188,Serpens,Serpente
GASOLINE_WORD_FUELS_190,Gasoline,Benzina
DIESEL_WORD_FUELS_190,Diesel,Diesel
COAL_WORD_FUELS_190,Coal,Carbone
PROPANE_WORD_FUELS_190,Propane,Propano
KEROSENE_WORD_FUELS_190,Kerosene,Cherosene
VOTER_WORD_ELECT_193,Voter,Elettore
BALLOT_WORD_ELECT_193,Ballot,Scheda
CAMPAIGN_WORD_ELECT_193,Campaign,Campagna
TURNOUT_WORD_ELECT_193,Turnout,Affluenza
KING_WORD_CROWN_194,King,Re
EMPEROR_WORD_CROWN_194,Emperor,Imperatore
MAHARAJA_WORD_CROWN_194,Maharaja,Maharaja
KENNEDY_WORD_LEADER_196,Washington,Washington
CLINTON_WORD_LEADER_196,Jefferson,Jefferson
LINCOLN_WORD_LEADER_196,Lincoln,Lincoln
REAGAN_WORD_LEADER_196,Roosevelt,Roosevelt
BUSH_WORD_LEADER_196,Wilson,Wilson
OBAMA_WORD_LEADER_196,Jackson,Jackson
ADAMS_WORD_LEADER_196,Adams,Adams
BIDEN_WORD_LEADER_196,Madison,Madison
SOFT_BUN_WORD_HOT_DOG_201,Soft bun,Panino morbido
SAUSAGE_WORD_HOT_DOG_201,Sausage,Salsiccia
KETCHUP_WORD_HOT_DOG_201,Ketchup,Ketchup
DECODE_WORD_CIPHER_208,Decode,Decifrare
ENCODE_WORD_CIPHER_208,Encode,Codificare
KEYWORD_WORD_CIPHER_208,Keyword,Parola chiave
PASSWORD_WORD_CIPHER_208,Password,Password
HARMONY_WORD_SYMPHONY_210,Harmony,Armonia
OVERTURE_WORD_SYMPHONY_210,Overture,Ouverture
MELODY_WORD_SYMPHONY_210,Melody,Melodia
PHOTO_WORD_ARTWORKS_211,Photo,Foto
DRAWING_WORD_ARTWORKS_211,Drawing,Disegno
PAINTING_WORD_ARTWORKS_211,Painting,Dipinto
HAMMER_WORD_AUCTION_215,Hammer,Martello
LOT_WORD_AUCTION_215,Lot,Lotto
BID_WORD_AUCTION_215,Bid,Offerta
PRICE_WORD_AUCTION_215,Price,Prezzo
CATALOG_WORD_AUCTION_215,Catalog,Catalogo
BIDDER_WORD_AUCTION_215,Bidder,Offerente
EXCELSA_WORD_BEANS_219,Excelsa,Excelsa
ROBUSTA_WORD_BEANS_219,Robusta,Robusta
LIBERICA_WORD_BEANS_219,Liberica,Liberica
ARABICA_WORD_BEANS_219,Arabica,Arabica
TENT_WORD_CAMPING_221,Tent,Tenda
CAMPFIRE_WORD_CAMPING_221,Campfire,Falò
HAMMOCK_WORD_CAMPING_221,Hammock,Amaca
ORGAN_WORD_PLAY_223,Organ,Organo
VIOLIN_WORD_PLAY_223,Violin,Violino
UKULELE_WORD_PLAY_223,Ukulele,Ukulele
DRUM_WORD_PLAY_223,Drum,Tamburo
PIANO_WORD_PLAY_223,Piano,Pianoforte
FLUTE_WORD_PLAY_223,Flute,Flauto
GUITAR_WORD_PLAY_223,Guitar,Chitarra
CELLO_WORD_PLAY_223,Cello,Violoncello
BANK_WORD_FINANCE_227,Bank,Banca
INCOME_WORD_FINANCE_227,Income,Reddito
EXPENSE_WORD_FINANCE_227,Expense,Spesa
MONEY_WORD_FINANCE_227,Money,Denaro
KINGDOM_WORD_MEDIEVAL_228,Kingdom,Regno
LORD_WORD_MEDIEVAL_228,Lord,Signore
KNIGHT_WORD_MEDIEVAL_228,Knight,Cavaliere
CASTLE_WORD_MEDIEVAL_228,Castle,Castello
GLASSES_WORD_OPTICS_229,Glasses,Occhiali
LENS_WORD_OPTICS_229,Lens,Lente
MONOCLE_WORD_OPTICS_229,Monocle,Monocolo
SPYGLASS_WORD_OPTICS_229,Spyglass,Cannocchiale
SIGNPOST_WORD_NAVIGATE_230,Signpost,Segnaletica
SEXTANT_WORD_NAVIGATE_230,Sextant,Sestante
COMPASS_WORD_NAVIGATE_230,Compass,Bussola
PLAYPEN_WORD_TODDLER_231,Playpen,Box
NAP_TIME_WORD_TODDLER_231,Nap time,Pisolino
PACIFIER_WORD_TODDLER_231,Pacifier,Ciuccio
CAPRINE_WORD_FAMILIES_234,Caprine,Caprino
OVINE_WORD_FAMILIES_234,Ovine,Ovino
FELINE_WORD_FAMILIES_234,Feline,Felino
EQUINE_WORD_FAMILIES_234,Equine,Equino
CANINE_WORD_FAMILIES_234,Canine,Canino
MURINE_WORD_FAMILIES_234,Murine,Murino
PORCINE_WORD_FAMILIES_234,Porcine,Suino
BOVINE_WORD_FAMILIES_234,Bovine,Bovino
ALTAIR_WORD_STARS_236,Altair,Altair
POLARIS_WORD_STARS_236,Polaris,Polaris
SIRIUS_WORD_STARS_236,Sirius,Sirio
VEGA_WORD_STARS_236,Vega,Vega
RIGEL_WORD_STARS_236,Rigel,Rigel
ALKAID_WORD_STARS_236,Alkaid,Alkaid
NEURAL_WORD_AI_238,Neural,Neurale
DATASET_WORD_AI_238,Dataset,Dataset
CHATBOT_WORD_AI_238,Chatbot,Chatbot
AGENT_WORD_AI_238,Agent,Agente
MATRIX_WORD_AI_238,Matrix,Matrice
CORTEX_WORD_AI_238,Cortex,Corteccia
REGION_WORD_DIVISION_242,Region,Regione
COUNTRY_WORD_DIVISION_242,Country,Paese
STATE_WORD_DIVISION_242,State,Stato
CITY_WORD_DIVISION_242,City,Città
DIALOGUE_WORD_SPEAK_244,Dialogue,Dialogo
DEBATE_WORD_SPEAK_244,Debate,Dibattito
ARGUMENT_WORD_SPEAK_244,Argument,Argomento
WAVY_WORD_HAIR_245,Wavy,Mossi
CURLY_WORD_HAIR_245,Curly,Ricci
COILY_WORD_HAIR_245,Coily,Crespi
SPRAIN_WORD_INJURIES_249,Sprain,Distorsione
FRACTURE_WORD_INJURIES_249,Fracture,Frattura
BRUISE_WORD_INJURIES_249,Bruise,Livido
WOUND_WORD_INJURIES_249,Wound,Ferita
HEADACHE_WORD_FLU_251,Headache,Mal di testa
PILLS_WORD_FLU_251,Pills,Pillole
COUGH_WORD_FLU_251,Cough,Tosse
GYPSUM_WORD_MINERALS_253,Gypsum,Gesso
CALCITE_WORD_MINERALS_253,Calcite,Calcite
AZURITE_WORD_MINERALS_253,Azurite,Azzurrite
MICA_WORD_MINERALS_253,Mica,Mica
MARBLE_WORD_MINERALS_253,Marble,Marmo
QUARTZ_WORD_MINERALS_253,Quartz,Quarzo
LIME_WORD_MINERALS_253,Lime,Calce
BERYL_WORD_MINERALS_253,Beryl,Berillo
DECAY_WORD_RADIATE_257,Decay,Decadimento
FALLOUT_WORD_RADIATE_257,Fallout,Fallout
CURIE_WORD_RADIATE_257,Curie,Curie
X_RAYS_WORD_RADIATE_257,X-rays,Raggi X
GLUCAGON_WORD_HORMONES_259,Glucagon,Glucagone
CORTISOL_WORD_HORMONES_259,Cortisol,Cortisolo
INSULIN_WORD_HORMONES_259,Insulin,Insulina
GASTRIN_WORD_HORMONES_259,Gastrin,Gastrina
IRIS_WORD_EYE_260,Iris,Iride
PUPIL_WORD_EYE_260,Pupil,Pupilla
RETINA_WORD_EYE_260,Retina,Retina
DIG_WORD_SHOVEL_261,Dig,Scavare
EXCAVATE_WORD_SHOVEL_261,Excavate,Escavare
UNEARTH_WORD_SHOVEL_261,Unearth,Dissotterrare
ALNICO_WORD_ALLOY_264,Alnico,Alnico
AMALGAM_WORD_ALLOY_264,Amalgam,Amalgama
BRASS_WORD_ALLOY_264,Brass,Ottone
BRONZE_WORD_ALLOY_264,Bronze,Bronzo
NICHROME_WORD_ALLOY_264,Nichrome,Nicromo
TUNGSTEN_WORD_ALLOY_264,Pewter,Peltro
NITINOL_WORD_ALLOY_264,Nitinol,Nitinol
STELLITE_WORD_ALLOY_264,Stellite,Stellite
DIWALI_WORD_FESTIVAL_270,Diwali,Diwali
HOLI_WORD_FESTIVAL_270,Holi,Holi
SONGKRAN_WORD_FESTIVAL_270,Songkran,Songkran
THULIUM_WORD_METAL_272,Thulium,Tulio
HOLMIUM_WORD_METAL_272,Holmium,Olmio
IRIDIUM_WORD_METAL_272,Iridium,Iridio
RHODIUM_WORD_METAL_272,Rhodium,Rodio
YTTRIUM_WORD_METAL_272,Yttrium,Ittrio
LUTETIUM_WORD_METAL_272,Lutetium,Lutezio
EUROPIUM_WORD_METAL_272,Europium,Europio
ERBIUM_WORD_METAL_272,Erbium,Erbio
INSIGNIA_WORD_ARTIFACT_276,Insignia,Insegna
RELIC_WORD_ARTIFACT_276,Relic,Reliquia
SIGIL_WORD_ARTIFACT_276,Sigil,Sigillo
TOTEM_WORD_ARTIFACT_276,Totem,Totem
AMULET_WORD_ARTIFACT_276,Amulet,Amuleto
VASE_WORD_ARTIFACT_276,Vase,Vaso
GUARD_WORD_DEFENSE_277,Guard,Guardia
CCTV_WORD_DEFENSE_277,CCTV,CCTV
SECURITY_WORD_DEFENSE_277,Security,Sicurezza
PATROL_WORD_DEFENSE_277,Patrol,Pattuglia
ATOM_WORD_PARTICLE_281,Atom,Atomo
ELECTRON_WORD_PARTICLE_281,Electron,Elettrone
NEUTRON_WORD_PARTICLE_281,Neutron,Neutrone
HARLEM_WORD_NEW_YORK_287,Harlem,Harlem
SOHO_WORD_NEW_YORK_287,Soho,Soho
TRIBECA_WORD_NEW_YORK_287,Tribeca,Tribeca
ASTORIA_WORD_NEW_YORK_287,Astoria,Astoria
BRONX_WORD_NEW_YORK_287,Bronx,Bronx
QUEENS_WORD_NEW_YORK_287,Queens,Queens
BARNACLE_WORD_NO_BONES_289,Barnacle,Cirripede
SPIDER_WORD_NO_BONES_289,Spider,Ragno
SQUID_WORD_NO_BONES_289,Squid,Calamaro
STARFISH_WORD_NO_BONES_289,Starfish,Stella marina
WORM_WORD_NO_BONES_289,Worm,Verme
FABLE_WORD_LEGENDS_291,Fable,Favola
SAGA_WORD_LEGENDS_291,Saga,Saga
TALE_WORD_LEGENDS_291,Tale,Racconto
EPIC_WORD_LEGENDS_291,Epic,Epica
MYTH_WORD_LEGENDS_291,Myth,Mito
HI_WORD_HELLO_295,Hi,Ciao
HOWDY_WORD_HELLO_295,Howdy,Salve
HEY_WORD_HELLO_295,Hey,Ehi
DEGREE_WORD_PHD_296,Degree,Laurea
THESIS_WORD_PHD_296,Thesis,Tesi
RESEARCH_WORD_PHD_296,Research,Ricerca
CONSENT_WORD_OK_SIGN_301,Consent,Consenso
OKAY_WORD_OK_SIGN_301,Okay,Ok
YES_WORD_OK_SIGN_301,Yes,Sì
SCALES_WORD_JUSTICE_310,Scales,Bilancia
GAVEL_WORD_JUSTICE_310,Gavel,Martelletto
LAW_WORD_JUSTICE_310,Law,Legge
COURT_WORD_JUSTICE_310,Court,Tribunale
INMATE_WORD_PRISONER_312,Inmate,Detenuto
FELON_WORD_PRISONER_312,Felon,Criminale
DETAINEE_WORD_PRISONER_312,Detainee,Prigioniero
METEOR_WORD_SPACE_314,Meteor,Meteora
ECLIPSE_WORD_SPACE_314,Eclipse,Eclissi
AURORA_WORD_SPACE_314,Aurora,Aurora
PULSAR_WORD_SPACE_314,Pulsar,Pulsar
QUASAR_WORD_SPACE_314,Quasar,Quasar
NEBULA_WORD_SPACE_314,Nebula,Nebulosa
NOVA_WORD_SPACE_314,Nova,Nova
ASTEROID_WORD_SPACE_314,Asteroid,Asteroide
GAMBLER_WORD_WESTERN_317,Gambler,Giocatore
SHERIFF_WORD_WESTERN_317,Sheriff,Sceriffo
COWBOY_WORD_WESTERN_317,Cowboy,Cowboy
LASSO_WORD_WESTERN_317,Lasso,Lazo
SALOON_WORD_WESTERN_317,Saloon,Saloon
RODEO_WORD_WESTERN_317,Rodeo,Rodeo
SECURE_WORD_LOCK_321,Secure,Sicuro
STURDY_WORD_LOCK_321,Sturdy,Robusto
TRUSTY_WORD_LOCK_321,Trusty,Affidabile
THIGH_WORD_LEGS_322,Thigh,Coscia
KNEE_WORD_LEGS_322,Knee,Ginocchio
ANKLE_WORD_LEGS_322,Ankle,Caviglia
RA_WORD_PYRAMIDS_330,Ra,Ra
OSIRIS_WORD_PYRAMIDS_330,Osiris,Osiride
ANUBIS_WORD_PYRAMIDS_330,Anubis,Anubi
RAMSES_WORD_PYRAMIDS_330,Ramses,Ramses
PICKAXE_WORD_SHAFT_331,Pickaxe,Piccone
MINE_WORD_SHAFT_331,Mine,Miniera
CART_WORD_SHAFT_331,Cart,Carrello
PADDOCK_WORD_FARMING_333,Paddock,Recinto
COMPOST_WORD_FARMING_333,Compost,Compost
FALLOW_WORD_FARMING_333,Fallow,Maggese
CROP_WORD_FARMING_333,Crop,Raccolto
HAY_WORD_FARMING_333,Hay,Fieno
HARVEST_WORD_FARMING_333,Harvest,Mietitura
TOPSOIL_WORD_FARMING_333,Topsoil,Terriccio
GRAIN_WORD_FARMING_333,Grain,Grano
SLEDDING_WORD_SLIDING_339,Sledding,Slittino
SKELETON_WORD_SLIDING_339,Skeleton,Skeleton
SKIING_WORD_SLIDING_339,Skiing,Sci
SKATING_WORD_SLIDING_339,Skating,Pattinaggio
LUGE_WORD_SLIDING_339,Luge,Slittino
OIL_WORD_PAINTING_340,Oil,Olio
ACRYLIC_WORD_PAINTING_340,Acrylic,Acrilico
GOUACHE_WORD_PAINTING_340,Gouache,Gouache
TEMPERA_WORD_PAINTING_340,Tempera,Tempera
FRESCO_WORD_PAINTING_340,Fresco,Affresco
RISOTTO_WORD_RICE_342,Risotto,Risotto
CONGEE_WORD_RICE_342,Congee,Congee
PAELLA_WORD_RICE_342,Paella,Paella
SUSHI_WORD_RICE_342,Sushi,Sushi
ROMANCE_WORD_HEART_344,Romance,Romanticismo
COUPLE_WORD_HEART_344,Couple,Coppia
PASSION_WORD_HEART_344,Passion,Passione
VANS_WORD_HIPPIE_349,Vans,Furgoni
COMMUNE_WORD_HIPPIE_349,Commune,Comune
FREEDOM_WORD_HIPPIE_349,Freedom,Libertà
DRONE_WORD_ROBOT_354,Drone,Drone
ROBOVAC_WORD_ROBOT_354,Robovac,Robovac
NANOBOT_WORD_ROBOT_354,Nanobot,Nanobot
CYBORG_WORD_ROBOT_354,Cyborg,Cyborg
ANDROID_WORD_ROBOT_354,Android,Androide
MACHINE_WORD_ROBOT_354,Machine,Macchina
SIGMA_WORD_GREECE_359,Sigma,Sigma
DELTA_WORD_GREECE_359,Delta,Delta
KAPPA_WORD_GREECE_359,Kappa,Kappa
MOTION_WORD_DYNAMICS_360,Motion,Moto
INERTIA_WORD_DYNAMICS_360,Inertia,Inerzia
VELOCITY_WORD_DYNAMICS_360,Velocity,Velocità
ONTARIO_WORD_LAKES_365,Ontario,Ontario
SUPERIOR_WORD_LAKES_365,Superior,Superiore
TITICACA_WORD_LAKES_365,Titicaca,Titicaca
BAIKAL_WORD_LAKES_365,Baikal,Baikal
MICHIGAN_WORD_LAKES_365,Michigan,Michigan
HURON_WORD_LAKES_365,Huron,Huron
ATOM_WORD_NUCLEAR_366,Atom,Atomo
NEUTRON_WORD_NUCLEAR_366,Neutron,Neutrone
PROTON_WORD_NUCLEAR_366,Proton,Protone
ELECTRON_WORD_NUCLEAR_366,Electron,Elettrone
MILAN_WORD_ITALY_376,Milan,Milano
ROME_WORD_ITALY_376,Rome,Roma
VENICE_WORD_ITALY_376,Venice,Venezia
FLORENCE_WORD_ITALY_376,Florence,Firenze
THIS_WORD_POINTING_379,This,Questo
THAT_WORD_POINTING_379,That,Quello
THOSE_WORD_POINTING_379,Those,Quelli
NORMAL_WORD_SKIN_380,Normal,Normale
DRY_WORD_SKIN_380,Dry,Secca
OILY_WORD_SKIN_380,Oily,Grassa
LIBRARY_WORD_BUILD_384,Library,Biblioteca
MUSEUM_WORD_BUILD_384,Museum,Museo
HOSPITAL_WORD_BUILD_384,Hospital,Ospedale
SCHOOL_BUILDING_WORD_BUILD_384,School building,Scuola
HOTEL_WORD_BUILD_384,Hotel,Hotel
FACTORY_WORD_BUILD_384,Factory,Fabbrica
STADIUM_WORD_BUILD_384,Stadium,Stadio
MALL_WORD_BUILD_384,Mall,Centro commerciale
MONARCHY_WORD_POLICIES_394,Monarchy,Monarchia
TYRANNY_WORD_POLICIES_394,Tyranny,Tirannia
ANARCHY_WORD_POLICIES_394,Anarchy,Anarchia
POWER_WORD_STRENGTH_401,Power,Potere
FORCE_WORD_STRENGTH_401,Force,Forza
MIGHT_WORD_STRENGTH_401,Might,Potenza
TEXT_WORD_MESSAGE_407,Text,Testo
EMAIL_WORD_MESSAGE_407,Email,Email
LETTER_WORD_MESSAGE_407,Letter,Lettera
FAX_WORD_MESSAGE_407,Fax,Fax
DUALISM_WORD_VIEWS_410,Dualism,Dualismo
STOICISM_WORD_VIEWS_410,Stoicism,Stoicismo
NIHILISM_WORD_VIEWS_410,Nihilism,Nichilismo
LUNGS_WORD_ORGANS_412,Lungs,Polmoni
KIDNEY_WORD_ORGANS_412,Kidney,Rene
STOMACH_WORD_ORGANS_412,Stomach,Stomaco
LIVER_WORD_ORGANS_412,Liver,Fegato
BLADDER_WORD_ORGANS_412,Bladder,Vescica
SPLEEN_WORD_ORGANS_412,Spleen,Milza
HEART_WORD_ORGANS_412,Heart,Cuore
PANCREAS_WORD_ORGANS_412,Pancreas,Pancreas
FOOL_WORD_TAROT_417,Fool,Matto
MOON_WORD_TAROT_417,Moon,Luna
MAGICIAN_WORD_TAROT_417,Magician,Mago
EMPRESS_WORD_TAROT_417,Empress,Imperatrice
SOPRANO_WORD_VOICES_439,Soprano,Soprano
TENOR_WORD_VOICES_439,Tenor,Tenore
BARITONE_WORD_VOICES_439,Baritone,Baritono
BASS_WORD_VOICES_439,Bass,Basso
ALTO_WORD_VOICES_439,Alto,Contralto
SONNET_WORD_POETRY_440,Sonnet,Sonetto
HAIKU_WORD_POETRY_440,Haiku,Haiku
ODE_WORD_POETRY_440,Ode,Ode
BALLAD_WORD_POETRY_440,Ballad,Ballata
ACROSTIC_WORD_POETRY_440,Acrostic,Acrostico
SUPPER_WORD_MEALS_444,Supper,Cena
LUNCH_WORD_MEALS_444,Lunch,Pranzo
DINNER_WORD_MEALS_444,Dinner,Cena
CAULDRON_WORD_ALCHEMY_445,Cauldron,Calderone
ELIXIR_WORD_ALCHEMY_445,Elixir,Elisir
POTION_WORD_ALCHEMY_445,Potion,Pozione
RITUAL_WORD_PAGANISM_469,Ritual,Rituale
TOTEM_WORD_PAGANISM_469,Totem,Totem
IDOL_WORD_PAGANISM_469,Idol,Idolo
ALTAR_WORD_PAGANISM_469,Altar,Altare
CURRENT_WORD_PRESENT_470,Current,Attuale
NOW_WORD_PRESENT_470,Now,Adesso
TODAY_WORD_PRESENT_470,Today,Oggi
CODE_WORD_SECRET_471,Code,Codice
AGENT_WORD_SECRET_471,Agent,Agente
WORD_WORD_SECRET_471,Identity,Identità
DONKEY_WORD_EQUIDAE_475,Donkey,Asino
MULE_WORD_EQUIDAE_475,Mule,Mulo
MUSTANG_WORD_EQUIDAE_475,Mustang,Mustang
HORSE_WORD_EQUIDAE_475,Horse,Cavallo
ZEBRA_WORD_EQUIDAE_475,Zebra,Zebra
PONY_WORD_EQUIDAE_475,Pony,Pony
COWHIDE_WORD_LEATHER_480,Cowhide,Cuoio bovino
NUBUCK_WORD_LEATHER_480,Nubuck,Nabuk
SUEDE_WORD_LEATHER_480,Suede,Scamosciato
TOWER_WORD_CASTLE_485,Tower,Torre
MOAT_WORD_CASTLE_485,Moat,Fossato
DUNGEON_WORD_CASTLE_485,Dungeon,Prigione
BASTION_WORD_CASTLE_485,Bastion,Bastione
RAMPART_WORD_CASTLE_485,Rampart,Bastionata
TURRET_WORD_CASTLE_485,Turret,Torretta
PARAPET_WORD_CASTLE_485,Parapet,Parapetto
CITADEL_WORD_CASTLE_485,Citadel,Cittadella
LCD_WORD_DISPLAY_486,LCD,LCD
LED_WORD_DISPLAY_486,LED,LED
OLED_WORD_DISPLAY_486,OLED,OLED
CRT_WORD_DISPLAY_486,CRT,CRT
PLASMA_WORD_DISPLAY_486,Plasma,Plasma
AMOLED_WORD_DISPLAY_486,AMOLED,AMOLED
MAYANS_WORD_CULTURES_487,Mayans,Maya
AZTECS_WORD_CULTURES_487,Aztecs,Aztechi
ROMANS_WORD_CULTURES_487,Romans,Romani
GREEKS_WORD_CULTURES_487,Greeks,Greci
CELTS_WORD_CULTURES_487,Celts,Celti
VIKINGS_WORD_CULTURES_487,Vikings,Vichinghi
SAMURAI_WORD_WARRIORS_491,Samurai,Samurai
SHINOBI_WORD_WARRIORS_491,Shinobi,Shinobi
RONIN_WORD_WARRIORS_491,Ronin,Ronin
ASSASSIN_WORD_WARRIORS_491,Assassin,Assassino
NINJA_WORD_WARRIORS_491,Ninja,Ninja
DECEIVE_WORD_LIE_492,Deceive,Ingannare
DELUDE_WORD_LIE_492,Delude,Illudere
FALSIFY_WORD_LIE_492,Falsify,Falsificare
MISLEAD_WORD_LIE_492,Mislead,Fuorviare
OBOE_WORD_VIOLIN_508,Oboe,Oboe
CLARINET_WORD_VIOLIN_508,Clarinet,Clarinetto
FLUTE_WORD_VIOLIN_508,Flute,Flauto
CELLO_WORD_VIOLIN_508,Cello,Violoncello
MATE_WORD_ANAGRAM_511,Mate,Mate
TEAM_WORD_ANAGRAM_511,Team,Squadra
MEAT_WORD_ANAGRAM_511,Meat,Carne
BONGO_WORD_DRUM_518,Bongo,Bongo
DJEMBE_WORD_DRUM_518,Djembe,Djembe
TABLA_WORD_DRUM_518,Tabla,Tabla
ASHIKO_WORD_DRUM_518,Ashiko,Ashiko
TRIUMPH_WORD_WREATH_544,Triumph,Trionfo
VICTORY_WORD_WREATH_544,Victory,Vittoria
SUCCESS_WORD_WREATH_544,Success,Successo
YOGA_WORD_ZEN_549,Yoga,Yoga
RINZAI_WORD_ZEN_549,Rinzai,Rinzai
DHARMA_WORD_ZEN_549,Dharma,Dharma
ROUTER_WORD_NETWORK_588,Router,Router
SERVER_WORD_NETWORK_588,Server,Server
GATEWAY_WORD_NETWORK_588,Gateway,Gateway
ETHERNET_WORD_NETWORK_588,Ethernet,Ethernet
PACKET_WORD_NETWORK_588,Packet,Pacchetto
DUTY_WORD_CUSTOMS_592,Duty,Dazio
IMPORT_WORD_CUSTOMS_592,Import,Importare
BORDER_WORD_CUSTOMS_592,Border,Frontiera
EXPORT_WORD_CUSTOMS_592,Export,Esportare
PAYMENT_WORD_MORTGAGE_595,Payment,Pagamento
INTEREST_WORD_MORTGAGE_595,Interest,Interesse
RATE_WORD_MORTGAGE_595,Rate,Tasso
MIX_WORD_CONCRETE_601,Mix,Mescolare
TROWEL_WORD_CONCRETE_601,Trowel,Cazzuola
SCREED_WORD_CONCRETE_601,Screed,Massetto
SATIRE_WORD_MEMES_620,Satire,Satira
PARODY_WORD_MEMES_620,Parody,Parodia
TROLLING_WORD_MEMES_620,Trolling,Trolling
METHANE_WORD_ALKANES_641,Methane,Metano
ETHANE_WORD_ALKANES_641,Ethane,Etano
PROPANE_WORD_ALKANES_641,Propane,Propano
BUTANE_WORD_ALKANES_641,Butane,Butano
ASSESS_WORD_EVALUATE_651,Assess,Valutare
ESTIMATE_WORD_EVALUATE_651,Estimate,Stimare
ANALYZE_WORD_EVALUATE_651,Analyze,Analizzare
HUNT_WORD_QUEST_680,Hunt,Caccia
INQUIRY_WORD_QUEST_680,Inquiry,Indagine
PURSUIT_WORD_QUEST_680,Pursuit,Ricerca
GOATEE_WORD_BEARDS_681,Goatee,Pizzetto
BALBO_WORD_BEARDS_681,Balbo,Balbo
DUCKTAIL_WORD_BEARDS_681,Ducktail,Coda d'anatra
SYNERGY_WORD_YINYANG_721,Synergy,Sinergia
DUALITY_WORD_YINYANG_721,Duality,Dualità
HARMONY_WORD_YINYANG_721,Harmony,Armonia
GOURMET_WORD_FOODIE_726,Gourmet,Gourmet
EPICURE_WORD_FOODIE_726,Epicure,Epicureo
TASTE_WORD_FOODIE_726,Taste,Gusto
SYBARITE_WORD_FOODIE_726,Sybarite,Sibarita
HEDONISM_WORD_FOODIE_726,Hedonism,Edonismo
DISHES_WORD_FOODIE_726,Dishes,Piatti
ROLE_WORD_OPERA_760,Role,Ruolo
DIVA_WORD_OPERA_760,Diva,Diva
ACT_WORD_OPERA_760,Act,Atto
BAY_WORD_HARBOR_764,Bay,Baia
PIER_WORD_HARBOR_764,Pier,Molo
WHARF_WORD_HARBOR_764,Wharf,Banchina
COAST_WORD_HARBOR_764,Coast,Costa
MARINA_WORD_HARBOR_764,Marina,Marina
VESSEL_WORD_HARBOR_764,Vessel,Nave
BRICK_WORD_STREET_768,Lamp,Lampione
DRIVER_WORD_STREET_768,Driver,Conducente
CORNER_WORD_STREET_768,Corner,Angolo
BIKE_WORD_STREET_768,Bike,Bici
LION_WORD_CHIMERA_795,Lion,Leone
GOAT_WORD_CHIMERA_795,Goat,Capra
SERPENT_WORD_CHIMERA_795,Serpent,Serpente
REINS_WORD_CARRIAGE_800,Reins,Redini
HARNESS_WORD_CARRIAGE_800,Harness,Finimenti
COACHMAN_WORD_CARRIAGE_800,Coachman,Cocchiere
CANTER_WORD_GAITS_810,Canter,Piccolo galoppo
GALLOP_WORD_GAITS_810,Gallop,Galoppo
TROT_WORD_GAITS_810,Trot,Trotto
CORE_WORD_EARTH_831,Core,Nucleo
MANTLE_WORD_EARTH_831,Mantle,Mantello
CRUST_WORD_EARTH_831,Crust,Crosta
PAGANINI_WORD_VIOLINS_845,Paganini,Paganini
LUTHIER_WORD_VIOLINS_845,Luthier,Liutaio
FRET_WORD_VIOLINS_845,Bow,Arco
NOUN_WORD_GRAMMAR_861,Noun,Sostantivo
VERB_WORD_GRAMMAR_861,Verb,Verbo
ADVERB_WORD_GRAMMAR_861,Adverb,Avverbio
CREST_WORD_COASTAL_882,Crest,Cresta
BREEZE_WORD_COASTAL_882,Breeze,Brezza
SURFING_WORD_COASTAL_882,Surfing,Surf
SHINGLE_WORD_COASTAL_882,Shingle,Ciottoli
SAND_WORD_COASTAL_882,Sand,Sabbia
GROYNE_WORD_COASTAL_882,Groyne,Frangiflutti
TIDE_WORD_COASTAL_882,Tide,Marea
JETTY_WORD_COASTAL_882,Jetty,Molo
TIRE_WORD_WHEEL_890,Tire,Pneumatico
HUBCAP_WORD_WHEEL_890,Hubcap,Coprimozzo
STEER_WORD_WHEEL_890,Steer,Sterzo
AXLE_WORD_WHEEL_890,Axle,Asse
FORTUNE_WORD_WHEEL_890,Rim,Cerchione
STEEL_WORD_INDUSTRY_921,Steel,Acciaio
GOODS_WORD_INDUSTRY_921,Goods,Merci
PRODUCE_WORD_INDUSTRY_921,Produce,Produrre
MEGA_WORD_PREFIX_922,Mega,Mega
NANO_WORD_PREFIX_922,Nano,Nano
DECA_WORD_PREFIX_922,Deca,Deca
SIAMESE_WORD_BREEDS_940,Siamese,Siamese
SPHYNX_WORD_BREEDS_940,Sphynx,Sphynx
BIRMAN_WORD_BREEDS_940,Birman,Birmano
BENGAL_WORD_BREEDS_940,Bengal,Bengala
ANGORA_WORD_BREEDS_940,Angora,Angora
BIG_BEN_WORD_LANDMARK_948,Big Ben,Big Ben
SPHINX_WORD_LANDMARK_948,Sphinx,Sfinge
COLOSSEUM_WORD_LANDMARK_948,Colosseum,Colosseo
PYRAMIDS_WORD_LANDMARK_948,Pyramids,Piramidi
NILE_WORD_RIVERS_959,Nile,Nilo
AMAZON_WORD_RIVERS_959,Amazon,Amazzoni
HUDSON_WORD_RIVERS_959,Hudson,Hudson
SURF_WORD_COAST_969,Surf,Surf
BEACH_WORD_COAST_969,Beach,Spiaggia
CLIFF_WORD_COAST_969,Cliff,Scogliera
CLEANSER_WORD_SKINCARE_984,Cleanser,Detergente
TONER_WORD_SKINCARE_984,Toner,Tonico
SERUM_WORD_SKINCARE_984,Serum,Siero
TEXTURE_WORD_SKINCARE_984,Texture,Texture
PORES_WORD_SKINCARE_984,Pores,Pori
RETINOL_WORD_SKINCARE_984,Retinol,Retinolo
PEPTIDES_WORD_SKINCARE_984,Peptides,Peptidi
BLEMISH_WORD_SKINCARE_984,Blemish,Imperfezione
ROMANOV_WORD_DYNASTY_991,Romanov,Romanov
TUDOR_WORD_DYNASTY_991,Tudor,Tudor
KENNEDY_WORD_DYNASTY_991,Ottoman,Ottomano
BOURBON_WORD_DYNASTY_991,Bourbon,Borbone
CLERIC_WORD_PRIEST_1019,Cleric,Chierico
BIBLE_WORD_PRIEST_1019,Bible,Bibbia
SAINT_WORD_PRIEST_1019,Saint,Santo
PREACHER_WORD_PRIEST_1019,Preacher,Predicatore
JOURNEY_WORD_MAPS_1022,Journey,Viaggio
LANDMARK_WORD_MAPS_1022,Landmark,Punto di riferimento
BORDER_WORD_MAPS_1022,Border,Confine
ATLAS_WORD_MAPS_1022,Atlas,Atlante
GLOBE_WORD_MAPS_1022,Globe,Globo
SCALE_WORD_MAPS_1022,Scale,Scala
TERRAIN_WORD_MAPS_1022,Terrain,Terreno
CONTOUR_WORD_MAPS_1022,Contour,Contorno
MELODY_WORD_SINGING_1054,Melody,Melodia
SONG_WORD_SINGING_1054,Song,Canzone
PITCH_WORD_SINGING_1054,Pitch,Tono
SOLOIST_WORD_SINGING_1054,Soloist,Solista
ARIA_WORD_SINGING_1054,Aria,Aria
CHOIR_WORD_SINGING_1054,Choir,Coro
HUMMING_WORD_SINGING_1054,Humming,Canticchiare
TIMBRE_WORD_SINGING_1054,Timbre,Timbro
GENE_WORD_GENETICS_1060,Gene,Gene
DNA_WORD_GENETICS_1060,DNA,DNA
GENOME_WORD_GENETICS_1060,Genome,Genoma
TV_WORD_SCREEN_1030,TV,TV
ATM_WORD_SCREEN_1030,ATM,Bancomat
E_READER_WORD_SCREEN_1030,E-reader,E-reader
BUZZER_WORD_ALARM_1031,Buzzer,Cicalino
BEEP_WORD_ALARM_1031,Beep,Bip
RUSH_WORD_ALARM_1031,Rush,Fretta
MAPLE_WORD_LEAVES_1055,Maple,Acero
OAK_WORD_LEAVES_1055,Oak,Quercia
PALM_WORD_LEAVES_1055,Palm,Palma
CHESTNUT_WORD_LEAVES_1055,Chestnut,Castagno
ASH_WORD_LEAVES_1055,Ash,Frassino
POPLAR_WORD_LEAVES_1055,Poplar,Pioppo
PLATE_WORD_DISHWARE_829,Plate,Piatto
CUP_WORD_DISHWARE_829,Cup,Tazza
BOWL_WORD_DISHWARE_829,Bowl,Ciotola
SAUCER_WORD_DISHWARE_829,Saucer,Piattino
FROG_WORD_POND_830,Frog,Rana
REED_WORD_POND_830,Reed,Canna
DUCK_WORD_POND_830,Duck,Anatra
PAWN_PIC_CHESS_1,,
ROOK_PIC_CHESS_1,,
KNIGHT_PIC_CHESS_1,,
BISHOP_PIC_CHESS_1,,
QUEEN_PIC_CHESS_1,,
KING_PIC_CHESS_1,,
CHESSBOARD_PIC_CHESS_1,,
CHESS_CLOCK_PIC_CHESS_1,,
HOCKEY_PIC_SPORTS_2,,
SOCCER_PIC_SPORTS_2,,
BOXING_PIC_SPORTS_2,,
TENNIS_PIC_SPORTS_2,,
GOLF_PIC_SPORTS_2,,
RUGBY_PIC_SPORTS_2,,
CURLING_PIC_SPORTS_2,,
TABLE_TENNIS_PIC_SPORTS_2,,
TABLE_PIC_FURNITURE_3,,
SOFA_PIC_FURNITURE_3,,
CHAIR_PIC_FURNITURE_3,,
DESK_PIC_FURNITURE_3,,
BED_PIC_FURNITURE_3,,
WARDROBE_PIC_FURNITURE_3,,
BOOKSHELF_PIC_FURNITURE_3,,
DRESSERS_PIC_FURNITURE_3,,
ACE_OF_HEARTS_PIC_DECK_4,,
KING_HEARTS_PIC_DECK_4,,
QUEEN_HEARTS_PIC_DECK_4,,
JACK_HEARTS_PIC_DECK_4,,
10_HEARTS_PIC_DECK_4,,
9_HEARTS_PIC_DECK_4,,
8_HEARTS_PIC_DECK_4,,
7_HEARTS_PIC_DECK_4,,
ARIES_PIC_ZODIAC_5,,
TAURUS_PIC_ZODIAC_5,,
GEMINI_PIC_ZODIAC_5,,
CANCER_PIC_ZODIAC_5,,
LEO_PIC_ZODIAC_5,,
VIRGO_PIC_ZODIAC_5,,
LIBRA_PIC_ZODIAC_5,,
SAGITTARIUS_PIC_ZODIAC_5,,
PLIERS_PIC_TOOLBOX_6,,
WRENCH_PIC_TOOLBOX_6,,
DRILL_PIC_TOOLBOX_6,,
ADHESIVE_TAPE_PIC_TOOLBOX_6,,
SAW_PIC_TOOLBOX_6,,
CHISEL_PIC_TOOLBOX_6,,
CLAMP_PIC_TOOLBOX_6,,
HAMMER_PIC_TOOLBOX_6,,
GLOVES_PIC_GARMENTS_7,,
DRESS_PIC_GARMENTS_7,,
PANTS_PIC_GARMENTS_7,,
SHIRT_PIC_GARMENTS_7,,
PANTIES_PIC_GARMENTS_7,,
COAT_PIC_GARMENTS_7,,
JACKET_PIC_GARMENTS_7,,
SKIRT_PIC_GARMENTS_7,,
BROCCOLI_PIC_VEGGIE_8,,
CABBAGE_PIC_VEGGIE_8,,
POTATO_PIC_VEGGIE_8,,
CARROT_PIC_VEGGIE_8,,
BEETROOT_PIC_VEGGIE_8,,
CUCUMBER_PIC_VEGGIE_8,,
ONION_PIC_VEGGIE_8,,
EGGPLANT_PIC_VEGGIE_8,,
ORANGE_PIC_FRUITS_9,,
KIWI_PIC_FRUITS_9,,
BANANA_PIC_FRUITS_9,,
APPLE_PIC_FRUITS_9,,
POMEGRANATE_PIC_FRUITS_9,,
PEACH_PIC_FRUITS_9,,
PINEAPPLE_PIC_FRUITS_9,,
WATERMELON_PIC_FRUITS_9,,
CUSHION_PIC_CHAIR_10,,
THRONE_PIC_CHAIR_10,,
OTTOMAN_PIC_CHAIR_10,,
STOOL_PIC_CHAIR_10,,
ARMCHAIR_PIC_CHAIR_10,,
LOVESEAT_PIC_CHAIR_10,,
RECLINER_PIC_CHAIR_10,,
BEANBAG_PIC_CHAIR_10,,
KEPI_PIC_HATS_11,,
BERET_PIC_HATS_11,,
CAP_PIC_HATS_11,,
HAT_PIC_HATS_11,,
VISOR_PIC_HATS_11,,
TURBAN_PIC_HATS_11,,
SOMBRERO_PIC_HATS_11,,
PANAMA_HAT_PIC_HATS_11,,
ORGAN_PIC_PLAY_12,,
VIOLIN_PIC_PLAY_12,,
UKULELE_PIC_PLAY_12,,
DRUM_PIC_PLAY_12,,
PIANO_PIC_PLAY_12,,
FLUTE_PIC_PLAY_12,,
GUITAR_PIC_PLAY_12,,
CELLO_PIC_PLAY_12,,
BROOM_PIC_CLEANING_13,,
MOP_PIC_CLEANING_13,,
VACUUM_PIC_CLEANING_13,,
DUSTER_PIC_CLEANING_13,,
SPONGE_PIC_CLEANING_13,,
BUCKET_PIC_CLEANING_13,,
BIN_PIC_CLEANING_13,,
DUSTPAN_PIC_CLEANING_13,,
BOOTS_PIC_SHOES_14,,
HEELS_PIC_SHOES_14,,
FLATS_PIC_SHOES_14,,
OXFORDS_PIC_SHOES_14,,
WEDGES_PIC_SHOES_14,,
MONKS_PIC_SHOES_14,,
BROGUES_PIC_SHOES_14,,
DERBIES_PIC_SHOES_14,,
ITALY_PIC_MAP_15,,
INDIA_PIC_MAP_15,,
AUSTRALIA_PIC_MAP_15,,
FRANCE_PIC_MAP_15,,
USA_PIC_MAP_15,,
UK_PIC_MAP_15,,
SPAIN_PIC_MAP_15,,
JAPAN_PIC_MAP_15,,
DOVE_PIC_BIRD_16,,
EAGLE_PIC_BIRD_16,,
SWAN_PIC_BIRD_16,,
OWL_PIC_BIRD_16,,
HERON_PIC_BIRD_16,,
ROBIN_PIC_BIRD_16,,
FINCH_PIC_BIRD_16,,
VULTURE_PIC_BIRD_16,,
LOBSTER_PIC_SEAFOOD_17,,
OYSTER_PIC_SEAFOOD_17,,
MUSSEL_PIC_SEAFOOD_17,,
CRAB_PIC_SEAFOOD_17,,
SCALLOP_PIC_SEAFOOD_17,,
CONCH_PIC_SEAFOOD_17,,
SQUID_PIC_SEAFOOD_17,,
SHRIMP_PIC_SEAFOOD_17,,
TERRIER_PIC_DOGS_18,,
BEAGLE_PIC_DOGS_18,,
POODLE_PIC_DOGS_18,,
SPANIEL_PIC_DOGS_18,,
HUSKY_PIC_DOGS_18,,
COLLIE_PIC_DOGS_18,,
BULLDOG_PIC_DOGS_18,,
PUG_PIC_DOGS_18,,
PIZZA_PIC_EATS_19,,
TACO_PIC_EATS_19,,
FRIES_PIC_EATS_19,,
BURGER_PIC_EATS_19,,
KEBAB_PIC_EATS_19,,
SANDWICH_PIC_EATS_19,,
BURRITO_PIC_EATS_19,,
HOT_DOG_PIC_EATS_19,,
LIBRARY_PIC_BUILD_20,,
MUSEUM_PIC_BUILD_20,,
HOSPITAL_PIC_BUILD_20,,
SCHOOL_BUILDING_PIC_BUILD_20,,
HOTEL_PIC_BUILD_20,,
FACTORY_PIC_BUILD_20,,
STADIUM_PIC_BUILD_20,,
MALL_PIC_BUILD_20,,
TROLL_PIC_FOLKLORE_21,,
GOBLIN_PIC_FOLKLORE_21,,
OGRE_PIC_FOLKLORE_21,,
BANSHEE_PIC_FOLKLORE_21,,
UNICORN_PIC_FOLKLORE_21,,
FAIRY_PIC_FOLKLORE_21,,
GNOME_PIC_FOLKLORE_21,,
GENIE_PIC_FOLKLORE_21,,
APRICOT_PIC_DRUPES_22,,
PEACH_PIC_DRUPES_22,,
PLUM_PIC_DRUPES_22,,
CHERRY_PIC_DRUPES_22,,
MANGO_PIC_DRUPES_22,,
LOQUAT_PIC_DRUPES_22,,
OLIVE_PIC_DRUPES_22,,
LYCHEE_PIC_DRUPES_22,,
BLANKET_PIC_PICNIC_23,,
BASKET_PIC_PICNIC_23,,
SANDWICH_PIC_PICNIC_23,,
ANTS_PIC_PICNIC_23,,
JUICE_PIC_PICNIC_23,,
SUN_PIC_PICNIC_23,,
GRASS_PIC_PICNIC_23,,
CRACKERS_PIC_PICNIC_23,,
PROFITEROLE_PIC_PASTRY_24,,
PIE_PIC_PASTRY_24,,
CAKE_PIC_PASTRY_24,,
BRIOCHE_PIC_PASTRY_24,,
TART_PIC_PASTRY_24,,
SCONE_PIC_PASTRY_24,,
STRUDEL_PIC_PASTRY_24,,
BROWNIE_PIC_PASTRY_24,,
BUGLE_PIC_WIND_25,,
TUBA_PIC_WIND_25,,
FLUTE_PIC_WIND_25,,
SAX_PIC_WIND_25,,
HARMONICA_PIC_WIND_25,,
BAGPIPES_PIC_WIND_25,,
CLARINET_PIC_WIND_25,,
TRUMPET_PIC_WIND_25,,
BOOKSTORE_PIC_MALL_26,,
PHARMACY_PIC_MALL_26,,
SECURITY_PIC_MALL_26,,
JANITOR_PIC_MALL_26,,
CREDIT_CARD_PIC_MALL_26,,
CASH_PIC_MALL_26,,
PAPER_BAG_PIC_MALL_26,,
FITTING_ROOM_PIC_MALL_26,,
VIOLIN_PIC_STRINGS_27,,
GUITAR_PIC_STRINGS_27,,
CELLO_PIC_STRINGS_27,,
VIOLA_PIC_STRINGS_27,,
BANJO_PIC_STRINGS_27,,
HARP_PIC_STRINGS_27,,
UKULELE_PIC_STRINGS_27,,
MANDOLIN_PIC_STRINGS_27,,
NECKLACE_PIC_JEWELRY_28,,
EARRING_PIC_JEWELRY_28,,
DIAMOND_RING_PIC_JEWELRY_28,,
BRACELET_PIC_JEWELRY_28,,
ANKLET_PIC_JEWELRY_28,,
LOCKET_PIC_JEWELRY_28,,
DIADEM_PIC_JEWELRY_28,,
BROOCH_PIC_JEWELRY_28,,
DAISY_PIC_FLOWERS_29,,
LILY_PIC_FLOWERS_29,,
TULIP_PIC_FLOWERS_29,,
ROSE_PIC_FLOWERS_29,,
POPPY_PIC_FLOWERS_29,,
PEONY_PIC_FLOWERS_29,,
ASTER_PIC_FLOWERS_29,,
PANSY_PIC_FLOWERS_29,,
LIZARD_PIC_REPTILES_30,,
SNAKE_PIC_REPTILES_30,,
ALLIGATOR_PIC_REPTILES_30,,
GECKO_PIC_REPTILES_30,,
CHAMELEON_PIC_REPTILES_30,,
IGUANA_PIC_REPTILES_30,,
TURTLE_PIC_REPTILES_30,,
DINOSAUR_PIC_REPTILES_30,,
DIAMOND_PIC_GEMSTONE_31,,
RUBY_PIC_GEMSTONE_31,,
SAPPHIRE_PIC_GEMSTONE_31,,
EMERALD_PIC_GEMSTONE_31,,
CRYSTAL_PIC_GEMSTONE_31,,
GARNET_PIC_GEMSTONE_31,,
PERIDOT_PIC_GEMSTONE_31,,
OPAL_PIC_GEMSTONE_31,,
MOSQUITO_PIC_INSECTS_32,,
LADYBUG_PIC_INSECTS_32,,
MOTH_PIC_INSECTS_32,,
WASP_PIC_INSECTS_32,,
DRAGONFLY_PIC_INSECTS_32,,
ANT_PIC_INSECTS_32,,
CRICKET_PIC_INSECTS_32,,
MANTIS_PIC_INSECTS_32,,
BEAVER_PIC_RODENTS_33,,
MARMOT_PIC_RODENTS_33,,
NUTRIA_PIC_RODENTS_33,,
SQUIRREL_PIC_RODENTS_33,,
CAPYBARA_PIC_RODENTS_33,,
RAT_PIC_RODENTS_33,,
HAMSTER_PIC_RODENTS_33,,
GUINEA_PIG_PIC_RODENTS_33,,
COWBOY_HAT_PIC_WESTERN_34,,
COWBOY_BOOTS_PIC_WESTERN_34,,
LASSO_PIC_WESTERN_34,,
COWBOY_PIC_WESTERN_34,,
SHERIFF_PIC_WESTERN_34,,
BADGE_PIC_WESTERN_34,,
SALOON_PIC_WESTERN_34,,
CACTI_PIC_WESTERN_34,,
JOLLY_ROGER_PIC_PIRATE_35,,
PARROT_PIC_PIRATE_35,,
CUTLASS_PIC_PIRATE_35,,
CANNON_PIC_PIRATE_35,,
RUM_PIC_PIRATE_35,,
TREASURE_MAP_PIC_PIRATE_35,,
WOODEN_SHIP_S_WHEEL_PIC_PIRATE_35,,
TREASURE_CHEST_PIC_PIRATE_35,,
BUOY_PIC_BEACH_36,,
SEAGULL_PIC_BEACH_36,,
BAY_PIC_BEACH_36,,
SAND_PIC_BEACH_36,,
WAVES_PIC_BEACH_36,,
SHELLS_PIC_BEACH_36,,
BEACH_CHAIR_PIC_BEACH_36,,
BEACH_UMBRELLA_PIC_BEACH_36,,
PYRAMID_PIC_EGYPT_37,,
SPHINX_PIC_EGYPT_37,,
PHARAOH_S_MASK_PIC_EGYPT_37,,
MUMMY_PIC_EGYPT_37,,
SCARAB_PIC_EGYPT_37,,
NILE_RIVER_PIC_EGYPT_37,,
ANUBIS_PIC_EGYPT_37,,
HIEROGLYPHS_PIC_EGYPT_37,,
ASTRONAUT_PIC_SPACE_38,,
ROCKET_PIC_SPACE_38,,
UFO_PIC_SPACE_38,,
ALIEN_PIC_SPACE_38,,
SATURN_PIC_SPACE_38,,
SPACE_STATION_PIC_SPACE_38,,
GALAXY_PIC_SPACE_38,,
MARS_ROVER_PIC_SPACE_38,,
TUNA_PIC_SEA_FISH_39,,
MARLIN_PIC_SEA_FISH_39,,
COD_PIC_SEA_FISH_39,,
SARDINE_PIC_SEA_FISH_39,,
SHARK_PIC_SEA_FISH_39,,
SAWFISH_PIC_SEA_FISH_39,,
STINGRAY_PIC_SEA_FISH_39,,
CLOWNFISH_PIC_SEA_FISH_39,,
BALLOON_PIC_BIRTHDAY_40,,
CANDLE_PIC_BIRTHDAY_40,,
CAKE_PIC_BIRTHDAY_40,,
BOX_PIC_BIRTHDAY_40,,
CONFETTI_PIC_BIRTHDAY_40,,
BIRTHDAY_HAT_PIC_BIRTHDAY_40,,
PARTY_HORN_PIC_BIRTHDAY_40,,
BIRTHDAY_BANNER_PIC_BIRTHDAY_40,,
ELECTRIC_CAR_PIC_CHARGER_41,,
SMARTWATCH_PIC_CHARGER_41,,
LAPTOP_PIC_CHARGER_41,,
DIGITAL_CAMERA_PIC_CHARGER_41,,
POWER_BANK_PIC_CHARGER_41,,
ELECTRIC_TOOTHBRUSH_PIC_CHARGER_41,,
BLUETOOTH_HEADPHONES_PIC_CHARGER_41,,
DRONE_PIC_CHARGER_41,,
HELICOPTER_PIC_TRANSPORT_42,,
TRAIN_PIC_TRANSPORT_42,,
PLANE_PIC_TRANSPORT_42,,
TAXI_PIC_TRANSPORT_42,,
SCOOTER_PIC_TRANSPORT_42,,
DOUBLE_DECKER_BUS_PIC_TRANSPORT_42,,
MOTORBOAT_PIC_TRANSPORT_42,,
HOT_AIR_BALLOON_PIC_TRANSPORT_42,,
CAT_PIC_WHISKERS_43,,
DOG_PIC_WHISKERS_43,,
SEAL_PIC_WHISKERS_43,,
WALRUS_PIC_WHISKERS_43,,
OTTER_PIC_WHISKERS_43,,
SQUIRREL_PIC_WHISKERS_43,,
CATFISH_PIC_WHISKERS_43,,
LION_PIC_WHISKERS_43,,
BEEF_PIC_BURGER_44,,
BUN_PIC_BURGER_44,,
SAUCE_PIC_BURGER_44,,
CHEESE_PIC_BURGER_44,,
LETTUCE_PIC_BURGER_44,,
TOMATO_PIC_BURGER_44,,
PICKLE_PIC_BURGER_44,,
ONION_PIC_BURGER_44,,
SODA_PIC_DRINKS_45,,
ESPRESSO_PIC_DRINKS_45,,
LEMONADE_PIC_DRINKS_45,,
JUICE_PIC_DRINKS_45,,
TEA_PIC_DRINKS_45,,
MILK_PIC_DRINKS_45,,
BUBBLE_TEA_PIC_DRINKS_45,,
SPORTS_DRINK_PIC_DRINKS_45,,
CIRCLE_PIC_SHAPES_46,,
SQUARE_PIC_SHAPES_46,,
OVAL_PIC_SHAPES_46,,
OCTAGON_PIC_SHAPES_46,,
TRIANGLE_PIC_SHAPES_46,,
STAR_PIC_SHAPES_46,,
HEART_PIC_SHAPES_46,,
RHOMBUS_PIC_SHAPES_46,,
JEWELRY_PIC_LUXURY_47,,
WATCH_PIC_LUXURY_47,,
CLASSIC_HANDBAG_PIC_LUXURY_47,,
YACHT_PIC_LUXURY_47,,
PRIVATE_JET_PIC_LUXURY_47,,
SUPERCAR_PIC_LUXURY_47,,
ART_PAINTING_PIC_LUXURY_47,,
AMERICAN_EXPRESS_CENTURION_CARD_PIC_LUXURY_47,,
FOOL_PIC_TAROT_48,,
MOON_PIC_TAROT_48,,
MAGICIAN_PIC_TAROT_48,,
EMPRESS_PIC_TAROT_48,,
DEATH_PIC_TAROT_48,,
SUN_PIC_TAROT_48,,
STAR_PIC_TAROT_48,,
HANGED_MAN_PIC_TAROT_48,,
PACIFIER_PIC_BABIES_49,,
DIAPER_PIC_BABIES_49,,
RATTLE_PIC_BABIES_49,,
STROLLER_PIC_BABIES_49,,
BOTTLE_PIC_BABIES_49,,
BABY_BOWL_AND_SOFT_TIP_SPOON_PIC_BABIES_49,,
CRIB_PIC_BABIES_49,,
CAR_SEAT_PIC_BABIES_49,,
ROPE_PIC_SAILOR_50,,
FLAG_PIC_SAILOR_50,,
STORM_PIC_SAILOR_50,,
KNOT_PIC_SAILOR_50,,
SAILOR_HAT_PIC_SAILOR_50,,
SPYGLASS_PIC_SAILOR_50,,
SEXTANT_PIC_SAILOR_50,,
HARBOR_LIGHTHOUSE_PIC_SAILOR_50,,
GUM_PIC_CANDY_51,,
CHOCO_PIC_CANDY_51,,
FUDGE_PIC_CANDY_51,,
LOLLIPOP_PIC_CANDY_51,,
HARD_CANDY_PIC_CANDY_51,,
MARSHMALLOW_PIC_CANDY_51,,
TURKISH_DELIGHT_PIC_CANDY_51,,
COTTON_CANDY_PIC_CANDY_51,,
DOOR_PIC_KEYS_52,,
PADLOCK_PIC_KEYS_52,,
CAR_PIC_KEYS_52,,
SAFE_PIC_KEYS_52,,
SUITCASE_PIC_KEYS_52,,
STORAGE_LOCKER_PIC_KEYS_52,,
TREASURE_CHEST_PIC_KEYS_52,,
LOCKABLE_NOTEBOOK_PIC_KEYS_52,,
GRASS_PIC_LAWN_53,,
MOWER_PIC_LAWN_53,,
FOUR_LEAF_CLOVER_PIC_LAWN_53,,
SPRINKLER_PIC_LAWN_53,,
GARDENING_GLOVES_PIC_LAWN_53,,
LEAF_RAKE_PIC_LAWN_53,,
PICNIC_BLANKET_PIC_LAWN_53,,
FRISBEE_PIC_LAWN_53,,
CUBE_PIC_3D_54,,
SPHERE_PIC_3D_54,,
CONE_PIC_3D_54,,
TORUS_PIC_3D_54,,
SQUARE_PYRAMID_PIC_3D_54,,
CYLINDER_PIC_3D_54,,
OCTAHEDRON_PIC_3D_54,,
MOBIUS_STRIP_PIC_3D_54,,
BATS_PIC_VAMPIRE_55,,
FANGS_PIC_VAMPIRE_55,,
COFFIN_PIC_VAMPIRE_55,,
GARLIC_PIC_VAMPIRE_55,,
CAPE_PIC_VAMPIRE_55,,
CANDLE_AND_CANDLESTICK_PIC_VAMPIRE_55,,
GOTHIC_CASTLE_PIC_VAMPIRE_55,,
RED_ROSE_PIC_VAMPIRE_55,,
BIG_BEN_PIC_LANDMARK_56,,
STATUE_OF_LIBERTY_PIC_LANDMARK_56,,
COLOSSEUM_PIC_LANDMARK_56,,
PYRAMIDS_PIC_LANDMARK_56,,
GREAT_WALL_PIC_LANDMARK_56,,
EIFFEL_TOWER_PIC_LANDMARK_56,,
PARTHENON_PIC_LANDMARK_56,,
LEANING_TOWER_OF_PISA_PIC_LANDMARK_56,,
DUNES_PIC_DESERT_57,,
CACTI_PIC_DESERT_57,,
OASIS_PIC_DESERT_57,,
CAMEL_PIC_DESERT_57,,
LEATHER_WATER_CANTEEN_PIC_DESERT_57,,
GOGGLES_PIC_DESERT_57,,
FENNEC_FOX_PIC_DESERT_57,,
DESERT_TENT_PIC_DESERT_57,,
TEDDY_BEAR_PIC_TOYS_58,,
KITE_PIC_TOYS_58,,
LEGO_PIC_TOYS_58,,
GAMEPAD_PIC_TOYS_58,,
SPINNING_TOP_PIC_TOYS_58,,
JUMP_ROPE_PIC_TOYS_58,,
JIGSAW_PUZZLE_PIC_TOYS_58,,
BUILDING_BLOCKS_PIC_TOYS_58,,
EGGPLANT_PIC_PURPLE_59,,
VIOLET_PIC_PURPLE_59,,
PLUM_PIC_PURPLE_59,,
LAVENDER_PIC_PURPLE_59,,
PURPLE_GRAPES_PIC_PURPLE_59,,
PURPLE_MUG_PIC_PURPLE_59,,
AMETHYST_PIC_PURPLE_59,,
WISTERIA_PIC_PURPLE_59,,
BANANA_PIC_YELLOW_60,,
CORN_PIC_YELLOW_60,,
GOLD_PIC_YELLOW_60,,
CHEESE_PIC_YELLOW_60,,
RUBBER_DUCK_PIC_YELLOW_60,,
LEMON_PIC_YELLOW_60,,
YELLOW_GEMSTONE_PIC_YELLOW_60,,
YELLOW_ROSE_PIC_YELLOW_60,,
UMBRELLA_PIC_RAIN_61,,
RAINCOAT_PIC_RAIN_61,,
CLOUD_PIC_RAIN_61,,
PUDDLE_PIC_RAIN_61,,
RAIN_BOOTS_PIC_RAIN_61,,
LIGHTNING_PIC_RAIN_61,,
RAINBOW_PIC_RAIN_61,,
RAINY_WEATHER_ICON_PIC_RAIN_61,,
DUMBBELL_PIC_GYM_62,,
BARBELL_PIC_GYM_62,,
AIR_BIKE_PIC_GYM_62,,
KETTLEBELL_PIC_GYM_62,,
TREADMILL_PIC_GYM_62,,
EXERCISE_BALL_PIC_GYM_62,,
ELLIPTICAL_MACHINE_PIC_GYM_62,,
AB_ROLLER_PIC_GYM_62,,
SOCKS_PIC_PAIRS_63,,
TWINS_PIC_PAIRS_63,,
SKIS_PIC_PAIRS_63,,
GLOVES_PIC_PAIRS_63,,
SHOES_PIC_PAIRS_63,,
WINGS_PIC_PAIRS_63,,
EARBUDS_PIC_PAIRS_63,,
CHOPSTICKS_PIC_PAIRS_63,,
TENT_PIC_CAMPING_64,,
CAMPFIRE_PIC_CAMPING_64,,
HAMMOCK_PIC_CAMPING_64,,
SLEEPING_BAG_PIC_CAMPING_64,,
CAMP_CHAIR_PIC_CAMPING_64,,
CAMPING_LANTERN_PIC_CAMPING_64,,
MULTI_TOOL_PIC_CAMPING_64,,
INSECT_REPELLENT_PIC_CAMPING_64,,
CANDY_CANE_PIC_XMAS_65,,
CHRISTMAS_STOCKING_PIC_XMAS_65,,
SANTA_PIC_XMAS_65,,
CHRISTMAS_TREE_PIC_XMAS_65,,
FAIRY_LIGHTS_PIC_XMAS_65,,
REINDEER_PIC_XMAS_65,,
GINGERBREAD_HOUSE_PIC_XMAS_65,,
CHRISTMAS_GIFT_PIC_XMAS_65,,
STAMP_PIC_MAIL_66,,
PARCEL_PIC_MAIL_66,,
LETTER_PIC_MAIL_66,,
MAILBOX_PIC_MAIL_66,,
POSTMARK_PIC_MAIL_66,,
EMAIL_PIC_MAIL_66,,
CARRIER_PIGEON_PIC_MAIL_66,,
POSTMAN_PIC_MAIL_66,,
CHEF_S_HAT_PIC_CHEF_67,,
RESTAURANT_PIC_CHEF_67,,
DISH_PIC_CHEF_67,,
CHEF_S_JACKET_PIC_CHEF_67,,
PROFESSIONAL_OVEN_PIC_CHEF_67,,
CHEF_S_KNIFE_PIC_CHEF_67,,
WOK_PIC_CHEF_67,,
SPICE_JAR_PIC_CHEF_67,,
TV_PIC_SCREEN_68,,
LAPTOP_PIC_SCREEN_68,,
E_READER_PIC_SCREEN_68,,
SMARTPHONE_PIC_SCREEN_68,,
SMARTWATCH_PIC_SCREEN_68,,
HANDHELD_GAME_CONSOLE_PIC_SCREEN_68,,
MOVIE_SCREEN_PIC_SCREEN_68,,
CALCULATOR_PIC_SCREEN_68,,
STETHOSCOPE_PIC_TOOLS_69,,
WRENCH_PIC_TOOLS_69,,
PAINTBRUSH_PIC_TOOLS_69,,
GAVEL_PIC_TOOLS_69,,
MICROPHONE_PIC_TOOLS_69,,
HARD_HAT_PIC_TOOLS_69,,
TEACHING_POINTER_PIC_TOOLS_69,,
SCAPEL_PIC_TOOLS_69,,
STAPLER_PIC_SUPPLIES_70,,
TAPE_DISPENSER_PIC_SUPPLIES_70,,
PAPERCLIP_PIC_SUPPLIES_70,,
NOTEBOOK_PIC_SUPPLIES_70,,
RUBBER_STAMP_PIC_SUPPLIES_70,,
FILE_FOLDER_PIC_SUPPLIES_70,,
PENCIL_PIC_SUPPLIES_70,,
CALCULATOR_PIC_SUPPLIES_70,,
BOWL_PIC_UTENSILS_71,,
PLATE_PIC_UTENSILS_71,,
CHOPSTICKS_PIC_UTENSILS_71,,
SPOON_PIC_UTENSILS_71,,
FORK_PIC_UTENSILS_71,,
CUP_PIC_UTENSILS_71,,
DINNER_KNIFE_PIC_UTENSILS_71,,
PLACEMAT_PIC_UTENSILS_71,,
CANVAS_PIC_ARTS_72,,
PALETTE_PIC_ARTS_72,,
SCULPTURE_PIC_ARTS_72,,
CAMERA_PIC_ARTS_72,,
FILM_PIC_ARTS_72,,
SHEET_MUSIC_PIC_ARTS_72,,
STAGE_CURTAIN_PIC_ARTS_72,,
MASK_PIC_ARTS_72,,
COMPASS_PIC_SURVIVAL_73,,
FLASHLIGHT_PIC_SURVIVAL_73,,
TENT_PIC_SURVIVAL_73,,
MATCHES_PIC_SURVIVAL_73,,
MULTI_TOOL_PIC_SURVIVAL_73,,
WATER_BOTTLE_PIC_SURVIVAL_73,,
ROPE_PIC_SURVIVAL_73,,
FIRST_AID_KIT_PIC_SURVIVAL_73,,
FLOUR_PIC_BAKING_74,,
EGGS_PIC_BAKING_74,,
SUGAR_PIC_BAKING_74,,
BUTTER_PIC_BAKING_74,,
YEAST_PIC_BAKING_74,,
CHOCOLATE_CHIPS_PIC_BAKING_74,,
VANILLA_EXTRACT_PIC_BAKING_74,,
CREAM_PIC_BAKING_74,,
THERMOMETER_PIC_MEDICAL_75,,
MASK_PIC_MEDICAL_75,,
SYRINGE_PIC_MEDICAL_75,,
PILLS_PIC_MEDICAL_75,,
BANDAGE_PIC_MEDICAL_75,,
WHEELCHAIR_PIC_MEDICAL_75,,
BLOOD_PRESSURE_MONITOR_PIC_MEDICAL_75,,
FIRST_AID_KIT_PIC_MEDICAL_75,,
REUSABLE_BAG_PIC_ECO_ITEMS_76,,
BIODEGRADABLE_UTENSILS_PIC_ECO_ITEMS_76,,
SOLAR_PANEL_PIC_ECO_ITEMS_76,,
WINDMILL_PIC_ECO_ITEMS_76,,
RECYCLING_BIN_PIC_ECO_ITEMS_76,,
BICYCLE_PIC_ECO_ITEMS_76,,
WATER_SAVING_FAUCET_PIC_ECO_ITEMS_76,,
LED_LIGHT_PIC_ECO_ITEMS_76,,
WALL_CLOCK_PIC_DECOR_77,,
PHOTO_FRAME_PIC_DECOR_77,,
RUG_PIC_DECOR_77,,
VASE_PIC_DECOR_77,,
WALL_ART_PIC_DECOR_77,,
CURTAINS_PIC_DECOR_77,,
THROW_PILLOW_PIC_DECOR_77,,
SCENTED_CANDLE_PIC_DECOR_77,,
SURFBOARD_PIC_AQUATICS_78,,
DIVING_MASK_PIC_AQUATICS_78,,
KAYAK_PIC_AQUATICS_78,,
LIFE_RING_PIC_AQUATICS_78,,
WETSUIT_PIC_AQUATICS_78,,
SAILBOAT_PIC_AQUATICS_78,,
PADDLEBOARD_PIC_AQUATICS_78,,
LIFE_JACKET_PIC_AQUATICS_78,,
CHECKMARK_PIC_ICONS_79,,
CROSS_PIC_ICONS_79,,
CIRCLE_PIC_ICONS_79,,
ARROW_PIC_ICONS_79,,
HEART_PIC_ICONS_79,,
STAR_PIC_ICONS_79,,
LOCK_ICON_PIC_ICONS_79,,
ENVELOPE_ICON_PIC_ICONS_79,,
JACK_O_LANTERN_PIC_HALLOWEEN_80,,
GHOST_PIC_HALLOWEEN_80,,
BAT_PIC_HALLOWEEN_80,,
BLACK_CAT_PIC_HALLOWEEN_80,,
WITCH_HAT_PIC_HALLOWEEN_80,,
SPIDER_WEB_PIC_HALLOWEEN_80,,
CANDY_BUCKET_PIC_HALLOWEEN_80,,
SKELETON_PIC_HALLOWEEN_80,,