\ufeffid,basic_card_name_en,ja-JP
DOG_WORD_PETS_2,Dog,犬
HAMSTER_WORD_PETS_2,Hamster,ハムスター
CAT_WORD_PETS_2,Cat,猫
PARROT_WORD_PETS_2,Parrot,オウム
HOT_DOG_WORD_FOOD_3,Hot dog,ホットドッグ
PIZZA_WORD_FOOD_3,Pizza,ピザ
BURGER_WORD_FOOD_3,Burger,バーガー
FRIES_WORD_FOOD_3,Fries,フライドポテト
PEONY_WORD_FLOWERS_4,Peony,牡丹
LILY_WORD_FLOWERS_4,Lily,ユリ
ROSE_WORD_FLOWERS_4,Rose,バラ
TULIP_WORD_FLOWERS_4,Tulip,チューリップ
WESTERN_WORD_CINEMA_6,Western,西部劇
DRAMA_WORD_CINEMA_6,Drama,ドラマ
COMEDY_WORD_CINEMA_6,Comedy,コメディ
HORROR_WORD_CINEMA_6,Horror,ホラー
POPCORN_WORD_CINEMA_6,Action,アクション
TICKET_WORD_CINEMA_6,Romance,ロマンス
BEEF_WORD_BURGER_8,Beef,ビーフ
BUN_WORD_BURGER_8,Bun,バンズ
SAUCE_WORD_BURGER_8,Sauce,ソース
CHEESE_WORD_BURGER_8,Cheese,チーズ
PAGE_WORD_BOOK_9,Page,ページ
PAPER_WORD_BOOK_9,Paper,紙
COVER_WORD_BOOK_9,Cover,表紙
ASIA_WORD_LANDMASS_10,Asia,アジア
AFRICA_WORD_LANDMASS_10,Africa,アフリカ
EUROPE_WORD_LANDMASS_10,Europe,ヨーロッパ
SODA_WORD_DRINKS_16,Soda,ソーダ
ESPRESSO_WORD_DRINKS_16,Espresso,エスプレッソ
LEMONADE_WORD_DRINKS_16,Lemonade,レモネード
JUICE_WORD_DRINKS_16,Juice,ジュース
PAWN_WORD_CHESS_17,Pawn,ポーン
ROOK_WORD_CHESS_17,Rook,ルーク
BISHOP_WORD_CHESS_17,Bishop,ビショップ
QUEEN_WORD_CHESS_17,Queen,クイーン
SPRING_WORD_SEASONS_18,Spring,春
AUTUMN_WORD_SEASONS_18,Autumn,秋
WINTER_WORD_SEASONS_18,Winter,冬
SUMMER_WORD_SEASONS_18,Summer,夏
ROD_WORD_FISHING_20,Rod,竿
BOBBER_WORD_FISHING_20,Bobber,浮き
BAIT_WORD_FISHING_20,Bait,餌
JAMAICA_WORD_ISLANDS_21,Jamaica,ジャマイカ
ICELAND_WORD_ISLANDS_21,Iceland,アイスランド
SICILY_WORD_ISLANDS_21,Sicily,シチリア
HAWAII_WORD_ISLANDS_21,Hawaii,ハワイ
BALI_WORD_ISLANDS_21,Bali,バリ
IBIZA_WORD_ISLANDS_21,Ibiza,イビサ
CRETE_WORD_ISLANDS_21,Crete,クレタ
BARBADOS_WORD_ISLANDS_21,Barbados,バルバドス
RUMBA_WORD_DANCES_24,Rumba,ルンバ
TANGO_WORD_DANCES_24,Tango,タンゴ
SALSA_WORD_DANCES_24,Salsa,サルサ
WALTZ_WORD_DANCES_24,Waltz,ワルツ
SAMBA_WORD_DANCES_24,Samba,サンバ
FLAMENCO_WORD_DANCES_24,Flamenco,フラメンコ
MOSQUITO_WORD_INSECTS_25,Mosquito,蚊
LADYBUG_WORD_INSECTS_25,Ladybug,テントウムシ
MOTH_WORD_INSECTS_25,Moth,蛾
WASP_WORD_INSECTS_25,Wasp,スズメバチ
DRAGONFLY_WORD_INSECTS_25,Dragonfly,トンボ
ANT_WORD_INSECTS_25,Ant,アリ
METAL_WORD_MATERIAL_27,Metal,金属
GLASS_WORD_MATERIAL_27,Glass,ガラス
PLASTIC_WORD_MATERIAL_27,Plastic,プラスチック
STONE_WORD_MATERIAL_27,Stone,石
TERMINAL_WORD_AIRPORT_29,Terminal,ターミナル
RUNWAY_WORD_AIRPORT_29,Runway,滑走路
GATE_WORD_AIRPORT_29,Gate,搭乗口
CREAM_WORD_DAIRY_30,Cream,クリーム
BUTTER_WORD_DAIRY_30,Butter,バター
YOGURT_WORD_DAIRY_30,Yogurt,ヨーグルト
GOLDFISH_WORD_FISH_31,Goldfish,金魚
TUNA_WORD_FISH_31,Tuna,マグロ
MARLIN_WORD_FISH_31,Marlin,カジキ
SARDINE_WORD_FISH_31,Sardine,イワシ
EEL_WORD_FISH_31,Eel,ウナギ
MACKEREL_WORD_FISH_31,Mackerel,サバ
GROUPER_WORD_FISH_31,Grouper,ハタ
PERCH_WORD_FISH_31,Perch,パーチ
ITALY_WORD_MAP_32,Italy,イタリア
INDIA_WORD_MAP_32,India,インド
AUSTRALIA_WORD_MAP_32,Australia,オーストラリア
FRANCE_WORD_MAP_32,France,フランス
USA_WORD_MAP_32,USA,アメリカ
UK_WORD_MAP_32,UK,イギリス
CYPRUS_WORD_MAP_32,Cyprus,キプロス
JAPAN_WORD_MAP_32,Japan,日本
ARMOR_WORD_KNIGHT_34,Armor,鎧
HELMET_WORD_KNIGHT_34,Helmet,兜
SHIELD_WORD_KNIGHT_34,Shield,盾
WEAPON_WORD_KNIGHT_34,Weapon,武器
DESTRIER_WORD_KNIGHT_34,Destrier,軍馬
CHIVALRY_WORD_KNIGHT_34,Chivalry,騎士道
SHOOTER_WORD_GAMER_36,Shooter,シューティング
ARCADE_WORD_GAMER_36,Arcade,アーケード
STRATEGY_WORD_GAMER_36,Strategy,ストラテジー
SCORE_WORD_GAMER_36,Score,スコア
DRYER_WORD_DEVICE_38,Dryer,乾燥機
PRINTER_WORD_DEVICE_38,Printer,プリンター
FAX_WORD_DEVICE_38,Fax,ファックス
HEATER_WORD_DEVICE_38,Heater,ヒーター
MANSION_WORD_HOUSE_40,Mansion,大邸宅
PALACE_WORD_HOUSE_40,Palace,宮殿
VILLA_WORD_HOUSE_40,Villa,別荘
PILOT_WORD_JOBS_42,Pilot,パイロット
MAILMAN_WORD_JOBS_42,Mailman,郵便配達員
DOCTOR_WORD_JOBS_42,Doctor,医者
WELDER_WORD_JOBS_42,Welder,溶接工
ENGINEER_WORD_JOBS_42,Engineer,エンジニア
PLUMBER_WORD_JOBS_42,Plumber,配管工
ACTOR_WORD_JOBS_42,Actor,俳優
NURSE_WORD_JOBS_42,Nurse,看護師
SANDALS_WORD_FOOTWEAR_46,Sandals,サンダル
UGGS_WORD_FOOTWEAR_46,Uggs,アグブーツ
SLIPPERS_WORD_FOOTWEAR_46,Slippers,スリッパ
CLOGS_WORD_FOOTWEAR_46,Clogs,クロッグ
LOAFERS_WORD_FOOTWEAR_46,Loafers,ローファー
SNEAKERS_WORD_FOOTWEAR_46,Sneakers,スニーカー
CAR_WORD_DRIVING_49,Car,車
ROAD_WORD_DRIVING_49,Road,道路
SIGN_WORD_DRIVING_49,Sign,標識
TRAFFIC_WORD_DRIVING_49,Traffic,交通
VESPUCCI_WORD_EXPLORER_51,Vespucci,ヴェスプッチ
MAGELLAN_WORD_EXPLORER_51,Magellan,マゼラン
COLUMBUS_WORD_EXPLORER_51,Columbus,コロンブス
KICK_WORD_MOVEMENT_52,Kick,キック
WALK_WORD_MOVEMENT_52,Walk,歩く
JUMP_WORD_MOVEMENT_52,Jump,ジャンプ
SOLID_WORD_PHASE_57,Solid,固体
LIQUID_WORD_PHASE_57,Liquid,液体
GAS_WORD_PHASE_57,Gas,気体
COMFY_WORD_COZY_58,Comfy,快適
WARM_WORD_COZY_58,Warm,温かい
SNUG_WORD_COZY_58,Snug,心地よい
ARIES_WORD_ZODIAC_59,Aries,おひつじ座
TAURUS_WORD_ZODIAC_59,Taurus,おうし座
GEMINI_WORD_ZODIAC_59,Gemini,ふたご座
LEO_WORD_ZODIAC_59,Leo,しし座
VIRGO_WORD_ZODIAC_59,Virgo,おとめ座
LIBRA_WORD_ZODIAC_59,Libra,てんびん座
SCORPIO_WORD_ZODIAC_59,Scorpio,さそり座
PISCES_WORD_ZODIAC_59,Pisces,うお座
FRIGATE_WORD_SHIP_62,Frigate,フリゲート
CARAVEL_WORD_SHIP_62,Caravel,キャラベル
GALLEON_WORD_SHIP_62,Galleon,ガレオン
BRIG_WORD_SHIP_62,Brig,ブリッグ
TANKER_WORD_SHIP_62,Tanker,タンカー
TUGBOAT_WORD_SHIP_62,Tugboat,タグボート
STAMP_WORD_MAILMAN_63,Stamp,切手
ENVELOPE_WORD_MAILMAN_63,Envelope,封筒
LETTER_WORD_MAILMAN_63,Letter,手紙
MAIL_WORD_MAILMAN_63,Mail,郵便
SEAL_WORD_MAILMAN_63,Seal,封蝋
INK_WORD_MAILMAN_63,Ink,インク
BUST_WORD_SCULPT_64,Bust,胸像
FIGURINE_WORD_SCULPT_64,Figurine,フィギュリン
STATUE_WORD_SCULPT_64,Statue,彫像
MONUMENT_WORD_SCULPT_64,Monument,記念碑
ENGLISH_WORD_LANGUAGE_70,English,英語
ITALIAN_WORD_LANGUAGE_70,Italian,イタリア語
HINDI_WORD_LANGUAGE_70,Hindi,ヒンディー語
JAPANESE_WORD_LANGUAGE_70,Japanese,日本語
HEBREW_WORD_LANGUAGE_70,Hebrew,ヘブライ語
DANISH_WORD_LANGUAGE_70,Danish,デンマーク語
LATIN_WORD_LANGUAGE_70,Latin,ラテン語
POLISH_WORD_LANGUAGE_70,Polish,ポーランド語
LENS_WORD_CAMERA_73,Lens,レンズ
FLASH_WORD_CAMERA_73,Flash,フラッシュ
ZOOM_WORD_CAMERA_73,Zoom,ズーム
FILTER_WORD_CAMERA_73,Filter,フィルター
SHUTTER_WORD_CAMERA_73,Shutter,シャッター
EXPOSURE_WORD_CAMERA_73,Exposure,露出
MIST_WORD_FOG_76,Mist,霧
HAZE_WORD_FOG_76,Haze,霞
SMOG_WORD_FOG_76,Smog,スモッグ
VAPOR_WORD_FOG_76,Vapor,蒸気
SLEET_WORD_SNOW_77,Sleet,みぞれ
FLAKE_WORD_SNOW_77,Flake,雪片
ICEBERG_WORD_SNOW_77,Frost,霜
HEDGEHOG_WORD_SPIKY_78,Hedgehog,ハリネズミ
CACTUS_WORD_SPIKY_78,Cactus,サボテン
DURIAN_WORD_SPIKY_78,Durian,ドリアン
DOVE_WORD_BIRDS_80,Dove,ハト
EAGLE_WORD_BIRDS_80,Eagle,ワシ
SWAN_WORD_BIRDS_80,Swan,白鳥
OWL_WORD_BIRDS_80,Owl,フクロウ
HERON_WORD_BIRDS_80,Heron,サギ
ROBIN_WORD_BIRDS_80,Robin,コマドリ
FINCH_WORD_BIRDS_80,Finch,フィンチ
VULTURE_WORD_BIRDS_80,Vulture,ハゲタカ
SARTRE_WORD_MINDS_82,Sartre,サルトル
DANTE_WORD_MINDS_82,Dante,ダンテ
PLATO_WORD_MINDS_82,Plato,プラトン
SOCRATES_WORD_MINDS_82,Socrates,ソクラテス
GALILEO_WORD_MINDS_82,Galileo,ガリレオ
KANT_WORD_MINDS_82,Kant,カント
PUCK_WORD_HOCKEY_86,Puck,パック
PENALTY_WORD_HOCKEY_86,Penalty,ペナルティ
GOAL_WORD_HOCKEY_86,Goal,ゴール
RINK_WORD_HOCKEY_86,Rink,リンク
COUPLE_WORD_DATE_87,Couple,カップル
TUXEDO_WORD_DATE_87,Wine,ワイン
FLOWERS_WORD_DATE_87,Flowers,花
TEETH_WORD_SAW_88,Teeth,歯
BLADE_WORD_SAW_88,Blade,刃
NOTCH_WORD_SAW_88,Notch,切込み
OLDMAN_WORD_ACTOR_89,Oldman,オールドマン
PITT_WORD_ACTOR_89,Pitt,ピット
EASTWOOD_WORD_ACTOR_89,Eastwood,イーストウッド
HANKS_WORD_ACTOR_89,Hanks,ハンクス
CROWE_WORD_ACTOR_89,Crowe,クロウ
CRUISE_WORD_ACTOR_89,Cruise,クルーズ
DICAPRIO_WORD_ACTOR_89,DiCaprio,ディカプリオ
WAHLBERG_WORD_ACTOR_89,Wahlberg,ウォールバーグ
MERCURY_WORD_PLANET_90,Mercury,水星
JUPITER_WORD_PLANET_90,Jupiter,木星
SATURN_WORD_PLANET_90,Saturn,土星
URANUS_WORD_PLANET_90,Uranus,天王星
NEPTUNE_WORD_PLANET_90,Neptune,海王星
MARS_WORD_PLANET_90,Mars,火星
EARTH_WORD_PLANET_90,Earth,地球
VENUS_WORD_PLANET_90,Venus,金星
BIOLOGY_WORD_LESSONS_94,Biology,生物
PHYSICS_WORD_LESSONS_94,Physics,物理
GEOMETRY_WORD_LESSONS_94,Geometry,幾何
ALGEBRA_WORD_LESSONS_94,Algebra,代数
HISTORY_WORD_LESSONS_94,History,歴史
CALCULUS_WORD_LESSONS_94,Calculus,微積分
TABLETS_WORD_PILLS_99,Tablets,錠剤
CAPSULES_WORD_PILLS_99,Capsules,カプセル
LOZENGES_WORD_PILLS_99,Lozenges,トローチ
CLOUDS_WORD_RAINY_100,Clouds,雲
SHOWERS_WORD_RAINY_100,Showers,にわか雨
PUDDLES_WORD_RAINY_100,Puddles,水たまり
CIABATTA_WORD_BREADS_102,Ciabatta,チャバタ
BAGUETTE_WORD_BREADS_102,Baguette,バゲット
FOCACCIA_WORD_BREADS_102,Focaccia,フォカッチャ
PITA_WORD_BREADS_102,Pita,ピタ
CHALLAH_WORD_BREADS_102,Challah,ハッラー
TORTILLA_WORD_BREADS_102,Tortilla,トルティーヤ
BRIOCHE_WORD_BREADS_102,Brioche,ブリオッシュ
AREPA_WORD_BREADS_102,Arepa,アレパ
GYRUS_WORD_BRAIN_106,Gyrus,脳回
CORTEX_WORD_BRAIN_106,Cortex,皮質
LOBE_WORD_BRAIN_106,Lobe,脳葉
HYDROGEN_WORD_ELEMENTS_107,Hydrogen,水素
NITROGEN_WORD_ELEMENTS_107,Nitrogen,窒素
SULFUR_WORD_ELEMENTS_107,Sulfur,硫黄
CARBON_WORD_ELEMENTS_107,Carbon,炭素
SODIUM_WORD_ELEMENTS_107,Sodium,ナトリウム
SILICON_WORD_ELEMENTS_107,Silicon,ケイ素
IODINE_WORD_ELEMENTS_107,Iodine,ヨウ素
OXYGEN_WORD_ELEMENTS_107,Oxygen,酸素
BRIE_WORD_CHEESE_108,Brie,ブリー
FETA_WORD_CHEESE_108,Feta,フェタ
GOUDA_WORD_CHEESE_108,Gouda,ゴーダ
CHEDDAR_WORD_CHEESE_108,Cheddar,チェダー
PARMESAN_WORD_CHEESE_108,Parmesan,パルメザン
RICOTTA_WORD_CHEESE_108,Ricotta,リコッタ
EDAM_WORD_CHEESE_108,Edam,エダム
DORBLU_WORD_CHEESE_108,Swiss,スイスチーズ
WORKOUT_WORD_FITNESS_110,Workout,ワークアウト
YOGA_WORD_FITNESS_110,Yoga,ヨガ
PILATES_WORD_FITNESS_110,Pilates,ピラティス
JOGGING_WORD_FITNESS_110,Jogging,ジョギング
GYM_WORD_FITNESS_110,Gym,ジム
CARDIO_WORD_FITNESS_110,Cardio,有酸素運動
BICEPS_WORD_MUSCLES_112,Biceps,上腕二頭筋
DELTOIDS_WORD_MUSCLES_112,Deltoids,三角筋
ABS_WORD_MUSCLES_112,Abs,腹筋
TRICEPS_WORD_MUSCLES_112,Triceps,上腕三頭筋
SCARAB_WORD_EGYPT_114,Scarab,スカラベ
PHARAOH_WORD_EGYPT_114,Pharaoh,ファラオ
PAPYRUS_WORD_EGYPT_114,Papyrus,パピルス
PYRAMID_WORD_EGYPT_114,Pyramid,ピラミッド
MULBERRY_WORD_BERRY_116,Mulberry,桑の実
BILBERRY_WORD_BERRY_116,Bilberry,ビルベリー
BARBERRY_WORD_BERRY_116,Barberry,メギ
ATHENS_WORD_CAPITALS_119,Athens,アテネ
PRAGUE_WORD_CAPITALS_119,Prague,プラハ
MADRID_WORD_CAPITALS_119,Madrid,マドリード
RIYADH_WORD_CAPITALS_119,Riyadh,リヤド
OTTAWA_WORD_CAPITALS_119,Ottawa,オタワ
ROME_WORD_CAPITALS_119,Rome,ローマ
OSLO_WORD_CAPITALS_119,Oslo,オスロ
CAIRO_WORD_CAPITALS_119,Cairo,カイロ
POWDER_WORD_MAKEUP_120,Powder,パウダー
SPONGE_WORD_MAKEUP_120,Sponge,スポンジ
PALETTE_WORD_MAKEUP_120,Palette,パレット
SERUM_WORD_MAKEUP_120,Serum,美容液
PEEL_WORD_MAKEUP_120,Peel,ピーリング
BLUSH_WORD_MAKEUP_120,Blush,チーク
SAVATE_WORD_COMBAT_121,Savate,サバット
JUDO_WORD_COMBAT_121,Judo,柔道
KARATE_WORD_COMBAT_121,Karate,空手
KUNG_FU_WORD_COMBAT_121,Kung fu,カンフー
SUMO_WORD_COMBAT_121,Sumo,相撲
SILAT_WORD_COMBAT_121,Silat,シラット
CHORDS_WORD_GUITAR_122,Chords,コード
PICKUPS_WORD_GUITAR_122,Pickups,ピックアップ
STRINGS_WORD_GUITAR_122,Strings,弦
RIFFS_WORD_GUITAR_122,Riffs,リフ
POINTE_WORD_BALLET_125,Pointe,ポアント
TUTU_WORD_BALLET_125,Tutu,チュチュ
BARRE_WORD_BALLET_125,Barre,バー
ALLIANCE_WORD_UNITE_126,Alliance,同盟
LEAGUE_WORD_UNITE_126,League,リーグ
UNION_WORD_UNITE_126,Union,連合
JEWELRY_WORD_LUXURY_133,Jewelry,宝石
WATCH_WORD_LUXURY_133,Watch,腕時計
CAVIAR_WORD_LUXURY_133,Caviar,キャビア
YACHT_WORD_LUXURY_133,Yacht,ヨット
SAVANNA_WORD_BIOMES_135,Savanna,サバンナ
TUNDRA_WORD_BIOMES_135,Tundra,ツンドラ
TAIGA_WORD_BIOMES_135,Taiga,タイガ
SRIRACHA_WORD_SPICY_136,Sriracha,シラチャ
WASABI_WORD_SPICY_136,Wasabi,わさび
HABANERO_WORD_SPICY_136,Habanero,ハバネロ
COCKPIT_WORD_PLANE_139,Cockpit,コックピット
SEATBELT_WORD_PLANE_139,Seatbelt,シートベルト
WINGS_WORD_PLANE_139,Wings,翼
ENGINE_WORD_PLANE_139,Engine,エンジン
RUDDER_WORD_PLANE_139,Rudder,方向舵
FUSELAGE_WORD_PLANE_139,Fuselage,胴体
AILERON_WORD_PLANE_139,Aileron,補助翼
FLY_WORD_PLANE_139,Fly,飛行
BEAVER_WORD_RODENTS_141,Beaver,ビーバー
MARMOT_WORD_RODENTS_141,Marmot,マーモット
NUTRIA_WORD_RODENTS_141,Nutria,ヌートリア
SQUIRREL_WORD_RODENTS_141,Squirrel,リス
CAPYBARA_WORD_RODENTS_141,Capybara,カピバラ
RAT_WORD_RODENTS_141,Rat,ネズミ
SOLAR_WORD_ENERGY_145,Solar,太陽エネルギー
NUCLEAR_WORD_ENERGY_145,Nuclear,原子力
KINETIC_WORD_ENERGY_145,Kinetic,運動エネルギー
THERMAL_WORD_ENERGY_145,Thermal,熱エネルギー
ESSAY_WORD_ARTICLES_147,Essay,エッセイ
REVIEW_WORD_ARTICLES_147,Review,レビュー
OPINION_WORD_ARTICLES_147,Opinion,意見
TSUNAMI_WORD_DISASTER_148,Tsunami,津波
TORNADO_WORD_DISASTER_148,Tornado,竜巻
FLOOD_WORD_DISASTER_148,Flood,洪水
GORILLA_WORD_PRIMATES_149,Gorilla,ゴリラ
GIBBON_WORD_PRIMATES_149,Gibbon,テナガザル
BABOON_WORD_PRIMATES_149,Baboon,ヒヒ
LEMUR_WORD_PRIMATES_149,Lemur,キツネザル
MACAQUE_WORD_PRIMATES_149,Macaque,マカク
SIMIAN_WORD_PRIMATES_149,Simian,類人猿
MANDRILL_WORD_PRIMATES_149,Mandrill,マンドリル
TARSIER_WORD_PRIMATES_149,Tarsier,メガネザル
PYTHON_WORD_CODING_150,Python,Python
JAVA_WORD_CODING_150,Java,Java
RUBY_WORD_CODING_150,Ruby,Ruby
SWIFT_WORD_CODING_150,Swift,Swift
SCRIPT_WORD_CODING_150,Script,Script
PHP_WORD_CODING_150,PHP,PHP
SQL_WORD_CODING_150,SQL,SQL
BUGS_WORD_CODING_150,Bugs,Bug
LYRICS_WORD_RAP_151,Lyrics,歌詞
VERSE_WORD_RAP_151,Verse,バース
RHYME_WORD_RAP_151,Rhyme,ライム
PUNCH_WORD_RAP_151,Punch,パンチライン
NIAGARA_WORD_WATER_152,Niagara,ナイアガラ
VICTORIA_WORD_WATER_152,Victoria,ヴィクトリア
YOSEMITE_WORD_WATER_152,Yosemite,ヨセミテ
HAVASU_WORD_WATER_152,Havasu,ハバス
YO_YO_WORD_TOYS_154,Yo-yo,ヨーヨー
SPINNER_WORD_TOYS_154,Spinner,コマ
DOLL_WORD_TOYS_154,Doll,人形
SERGEANT_WORD_ARMY_156,Sergeant,軍曹
MAJOR_WORD_ARMY_156,Major,少佐
GENERAL_WORD_ARMY_156,General,将軍
COLONEL_WORD_ARMY_156,Colonel,大佐
PRIVATE_WORD_ARMY_156,Private,二等兵
CORPORAL_WORD_ARMY_156,Corporal,伍長
CAPTAIN_WORD_ARMY_156,Captain,大尉
RANK_WORD_ARMY_156,Rank,階級
ZEN_WORD_MEDITATE_160,Zen,禅
BREATH_WORD_MEDITATE_160,Breath,呼吸
PEACE_WORD_MEDITATE_160,Peace,平穏
MANTRA_WORD_MEDITATE_160,Mantra,マントラ
FAMOUS_WORD_FAME_161,Famous,有名
ICONIC_WORD_FAME_161,Iconic,象徴的
POPULAR_WORD_FAME_161,Popular,人気
RENOWN_WORD_FAME_161,Renown,名声
SYNTAX_WORD_LINGUIST_162,Syntax,構文
POLYGLOT_WORD_LINGUIST_162,Polyglot,多言語話者
GRAMMAR_WORD_LINGUIST_162,Grammar,文法
SCHOLAR_WORD_LINGUIST_162,Scholar,学者
EASTER_WORD_HOLIDAY_163,Easter,イースター
NEW_YEAR_WORD_HOLIDAY_163,New Year,新年
FLAG_DAY_WORD_HOLIDAY_163,Flag Day,国旗の日
DUMBBELL_WORD_GYM_164,Dumbbell,ダンベル
BARBELL_WORD_GYM_164,Barbell,バーベル
AIR_BIKE_WORD_GYM_164,Air bike,エアバイク
PERICLES_WORD_WILLIAM_165,Pericles,ペリクリーズ
MACBETH_WORD_WILLIAM_165,Macbeth,マクベス
HAMLET_WORD_WILLIAM_165,Hamlet,ハムレット
OTHELLO_WORD_WILLIAM_165,Othello,オセロ
JULIET_WORD_WILLIAM_165,Juliet,ジュリエット
ROMEO_WORD_WILLIAM_165,Romeo,ロミオ
TEMPEST_WORD_WILLIAM_165,Tempest,テンペスト
HENRY_V_WORD_WILLIAM_165,Henry V,ヘンリー五世
WOLF_WORD_CANINES_168,Wolf,オオカミ
COYOTE_WORD_CANINES_168,Coyote,コヨーテ
DINGO_WORD_CANINES_168,Dingo,ディンゴ
JACKAL_WORD_CANINES_168,Jackal,ジャッカル
FOX_WORD_CANINES_168,Fox,キツネ
DHOLE_WORD_CANINES_168,Dhole,ドール
HARVARD_WORD_STUDIES_169,Harvard,ハーバード
STANFORD_WORD_STUDIES_169,Stanford,スタンフォード
OXFORD_WORD_STUDIES_169,Oxford,オックスフォード
YALE_WORD_STUDIES_169,Yale,イェール
SORBONNE_WORD_STUDIES_169,Sorbonne,ソルボンヌ
MIT_WORD_STUDIES_169,MIT,MIT
LEMON_WORD_CITRUS_173,Lemon,レモン
LIME_WORD_CITRUS_173,Lime,ライム
POMELO_WORD_CITRUS_173,Pomelo,ザボン
GLIDER_WORD_AIRCRAFT_174,Glider,グライダー
JETLINER_WORD_AIRCRAFT_174,Jetliner,ジェット旅客機
AIRPLANE_WORD_AIRCRAFT_174,Airplane,飛行機
MERLOT_WORD_GRAPE_177,Merlot,メルロー
RIESLING_WORD_GRAPE_177,Riesling,リースリング
SHIRAZ_WORD_GRAPE_177,Shiraz,シラーズ
GRENACHE_WORD_GRAPE_177,Grenache,グルナッシュ
MUSCAT_WORD_GRAPE_177,Muscat,マスカット
MALBEC_WORD_GRAPE_177,Malbec,マルベック
AMANITA_WORD_MUSHROOM_178,Amanita,テングタケ
PORCINI_WORD_MUSHROOM_178,Porcini,ポルチーニ
RUSSULA_WORD_MUSHROOM_178,Russula,ベニタケ
TRUFFLE_WORD_MUSHROOM_178,Truffle,トリュフ
ENOKI_WORD_MUSHROOM_178,Enoki,エノキ
SHIITAKE_WORD_MUSHROOM_178,Shiitake,シイタケ
WALRUS_WORD_ARCTIC_180,Walrus,セイウチ
POLAR_BEAR_WORD_ARCTIC_180,Polar bear,ホッキョクグマ
SNOWY_OWL_WORD_ARCTIC_180,Snowy owl,シロフクロウ
REINDEER_WORD_ARCTIC_180,Reindeer,トナカイ
PIT_STOP_WORD_RACING_182,Pit stop,ピットストップ
FINISH_WORD_RACING_182,Finish,フィニッシュ
SPEEDWAY_WORD_RACING_182,Speedway,スピードウェイ
ASSIST_WORD_HELP_183,Assist,アシスト
SUPPORT_WORD_HELP_183,Support,サポート
DONATE_WORD_HELP_183,Donate,寄付
OPAL_WORD_GEMSTONE_186,Opal,オパール
RUBY_WORD_GEMSTONE_186,Ruby,ルビー
TOPAZ_WORD_GEMSTONE_186,Topaz,トパーズ
SAPPHIRE_WORD_GEMSTONE_186,Sapphire,サファイア
GARNET_WORD_GEMSTONE_186,Garnet,ガーネット
DIAMOND_WORD_GEMSTONE_186,Diamond,ダイヤモンド
ONYX_WORD_GEMSTONE_186,Onyx,オニキス
AGATE_WORD_GEMSTONE_186,Agate,メノウ
ORION_WORD_PATTERN_188,Orion,オリオン座
PERSEUS_WORD_PATTERN_188,Perseus,ペルセウス座
DRACO_WORD_PATTERN_188,Draco,りゅう座
SCORPIUS_WORD_PATTERN_188,Scorpius,さそり座
CYGNUS_WORD_PATTERN_188,Cygnus,はくちょう座
SERPENS_WORD_PATTERN_188,Serpens,へび座
GASOLINE_WORD_FUELS_190,Gasoline,ガソリン
DIESEL_WORD_FUELS_190,Diesel,ディーゼル
COAL_WORD_FUELS_190,Coal,石炭
PROPANE_WORD_FUELS_190,Propane,プロパン
KEROSENE_WORD_FUELS_190,Kerosene,灯油
VOTER_WORD_ELECT_193,Voter,有権者
BALLOT_WORD_ELECT_193,Ballot,投票用紙
CAMPAIGN_WORD_ELECT_193,Campaign,選挙運動
TURNOUT_WORD_ELECT_193,Turnout,投票率
KING_WORD_CROWN_194,King,王
EMPEROR_WORD_CROWN_194,Emperor,皇帝
MAHARAJA_WORD_CROWN_194,Maharaja,マハラジャ
KENNEDY_WORD_LEADER_196,Washington,ワシントン
CLINTON_WORD_LEADER_196,Jefferson,ジェファーソン
LINCOLN_WORD_LEADER_196,Lincoln,リンカーン
REAGAN_WORD_LEADER_196,Roosevelt,ルーズベルト
BUSH_WORD_LEADER_196,Wilson,ウィルソン
OBAMA_WORD_LEADER_196,Jackson,ジャクソン
ADAMS_WORD_LEADER_196,Adams,アダムズ
BIDEN_WORD_LEADER_196,Madison,マディソン
SOFT_BUN_WORD_HOT_DOG_201,Soft bun,ソフトバンズ
SAUSAGE_WORD_HOT_DOG_201,Sausage,ソーセージ
KETCHUP_WORD_HOT_DOG_201,Ketchup,ケチャップ
DECODE_WORD_CIPHER_208,Decode,復号
ENCODE_WORD_CIPHER_208,Encode,暗号化
KEYWORD_WORD_CIPHER_208,Keyword,キーワード
PASSWORD_WORD_CIPHER_208,Password,パスワード
HARMONY_WORD_SYMPHONY_210,Harmony,ハーモニー
OVERTURE_WORD_SYMPHONY_210,Overture,序曲
MELODY_WORD_SYMPHONY_210,Melody,メロディー
PHOTO_WORD_ARTWORKS_211,Photo,写真
DRAWING_WORD_ARTWORKS_211,Drawing,デッサン
PAINTING_WORD_ARTWORKS_211,Painting,絵画
HAMMER_WORD_AUCTION_215,Hammer,ハンマー
LOT_WORD_AUCTION_215,Lot,出品
BID_WORD_AUCTION_215,Bid,入札
PRICE_WORD_AUCTION_215,Price,価格
CATALOG_WORD_AUCTION_215,Catalog,カタログ
BIDDER_WORD_AUCTION_215,Bidder,入札者
EXCELSA_WORD_BEANS_219,Excelsa,エクセルサ
ROBUSTA_WORD_BEANS_219,Robusta,ロブスタ
LIBERICA_WORD_BEANS_219,Liberica,リベリカ
ARABICA_WORD_BEANS_219,Arabica,アラビカ
TENT_WORD_CAMPING_221,Tent,テント
CAMPFIRE_WORD_CAMPING_221,Campfire,焚き火
HAMMOCK_WORD_CAMPING_221,Hammock,ハンモック
ORGAN_WORD_PLAY_223,Organ,オルガン
VIOLIN_WORD_PLAY_223,Violin,バイオリン
UKULELE_WORD_PLAY_223,Ukulele,ウクレレ
DRUM_WORD_PLAY_223,Drum,ドラム
PIANO_WORD_PLAY_223,Piano,ピアノ
FLUTE_WORD_PLAY_223,Flute,フルート
GUITAR_WORD_PLAY_223,Guitar,ギター
CELLO_WORD_PLAY_223,Cello,チェロ
BANK_WORD_FINANCE_227,Bank,銀行
INCOME_WORD_FINANCE_227,Income,収入
EXPENSE_WORD_FINANCE_227,Expense,支出
MONEY_WORD_FINANCE_227,Money,お金
KINGDOM_WORD_MEDIEVAL_228,Kingdom,王国
LORD_WORD_MEDIEVAL_228,Lord,領主
KNIGHT_WORD_MEDIEVAL_228,Knight,騎士
CASTLE_WORD_MEDIEVAL_228,Castle,城
GLASSES_WORD_OPTICS_229,Glasses,メガネ
LENS_WORD_OPTICS_229,Lens,レンズ
MONOCLE_WORD_OPTICS_229,Monocle,モノクル
SPYGLASS_WORD_OPTICS_229,Spyglass,望遠鏡
SIGNPOST_WORD_NAVIGATE_230,Signpost,道標
SEXTANT_WORD_NAVIGATE_230,Sextant,六分儀
COMPASS_WORD_NAVIGATE_230,Compass,コンパス
PLAYPEN_WORD_TODDLER_231,Playpen,ベビーサークル
NAP_TIME_WORD_TODDLER_231,Nap time,お昼寝
PACIFIER_WORD_TODDLER_231,Pacifier,おしゃぶり
CAPRINE_WORD_FAMILIES_234,Caprine,ヤギ科
OVINE_WORD_FAMILIES_234,Ovine,ヒツジ科
FELINE_WORD_FAMILIES_234,Feline,ネコ科
EQUINE_WORD_FAMILIES_234,Equine,ウマ科
CANINE_WORD_FAMILIES_234,Canine,イヌ科
MURINE_WORD_FAMILIES_234,Murine,ネズミ科
PORCINE_WORD_FAMILIES_234,Porcine,ブタ科
BOVINE_WORD_FAMILIES_234,Bovine,ウシ科
ALTAIR_WORD_STARS_236,Altair,アルタイル
POLARIS_WORD_STARS_236,Polaris,ポラリス
SIRIUS_WORD_STARS_236,Sirius,シリウス
VEGA_WORD_STARS_236,Vega,ベガ
RIGEL_WORD_STARS_236,Rigel,リゲル
ALKAID_WORD_STARS_236,Alkaid,アルカイド
NEURAL_WORD_AI_238,Neural,ニューラル
DATASET_WORD_AI_238,Dataset,データセット
CHATBOT_WORD_AI_238,Chatbot,チャットボット
AGENT_WORD_AI_238,Agent,エージェント
MATRIX_WORD_AI_238,Matrix,マトリックス
CORTEX_WORD_AI_238,Cortex,コーテックス
REGION_WORD_DIVISION_242,Region,地域
COUNTRY_WORD_DIVISION_242,Country,国
STATE_WORD_DIVISION_242,State,州
CITY_WORD_DIVISION_242,City,都市
DIALOGUE_WORD_SPEAK_244,Dialogue,対話
DEBATE_WORD_SPEAK_244,Debate,討論
ARGUMENT_WORD_SPEAK_244,Argument,議論
WAVY_WORD_HAIR_245,Wavy,ウェーブ
CURLY_WORD_HAIR_245,Curly,カーリー
COILY_WORD_HAIR_245,Coily,コイリー
SPRAIN_WORD_INJURIES_249,Sprain,捻挫
FRACTURE_WORD_INJURIES_249,Fracture,骨折
BRUISE_WORD_INJURIES_249,Bruise,打撲
WOUND_WORD_INJURIES_249,Wound,傷
HEADACHE_WORD_FLU_251,Headache,頭痛
PILLS_WORD_FLU_251,Pills,薬
COUGH_WORD_FLU_251,Cough,咳
GYPSUM_WORD_MINERALS_253,Gypsum,石膏
CALCITE_WORD_MINERALS_253,Calcite,方解石
AZURITE_WORD_MINERALS_253,Azurite,藍銅鉱
MICA_WORD_MINERALS_253,Mica,雲母
MARBLE_WORD_MINERALS_253,Marble,大理石
QUARTZ_WORD_MINERALS_253,Quartz,石英
LIME_WORD_MINERALS_253,Lime,石灰
BERYL_WORD_MINERALS_253,Beryl,緑柱石
DECAY_WORD_RADIATE_257,Decay,崩壊
FALLOUT_WORD_RADIATE_257,Fallout,放射性降下物
CURIE_WORD_RADIATE_257,Curie,キュリー
X_RAYS_WORD_RADIATE_257,X-rays,X線
GLUCAGON_WORD_HORMONES_259,Glucagon,グルカゴン
CORTISOL_WORD_HORMONES_259,Cortisol,コルチゾール
INSULIN_WORD_HORMONES_259,Insulin,インスリン
GASTRIN_WORD_HORMONES_259,Gastrin,ガストリン
IRIS_WORD_EYE_260,Iris,虹彩
PUPIL_WORD_EYE_260,Pupil,瞳孔
RETINA_WORD_EYE_260,Retina,網膜
DIG_WORD_SHOVEL_261,Dig,掘る
EXCAVATE_WORD_SHOVEL_261,Excavate,発掘
UNEARTH_WORD_SHOVEL_261,Unearth,出土
ALNICO_WORD_ALLOY_264,Alnico,アルニコ
AMALGAM_WORD_ALLOY_264,Amalgam,アマルガム
BRASS_WORD_ALLOY_264,Brass,真鍮
BRONZE_WORD_ALLOY_264,Bronze,青銅
NICHROME_WORD_ALLOY_264,Nichrome,ニクロム
TUNGSTEN_WORD_ALLOY_264,Pewter,ピューター
NITINOL_WORD_ALLOY_264,Nitinol,ニチノール
STELLITE_WORD_ALLOY_264,Stellite,ステライト
DIWALI_WORD_FESTIVAL_270,Diwali,ディワリ
HOLI_WORD_FESTIVAL_270,Holi,ホーリー
SONGKRAN_WORD_FESTIVAL_270,Songkran,ソンクラーン
THULIUM_WORD_METAL_272,Thulium,ツリウム
HOLMIUM_WORD_METAL_272,Holmium,ホルミウム
IRIDIUM_WORD_METAL_272,Iridium,イリジウム
RHODIUM_WORD_METAL_272,Rhodium,ロジウム
YTTRIUM_WORD_METAL_272,Yttrium,イットリウム
LUTETIUM_WORD_METAL_272,Lutetium,ルテチウム
EUROPIUM_WORD_METAL_272,Europium,ユウロピウム
ERBIUM_WORD_METAL_272,Erbium,エルビウム
INSIGNIA_WORD_ARTIFACT_276,Insignia,記章
RELIC_WORD_ARTIFACT_276,Relic,遺物
SIGIL_WORD_ARTIFACT_276,Sigil,印章
TOTEM_WORD_ARTIFACT_276,Totem,トーテム
AMULET_WORD_ARTIFACT_276,Amulet,お守り
VASE_WORD_ARTIFACT_276,Vase,花瓶
GUARD_WORD_DEFENSE_277,Guard,警備員
CCTV_WORD_DEFENSE_277,CCTV,監視カメラ
SECURITY_WORD_DEFENSE_277,Security,セキュリティ
PATROL_WORD_DEFENSE_277,Patrol,パトロール
ATOM_WORD_PARTICLE_281,Atom,原子
ELECTRON_WORD_PARTICLE_281,Electron,電子
NEUTRON_WORD_PARTICLE_281,Neutron,中性子
HARLEM_WORD_NEW_YORK_287,Harlem,ハーレム
SOHO_WORD_NEW_YORK_287,Soho,ソーホー
TRIBECA_WORD_NEW_YORK_287,Tribeca,トライベッカ
ASTORIA_WORD_NEW_YORK_287,Astoria,アストリア
BRONX_WORD_NEW_YORK_287,Bronx,ブロンクス
QUEENS_WORD_NEW_YORK_287,Queens,クイーンズ
BARNACLE_WORD_NO_BONES_289,Barnacle,フジツボ
SPIDER_WORD_NO_BONES_289,Spider,クモ
SQUID_WORD_NO_BONES_289,Squid,イカ
STARFISH_WORD_NO_BONES_289,Starfish,ヒトデ
WORM_WORD_NO_BONES_289,Worm,ミミズ
FABLE_WORD_LEGENDS_291,Fable,寓話
SAGA_WORD_LEGENDS_291,Saga,サガ
TALE_WORD_LEGENDS_291,Tale,物語
EPIC_WORD_LEGENDS_291,Epic,叙事詩
MYTH_WORD_LEGENDS_291,Myth,神話
HI_WORD_HELLO_295,Hi,やあ
HOWDY_WORD_HELLO_295,Howdy,こんにちは
HEY_WORD_HELLO_295,Hey,ねえ
DEGREE_WORD_PHD_296,Degree,学位
THESIS_WORD_PHD_296,Thesis,論文
RESEARCH_WORD_PHD_296,Research,研究
CONSENT_WORD_OK_SIGN_301,Consent,同意
OKAY_WORD_OK_SIGN_301,Okay,了解
YES_WORD_OK_SIGN_301,Yes,はい
SCALES_WORD_JUSTICE_310,Scales,天秤
GAVEL_WORD_JUSTICE_310,Gavel,木槌
LAW_WORD_JUSTICE_310,Law,法律
COURT_WORD_JUSTICE_310,Court,法廷
INMATE_WORD_PRISONER_312,Inmate,囚人
FELON_WORD_PRISONER_312,Felon,重罪犯
DETAINEE_WORD_PRISONER_312,Detainee,被拘禁者
METEOR_WORD_SPACE_314,Meteor,流星
ECLIPSE_WORD_SPACE_314,Eclipse,日食
AURORA_WORD_SPACE_314,Aurora,オーロラ
PULSAR_WORD_SPACE_314,Pulsar,パルサー
QUASAR_WORD_SPACE_314,Quasar,クエーサー
NEBULA_WORD_SPACE_314,Nebula,星雲
NOVA_WORD_SPACE_314,Nova,新星
ASTEROID_WORD_SPACE_314,Asteroid,小惑星
GAMBLER_WORD_WESTERN_317,Gambler,ギャンブラー
SHERIFF_WORD_WESTERN_317,Sheriff,保安官
COWBOY_WORD_WESTERN_317,Cowboy,カウボーイ
LASSO_WORD_WESTERN_317,Lasso,投げ縄
SALOON_WORD_WESTERN_317,Saloon,サルーン
RODEO_WORD_WESTERN_317,Rodeo,ロデオ
SECURE_WORD_LOCK_321,Secure,安全
STURDY_WORD_LOCK_321,Sturdy,頑丈
TRUSTY_WORD_LOCK_321,Trusty,信頼
THIGH_WORD_LEGS_322,Thigh,太もも
KNEE_WORD_LEGS_322,Knee,膝
ANKLE_WORD_LEGS_322,Ankle,足首
RA_WORD_PYRAMIDS_330,Ra,ラー
OSIRIS_WORD_PYRAMIDS_330,Osiris,オシリス
ANUBIS_WORD_PYRAMIDS_330,Anubis,アヌビス
RAMSES_WORD_PYRAMIDS_330,Ramses,ラムセス
PICKAXE_WORD_SHAFT_331,Pickaxe,つるはし
MINE_WORD_SHAFT_331,Mine,鉱山
CART_WORD_SHAFT_331,Cart,トロッコ
PADDOCK_WORD_FARMING_333,Paddock,牧場
COMPOST_WORD_FARMING_333,Compost,堆肥
FALLOW_WORD_FARMING_333,Fallow,休耕
CROP_WORD_FARMING_333,Crop,作物
HAY_WORD_FARMING_333,Hay,干し草
HARVEST_WORD_FARMING_333,Harvest,収穫
TOPSOIL_WORD_FARMING_333,Topsoil,表土
GRAIN_WORD_FARMING_333,Grain,穀物
SLEDDING_WORD_SLIDING_339,Sledding,そり滑り
SKELETON_WORD_SLIDING_339,Skeleton,スケルトン
SKIING_WORD_SLIDING_339,Skiing,スキー
SKATING_WORD_SLIDING_339,Skating,スケート
LUGE_WORD_SLIDING_339,Luge,リュージュ
OIL_WORD_PAINTING_340,Oil,油絵
ACRYLIC_WORD_PAINTING_340,Acrylic,アクリル
GOUACHE_WORD_PAINTING_340,Gouache,グワッシュ
TEMPERA_WORD_PAINTING_340,Tempera,テンペラ
FRESCO_WORD_PAINTING_340,Fresco,フレスコ
RISOTTO_WORD_RICE_342,Risotto,リゾット
CONGEE_WORD_RICE_342,Congee,おかゆ
PAELLA_WORD_RICE_342,Paella,パエリア
SUSHI_WORD_RICE_342,Sushi,寿司
ROMANCE_WORD_HEART_344,Romance,ロマンス
COUPLE_WORD_HEART_344,Couple,カップル
PASSION_WORD_HEART_344,Passion,情熱
VANS_WORD_HIPPIE_349,Vans,バン
COMMUNE_WORD_HIPPIE_349,Commune,コミューン
FREEDOM_WORD_HIPPIE_349,Freedom,自由
DRONE_WORD_ROBOT_354,Drone,ドローン
ROBOVAC_WORD_ROBOT_354,Robovac,ロボット掃除機
NANOBOT_WORD_ROBOT_354,Nanobot,ナノボット
CYBORG_WORD_ROBOT_354,Cyborg,サイボーグ
ANDROID_WORD_ROBOT_354,Android,アンドロイド
MACHINE_WORD_ROBOT_354,Machine,マシン
SIGMA_WORD_GREECE_359,Sigma,シグマ
DELTA_WORD_GREECE_359,Delta,デルタ
KAPPA_WORD_GREECE_359,Kappa,カッパ
MOTION_WORD_DYNAMICS_360,Motion,運動
INERTIA_WORD_DYNAMICS_360,Inertia,慣性
VELOCITY_WORD_DYNAMICS_360,Velocity,速度
ONTARIO_WORD_LAKES_365,Ontario,オンタリオ
SUPERIOR_WORD_LAKES_365,Superior,スペリオル
TITICACA_WORD_LAKES_365,Titicaca,チチカカ
BAIKAL_WORD_LAKES_365,Baikal,バイカル
MICHIGAN_WORD_LAKES_365,Michigan,ミシガン
HURON_WORD_LAKES_365,Huron,ヒューロン
ATOM_WORD_NUCLEAR_366,Atom,原子
NEUTRON_WORD_NUCLEAR_366,Neutron,中性子
PROTON_WORD_NUCLEAR_366,Proton,陽子
ELECTRON_WORD_NUCLEAR_366,Electron,電子
MILAN_WORD_ITALY_376,Milan,ミラノ
ROME_WORD_ITALY_376,Rome,ローマ
VENICE_WORD_ITALY_376,Venice,ヴェネツィア
FLORENCE_WORD_ITALY_376,Florence,フィレンツェ
THIS_WORD_POINTING_379,This,これ
THAT_WORD_POINTING_379,That,あれ
THOSE_WORD_POINTING_379,Those,あれら
NORMAL_WORD_SKIN_380,Normal,普通肌
DRY_WORD_SKIN_380,Dry,乾燥肌
OILY_WORD_SKIN_380,Oily,脂性肌
LIBRARY_WORD_BUILD_384,Library,図書館
MUSEUM_WORD_BUILD_384,Museum,博物館
HOSPITAL_WORD_BUILD_384,Hospital,病院
SCHOOL_BUILDING_WORD_BUILD_384,School building,学校
HOTEL_WORD_BUILD_384,Hotel,ホテル
FACTORY_WORD_BUILD_384,Factory,工場
STADIUM_WORD_BUILD_384,Stadium,スタジアム
MALL_WORD_BUILD_384,Mall,ショッピングモール
MONARCHY_WORD_POLICIES_394,Monarchy,君主制
TYRANNY_WORD_POLICIES_394,Tyranny,暴政
ANARCHY_WORD_POLICIES_394,Anarchy,無政府
POWER_WORD_STRENGTH_401,Power,パワー
FORCE_WORD_STRENGTH_401,Force,フォース
MIGHT_WORD_STRENGTH_401,Might,威力
TEXT_WORD_MESSAGE_407,Text,テキスト
EMAIL_WORD_MESSAGE_407,Email,メール
LETTER_WORD_MESSAGE_407,Letter,手紙
FAX_WORD_MESSAGE_407,Fax,ファックス
DUALISM_WORD_VIEWS_410,Dualism,二元論
STOICISM_WORD_VIEWS_410,Stoicism,ストア哲学
NIHILISM_WORD_VIEWS_410,Nihilism,ニヒリズム
LUNGS_WORD_ORGANS_412,Lungs,肺
KIDNEY_WORD_ORGANS_412,Kidney,腎臓
STOMACH_WORD_ORGANS_412,Stomach,胃
LIVER_WORD_ORGANS_412,Liver,肝臓
BLADDER_WORD_ORGANS_412,Bladder,膀胱
SPLEEN_WORD_ORGANS_412,Spleen,脾臓
HEART_WORD_ORGANS_412,Heart,心臓
PANCREAS_WORD_ORGANS_412,Pancreas,膵臓
FOOL_WORD_TAROT_417,Fool,愚者
MOON_WORD_TAROT_417,Moon,月
MAGICIAN_WORD_TAROT_417,Magician,魔術師
EMPRESS_WORD_TAROT_417,Empress,女帝
SOPRANO_WORD_VOICES_439,Soprano,ソプラノ
TENOR_WORD_VOICES_439,Tenor,テノール
BARITONE_WORD_VOICES_439,Baritone,バリトン
BASS_WORD_VOICES_439,Bass,バス
ALTO_WORD_VOICES_439,Alto,アルト
SONNET_WORD_POETRY_440,Sonnet,ソネット
HAIKU_WORD_POETRY_440,Haiku,俳句
ODE_WORD_POETRY_440,Ode,頌歌
BALLAD_WORD_POETRY_440,Ballad,バラード
ACROSTIC_WORD_POETRY_440,Acrostic,折句
SUPPER_WORD_MEALS_444,Supper,夕食
LUNCH_WORD_MEALS_444,Lunch,昼食
DINNER_WORD_MEALS_444,Dinner,ディナー
CAULDRON_WORD_ALCHEMY_445,Cauldron,大釜
ELIXIR_WORD_ALCHEMY_445,Elixir,エリクサー
POTION_WORD_ALCHEMY_445,Potion,ポーション
RITUAL_WORD_PAGANISM_469,Ritual,儀式
TOTEM_WORD_PAGANISM_469,Totem,トーテム
IDOL_WORD_PAGANISM_469,Idol,偶像
ALTAR_WORD_PAGANISM_469,Altar,祭壇
CURRENT_WORD_PRESENT_470,Current,現在
NOW_WORD_PRESENT_470,Now,今
TODAY_WORD_PRESENT_470,Today,今日
CODE_WORD_SECRET_471,Code,暗号
AGENT_WORD_SECRET_471,Agent,エージェント
WORD_WORD_SECRET_471,Identity,アイデンティティ
DONKEY_WORD_EQUIDAE_475,Donkey,ロバ
MULE_WORD_EQUIDAE_475,Mule,ラバ
MUSTANG_WORD_EQUIDAE_475,Mustang,ムスタング
HORSE_WORD_EQUIDAE_475,Horse,馬
ZEBRA_WORD_EQUIDAE_475,Zebra,シマウマ
PONY_WORD_EQUIDAE_475,Pony,ポニー
COWHIDE_WORD_LEATHER_480,Cowhide,牛革
NUBUCK_WORD_LEATHER_480,Nubuck,ヌバック
SUEDE_WORD_LEATHER_480,Suede,スエード
TOWER_WORD_CASTLE_485,Tower,塔
MOAT_WORD_CASTLE_485,Moat,堀
DUNGEON_WORD_CASTLE_485,Dungeon,地下牢
BASTION_WORD_CASTLE_485,Bastion,稜堡
RAMPART_WORD_CASTLE_485,Rampart,城壁
TURRET_WORD_CASTLE_485,Turret,小塔
PARAPET_WORD_CASTLE_485,Parapet,胸壁
CITADEL_WORD_CASTLE_485,Citadel,城塞
LCD_WORD_DISPLAY_486,LCD,LCD
LED_WORD_DISPLAY_486,LED,LED
OLED_WORD_DISPLAY_486,OLED,OLED
CRT_WORD_DISPLAY_486,CRT,CRT
PLASMA_WORD_DISPLAY_486,Plasma,プラズマ
AMOLED_WORD_DISPLAY_486,AMOLED,AMOLED
MAYANS_WORD_CULTURES_487,Mayans,マヤ人
AZTECS_WORD_CULTURES_487,Aztecs,アステカ人
ROMANS_WORD_CULTURES_487,Romans,ローマ人
GREEKS_WORD_CULTURES_487,Greeks,ギリシャ人
CELTS_WORD_CULTURES_487,Celts,ケルト人
VIKINGS_WORD_CULTURES_487,Vikings,ヴァイキング
SAMURAI_WORD_WARRIORS_491,Samurai,侍
SHINOBI_WORD_WARRIORS_491,Shinobi,忍
RONIN_WORD_WARRIORS_491,Ronin,浪人
ASSASSIN_WORD_WARRIORS_491,Assassin,暗殺者
NINJA_WORD_WARRIORS_491,Ninja,忍者
DECEIVE_WORD_LIE_492,Deceive,欺く
DELUDE_WORD_LIE_492,Delude,惑わす
FALSIFY_WORD_LIE_492,Falsify,偽造
MISLEAD_WORD_LIE_492,Mislead,誤導
OBOE_WORD_VIOLIN_508,Oboe,オーボエ
CLARINET_WORD_VIOLIN_508,Clarinet,クラリネット
FLUTE_WORD_VIOLIN_508,Flute,フルート
CELLO_WORD_VIOLIN_508,Cello,チェロ
MATE_WORD_ANAGRAM_511,Mate,メイト
TEAM_WORD_ANAGRAM_511,Team,チーム
MEAT_WORD_ANAGRAM_511,Meat,ミート
BONGO_WORD_DRUM_518,Bongo,ボンゴ
DJEMBE_WORD_DRUM_518,Djembe,ジャンベ
TABLA_WORD_DRUM_518,Tabla,タブラ
ASHIKO_WORD_DRUM_518,Ashiko,アシコ
TRIUMPH_WORD_WREATH_544,Triumph,勝利
VICTORY_WORD_WREATH_544,Victory,大勝利
SUCCESS_WORD_WREATH_544,Success,成功
YOGA_WORD_ZEN_549,Yoga,ヨガ
RINZAI_WORD_ZEN_549,Rinzai,臨済
DHARMA_WORD_ZEN_549,Dharma,法
ROUTER_WORD_NETWORK_588,Router,ルーター
SERVER_WORD_NETWORK_588,Server,サーバー
GATEWAY_WORD_NETWORK_588,Gateway,ゲートウェイ
ETHERNET_WORD_NETWORK_588,Ethernet,イーサネット
PACKET_WORD_NETWORK_588,Packet,パケット
DUTY_WORD_CUSTOMS_592,Duty,関税
IMPORT_WORD_CUSTOMS_592,Import,輸入
BORDER_WORD_CUSTOMS_592,Border,国境
EXPORT_WORD_CUSTOMS_592,Export,輸出
PAYMENT_WORD_MORTGAGE_595,Payment,返済
INTEREST_WORD_MORTGAGE_595,Interest,利息
RATE_WORD_MORTGAGE_595,Rate,金利
MIX_WORD_CONCRETE_601,Mix,攪拌
TROWEL_WORD_CONCRETE_601,Trowel,コテ
SCREED_WORD_CONCRETE_601,Screed,スクリード
SATIRE_WORD_MEMES_620,Satire,風刺
PARODY_WORD_MEMES_620,Parody,パロディ
TROLLING_WORD_MEMES_620,Trolling,荒らし
METHANE_WORD_ALKANES_641,Methane,メタン
ETHANE_WORD_ALKANES_641,Ethane,エタン
PROPANE_WORD_ALKANES_641,Propane,プロパン
BUTANE_WORD_ALKANES_641,Butane,ブタン
ASSESS_WORD_EVALUATE_651,Assess,評価
ESTIMATE_WORD_EVALUATE_651,Estimate,見積り
ANALYZE_WORD_EVALUATE_651,Analyze,分析
HUNT_WORD_QUEST_680,Hunt,狩り
INQUIRY_WORD_QUEST_680,Inquiry,探求
PURSUIT_WORD_QUEST_680,Pursuit,追求
GOATEE_WORD_BEARDS_681,Goatee,山羊ひげ
BALBO_WORD_BEARDS_681,Balbo,バルボ
DUCKTAIL_WORD_BEARDS_681,Ducktail,ダックテール
SYNERGY_WORD_YINYANG_721,Synergy,シナジー
DUALITY_WORD_YINYANG_721,Duality,二元性
HARMONY_WORD_YINYANG_721,Harmony,調和
GOURMET_WORD_FOODIE_726,Gourmet,グルメ
EPICURE_WORD_FOODIE_726,Epicure,美食家
TASTE_WORD_FOODIE_726,Taste,味覚
SYBARITE_WORD_FOODIE_726,Sybarite,享楽家
HEDONISM_WORD_FOODIE_726,Hedonism,快楽主義
DISHES_WORD_FOODIE_726,Dishes,料理
ROLE_WORD_OPERA_760,Role,役
DIVA_WORD_OPERA_760,Diva,ディーヴァ
ACT_WORD_OPERA_760,Act,幕
BAY_WORD_HARBOR_764,Bay,湾
PIER_WORD_HARBOR_764,Pier,桟橋
WHARF_WORD_HARBOR_764,Wharf,波止場
COAST_WORD_HARBOR_764,Coast,海岸
MARINA_WORD_HARBOR_764,Marina,マリーナ
VESSEL_WORD_HARBOR_764,Vessel,船舶
BRICK_WORD_STREET_768,Lamp,街灯
DRIVER_WORD_STREET_768,Driver,運転手
CORNER_WORD_STREET_768,Corner,角
BIKE_WORD_STREET_768,Bike,自転車
LION_WORD_CHIMERA_795,Lion,ライオン
GOAT_WORD_CHIMERA_795,Goat,ヤギ
SERPENT_WORD_CHIMERA_795,Serpent,大蛇
REINS_WORD_CARRIAGE_800,Reins,手綱
HARNESS_WORD_CARRIAGE_800,Harness,馬具
COACHMAN_WORD_CARRIAGE_800,Coachman,御者
CANTER_WORD_GAITS_810,Canter,駈歩
GALLOP_WORD_GAITS_810,Gallop,全速力
TROT_WORD_GAITS_810,Trot,速歩
CORE_WORD_EARTH_831,Core,核
MANTLE_WORD_EARTH_831,Mantle,マントル
CRUST_WORD_EARTH_831,Crust,地殻
PAGANINI_WORD_VIOLINS_845,Paganini,パガニーニ
LUTHIER_WORD_VIOLINS_845,Luthier,弦楽器職人
FRET_WORD_VIOLINS_845,Bow,弓
NOUN_WORD_GRAMMAR_861,Noun,名詞
VERB_WORD_GRAMMAR_861,Verb,動詞
ADVERB_WORD_GRAMMAR_861,Adverb,副詞
CREST_WORD_COASTAL_882,Crest,波頭
BREEZE_WORD_COASTAL_882,Breeze,潮風
SURFING_WORD_COASTAL_882,Surfing,サーフィン
SHINGLE_WORD_COASTAL_882,Shingle,砂利浜
SAND_WORD_COASTAL_882,Sand,砂浜
GROYNE_WORD_COASTAL_882,Groyne,突堤
TIDE_WORD_COASTAL_882,Tide,潮
JETTY_WORD_COASTAL_882,Jetty,桟橋
TIRE_WORD_WHEEL_890,Tire,タイヤ
HUBCAP_WORD_WHEEL_890,Hubcap,ホイールキャップ
STEER_WORD_WHEEL_890,Steer,ステアリング
AXLE_WORD_WHEEL_890,Axle,車軸
FORTUNE_WORD_WHEEL_890,Rim,リム
STEEL_WORD_INDUSTRY_921,Steel,鉄鋼
GOODS_WORD_INDUSTRY_921,Goods,商品
PRODUCE_WORD_INDUSTRY_921,Produce,製品
MEGA_WORD_PREFIX_922,Mega,メガ
NANO_WORD_PREFIX_922,Nano,ナノ
DECA_WORD_PREFIX_922,Deca,デカ
SIAMESE_WORD_BREEDS_940,Siamese,シャム猫
SPHYNX_WORD_BREEDS_940,Sphynx,スフィンクス猫
BIRMAN_WORD_BREEDS_940,Birman,バーマン猫
BENGAL_WORD_BREEDS_940,Bengal,ベンガル猫
ANGORA_WORD_BREEDS_940,Angora,アンゴラ猫
BIG_BEN_WORD_LANDMARK_948,Big Ben,ビッグベン
SPHINX_WORD_LANDMARK_948,Sphinx,スフィンクス
COLOSSEUM_WORD_LANDMARK_948,Colosseum,コロッセオ
PYRAMIDS_WORD_LANDMARK_948,Pyramids,ピラミッド群
NILE_WORD_RIVERS_959,Nile,ナイル川
AMAZON_WORD_RIVERS_959,Amazon,アマゾン川
HUDSON_WORD_RIVERS_959,Hudson,ハドソン川
SURF_WORD_COAST_969,Surf,サーフィン
BEACH_WORD_COAST_969,Beach,ビーチ
CLIFF_WORD_COAST_969,Cliff,崖
CLEANSER_WORD_SKINCARE_984,Cleanser,洗顔料
TONER_WORD_SKINCARE_984,Toner,化粧水
SERUM_WORD_SKINCARE_984,Serum,美容液
TEXTURE_WORD_SKINCARE_984,Texture,肌質
PORES_WORD_SKINCARE_984,Pores,毛穴
RETINOL_WORD_SKINCARE_984,Retinol,レチノール
PEPTIDES_WORD_SKINCARE_984,Peptides,ペプチド
BLEMISH_WORD_SKINCARE_984,Blemish,シミ
ROMANOV_WORD_DYNASTY_991,Romanov,ロマノフ
TUDOR_WORD_DYNASTY_991,Tudor,チューダー
KENNEDY_WORD_DYNASTY_991,Ottoman,オスマン
BOURBON_WORD_DYNASTY_991,Bourbon,ブルボン
CLERIC_WORD_PRIEST_1019,Cleric,聖職者
BIBLE_WORD_PRIEST_1019,Bible,聖書
SAINT_WORD_PRIEST_1019,Saint,聖人
PREACHER_WORD_PRIEST_1019,Preacher,説教師
JOURNEY_WORD_MAPS_1022,Journey,旅
LANDMARK_WORD_MAPS_1022,Landmark,ランドマーク
BORDER_WORD_MAPS_1022,Border,境界
ATLAS_WORD_MAPS_1022,Atlas,地図帳
GLOBE_WORD_MAPS_1022,Globe,地球儀
SCALE_WORD_MAPS_1022,Scale,縮尺
TERRAIN_WORD_MAPS_1022,Terrain,地形
CONTOUR_WORD_MAPS_1022,Contour,等高線
MELODY_WORD_SINGING_1054,Melody,メロディー
SONG_WORD_SINGING_1054,Song,歌
PITCH_WORD_SINGING_1054,Pitch,音程
SOLOIST_WORD_SINGING_1054,Soloist,ソリスト
ARIA_WORD_SINGING_1054,Aria,アリア
CHOIR_WORD_SINGING_1054,Choir,合唱団
HUMMING_WORD_SINGING_1054,Humming,ハミング
TIMBRE_WORD_SINGING_1054,Timbre,音色
GENE_WORD_GENETICS_1060,Gene,遺伝子
DNA_WORD_GENETICS_1060,DNA,DNA
GENOME_WORD_GENETICS_1060,Genome,ゲノム
TV_WORD_SCREEN_1030,TV,テレビ
ATM_WORD_SCREEN_1030,ATM,ATM
E_READER_WORD_SCREEN_1030,E-reader,電子書籍リーダー
BUZZER_WORD_ALARM_1031,Buzzer,ブザー
BEEP_WORD_ALARM_1031,Beep,ビープ音
RUSH_WORD_ALARM_1031,Rush,急行
MAPLE_WORD_LEAVES_1055,Maple,カエデ
OAK_WORD_LEAVES_1055,Oak,オーク
PALM_WORD_LEAVES_1055,Palm,ヤシ
CHESTNUT_WORD_LEAVES_1055,Chestnut,クリ
ASH_WORD_LEAVES_1055,Ash,トネリコ
POPLAR_WORD_LEAVES_1055,Poplar,ポプラ
PLATE_WORD_DISHWARE_829,Plate,皿
CUP_WORD_DISHWARE_829,Cup,カップ
BOWL_WORD_DISHWARE_829,Bowl,ボウル
SAUCER_WORD_DISHWARE_829,Saucer,ソーサー
FROG_WORD_POND_830,Frog,カエル
REED_WORD_POND_830,Reed,アシ
DUCK_WORD_POND_830,Duck,アヒル
PAWN_PIC_CHESS_1,,
ROOK_PIC_CHESS_1,,
KNIGHT_PIC_CHESS_1,,
BISHOP_PIC_CHESS_1,,
QUEEN_PIC_CHESS_1,,
KING_PIC_CHESS_1,,
CHESSBOARD_PIC_CHESS_1,,
CHESS_CLOCK_PIC_CHESS_1,,
HOCKEY_PIC_SPORTS_2,,
SOCCER_PIC_SPORTS_2,,
BOXING_PIC_SPORTS_2,,
TENNIS_PIC_SPORTS_2,,
GOLF_PIC_SPORTS_2,,
RUGBY_PIC_SPORTS_2,,
CURLING_PIC_SPORTS_2,,
TABLE_TENNIS_PIC_SPORTS_2,,
TABLE_PIC_FURNITURE_3,,
SOFA_PIC_FURNITURE_3,,
CHAIR_PIC_FURNITURE_3,,
DESK_PIC_FURNITURE_3,,
BED_PIC_FURNITURE_3,,
WARDROBE_PIC_FURNITURE_3,,
BOOKSHELF_PIC_FURNITURE_3,,
DRESSERS_PIC_FURNITURE_3,,
ACE_OF_HEARTS_PIC_DECK_4,,
KING_HEARTS_PIC_DECK_4,,
QUEEN_HEARTS_PIC_DECK_4,,
JACK_HEARTS_PIC_DECK_4,,
10_HEARTS_PIC_DECK_4,,
9_HEARTS_PIC_DECK_4,,
8_HEARTS_PIC_DECK_4,,
7_HEARTS_PIC_DECK_4,,
ARIES_PIC_ZODIAC_5,,
TAURUS_PIC_ZODIAC_5,,
GEMINI_PIC_ZODIAC_5,,
CANCER_PIC_ZODIAC_5,,
LEO_PIC_ZODIAC_5,,
VIRGO_PIC_ZODIAC_5,,
LIBRA_PIC_ZODIAC_5,,
SAGITTARIUS_PIC_ZODIAC_5,,
PLIERS_PIC_TOOLBOX_6,,
WRENCH_PIC_TOOLBOX_6,,
DRILL_PIC_TOOLBOX_6,,
ADHESIVE_TAPE_PIC_TOOLBOX_6,,
SAW_PIC_TOOLBOX_6,,
CHISEL_PIC_TOOLBOX_6,,
CLAMP_PIC_TOOLBOX_6,,
HAMMER_PIC_TOOLBOX_6,,
GLOVES_PIC_GARMENTS_7,,
DRESS_PIC_GARMENTS_7,,
PANTS_PIC_GARMENTS_7,,
SHIRT_PIC_GARMENTS_7,,
PANTIES_PIC_GARMENTS_7,,
COAT_PIC_GARMENTS_7,,
JACKET_PIC_GARMENTS_7,,
SKIRT_PIC_GARMENTS_7,,
BROCCOLI_PIC_VEGGIE_8,,
CABBAGE_PIC_VEGGIE_8,,
POTATO_PIC_VEGGIE_8,,
CARROT_PIC_VEGGIE_8,,
BEETROOT_PIC_VEGGIE_8,,
CUCUMBER_PIC_VEGGIE_8,,
ONION_PIC_VEGGIE_8,,
EGGPLANT_PIC_VEGGIE_8,,
ORANGE_PIC_FRUITS_9,,
KIWI_PIC_FRUITS_9,,
BANANA_PIC_FRUITS_9,,
APPLE_PIC_FRUITS_9,,
POMEGRANATE_PIC_FRUITS_9,,
PEACH_PIC_FRUITS_9,,
PINEAPPLE_PIC_FRUITS_9,,
WATERMELON_PIC_FRUITS_9,,
CUSHION_PIC_CHAIR_10,,
THRONE_PIC_CHAIR_10,,
OTTOMAN_PIC_CHAIR_10,,
STOOL_PIC_CHAIR_10,,
ARMCHAIR_PIC_CHAIR_10,,
LOVESEAT_PIC_CHAIR_10,,
RECLINER_PIC_CHAIR_10,,
BEANBAG_PIC_CHAIR_10,,
KEPI_PIC_HATS_11,,
BERET_PIC_HATS_11,,
CAP_PIC_HATS_11,,
HAT_PIC_HATS_11,,
VISOR_PIC_HATS_11,,
TURBAN_PIC_HATS_11,,
SOMBRERO_PIC_HATS_11,,
PANAMA_HAT_PIC_HATS_11,,
ORGAN_PIC_PLAY_12,,
VIOLIN_PIC_PLAY_12,,
UKULELE_PIC_PLAY_12,,
DRUM_PIC_PLAY_12,,
PIANO_PIC_PLAY_12,,
FLUTE_PIC_PLAY_12,,
GUITAR_PIC_PLAY_12,,
CELLO_PIC_PLAY_12,,
BROOM_PIC_CLEANING_13,,
MOP_PIC_CLEANING_13,,
VACUUM_PIC_CLEANING_13,,
DUSTER_PIC_CLEANING_13,,
SPONGE_PIC_CLEANING_13,,
BUCKET_PIC_CLEANING_13,,
BIN_PIC_CLEANING_13,,
DUSTPAN_PIC_CLEANING_13,,
BOOTS_PIC_SHOES_14,,
HEELS_PIC_SHOES_14,,
FLATS_PIC_SHOES_14,,
OXFORDS_PIC_SHOES_14,,
WEDGES_PIC_SHOES_14,,
MONKS_PIC_SHOES_14,,
BROGUES_PIC_SHOES_14,,
DERBIES_PIC_SHOES_14,,
ITALY_PIC_MAP_15,,
INDIA_PIC_MAP_15,,
AUSTRALIA_PIC_MAP_15,,
FRANCE_PIC_MAP_15,,
USA_PIC_MAP_15,,
UK_PIC_MAP_15,,
SPAIN_PIC_MAP_15,,
JAPAN_PIC_MAP_15,,
DOVE_PIC_BIRD_16,,
EAGLE_PIC_BIRD_16,,
SWAN_PIC_BIRD_16,,
OWL_PIC_BIRD_16,,
HERON_PIC_BIRD_16,,
ROBIN_PIC_BIRD_16,,
FINCH_PIC_BIRD_16,,
VULTURE_PIC_BIRD_16,,
LOBSTER_PIC_SEAFOOD_17,,
OYSTER_PIC_SEAFOOD_17,,
MUSSEL_PIC_SEAFOOD_17,,
CRAB_PIC_SEAFOOD_17,,
SCALLOP_PIC_SEAFOOD_17,,
CONCH_PIC_SEAFOOD_17,,
SQUID_PIC_SEAFOOD_17,,
SHRIMP_PIC_SEAFOOD_17,,
TERRIER_PIC_DOGS_18,,
BEAGLE_PIC_DOGS_18,,
POODLE_PIC_DOGS_18,,
SPANIEL_PIC_DOGS_18,,
HUSKY_PIC_DOGS_18,,
COLLIE_PIC_DOGS_18,,
BULLDOG_PIC_DOGS_18,,
PUG_PIC_DOGS_18,,
PIZZA_PIC_EATS_19,,
TACO_PIC_EATS_19,,
FRIES_PIC_EATS_19,,
BURGER_PIC_EATS_19,,
KEBAB_PIC_EATS_19,,
SANDWICH_PIC_EATS_19,,
BURRITO_PIC_EATS_19,,
HOT_DOG_PIC_EATS_19,,
LIBRARY_PIC_BUILD_20,,
MUSEUM_PIC_BUILD_20,,
HOSPITAL_PIC_BUILD_20,,
SCHOOL_BUILDING_PIC_BUILD_20,,
HOTEL_PIC_BUILD_20,,
FACTORY_PIC_BUILD_20,,
STADIUM_PIC_BUILD_20,,
MALL_PIC_BUILD_20,,
TROLL_PIC_FOLKLORE_21,,
GOBLIN_PIC_FOLKLORE_21,,
OGRE_PIC_FOLKLORE_21,,
BANSHEE_PIC_FOLKLORE_21,,
UNICORN_PIC_FOLKLORE_21,,
FAIRY_PIC_FOLKLORE_21,,
GNOME_PIC_FOLKLORE_21,,
GENIE_PIC_FOLKLORE_21,,
APRICOT_PIC_DRUPES_22,,
PEACH_PIC_DRUPES_22,,
PLUM_PIC_DRUPES_22,,
CHERRY_PIC_DRUPES_22,,
MANGO_PIC_DRUPES_22,,
LOQUAT_PIC_DRUPES_22,,
OLIVE_PIC_DRUPES_22,,
LYCHEE_PIC_DRUPES_22,,
BLANKET_PIC_PICNIC_23,,
BASKET_PIC_PICNIC_23,,
SANDWICH_PIC_PICNIC_23,,
ANTS_PIC_PICNIC_23,,
JUICE_PIC_PICNIC_23,,
SUN_PIC_PICNIC_23,,
GRASS_PIC_PICNIC_23,,
CRACKERS_PIC_PICNIC_23,,
PROFITEROLE_PIC_PASTRY_24,,
PIE_PIC_PASTRY_24,,
CAKE_PIC_PASTRY_24,,
BRIOCHE_PIC_PASTRY_24,,
TART_PIC_PASTRY_24,,
SCONE_PIC_PASTRY_24,,
STRUDEL_PIC_PASTRY_24,,
BROWNIE_PIC_PASTRY_24,,
BUGLE_PIC_WIND_25,,
TUBA_PIC_WIND_25,,
FLUTE_PIC_WIND_25,,
SAX_PIC_WIND_25,,
HARMONICA_PIC_WIND_25,,
BAGPIPES_PIC_WIND_25,,
CLARINET_PIC_WIND_25,,
TRUMPET_PIC_WIND_25,,
BOOKSTORE_PIC_MALL_26,,
PHARMACY_PIC_MALL_26,,
SECURITY_PIC_MALL_26,,
JANITOR_PIC_MALL_26,,
CREDIT_CARD_PIC_MALL_26,,
CASH_PIC_MALL_26,,
PAPER_BAG_PIC_MALL_26,,
FITTING_ROOM_PIC_MALL_26,,
VIOLIN_PIC_STRINGS_27,,
GUITAR_PIC_STRINGS_27,,
CELLO_PIC_STRINGS_27,,
VIOLA_PIC_STRINGS_27,,
BANJO_PIC_STRINGS_27,,
HARP_PIC_STRINGS_27,,
UKULELE_PIC_STRINGS_27,,
MANDOLIN_PIC_STRINGS_27,,
NECKLACE_PIC_JEWELRY_28,,
EARRING_PIC_JEWELRY_28,,
DIAMOND_RING_PIC_JEWELRY_28,,
BRACELET_PIC_JEWELRY_28,,
ANKLET_PIC_JEWELRY_28,,
LOCKET_PIC_JEWELRY_28,,
DIADEM_PIC_JEWELRY_28,,
BROOCH_PIC_JEWELRY_28,,
DAISY_PIC_FLOWERS_29,,
LILY_PIC_FLOWERS_29,,
TULIP_PIC_FLOWERS_29,,
ROSE_PIC_FLOWERS_29,,
POPPY_PIC_FLOWERS_29,,
PEONY_PIC_FLOWERS_29,,
ASTER_PIC_FLOWERS_29,,
PANSY_PIC_FLOWERS_29,,
LIZARD_PIC_REPTILES_30,,
SNAKE_PIC_REPTILES_30,,
ALLIGATOR_PIC_REPTILES_30,,
GECKO_PIC_REPTILES_30,,
CHAMELEON_PIC_REPTILES_30,,
IGUANA_PIC_REPTILES_30,,
TURTLE_PIC_REPTILES_30,,
DINOSAUR_PIC_REPTILES_30,,
DIAMOND_PIC_GEMSTONE_31,,
RUBY_PIC_GEMSTONE_31,,
SAPPHIRE_PIC_GEMSTONE_31,,
EMERALD_PIC_GEMSTONE_31,,
CRYSTAL_PIC_GEMSTONE_31,,
GARNET_PIC_GEMSTONE_31,,
PERIDOT_PIC_GEMSTONE_31,,
OPAL_PIC_GEMSTONE_31,,
MOSQUITO_PIC_INSECTS_32,,
LADYBUG_PIC_INSECTS_32,,
MOTH_PIC_INSECTS_32,,
WASP_PIC_INSECTS_32,,
DRAGONFLY_PIC_INSECTS_32,,
ANT_PIC_INSECTS_32,,
CRICKET_PIC_INSECTS_32,,
MANTIS_PIC_INSECTS_32,,
BEAVER_PIC_RODENTS_33,,
MARMOT_PIC_RODENTS_33,,
NUTRIA_PIC_RODENTS_33,,
SQUIRREL_PIC_RODENTS_33,,
CAPYBARA_PIC_RODENTS_33,,
RAT_PIC_RODENTS_33,,
HAMSTER_PIC_RODENTS_33,,
GUINEA_PIG_PIC_RODENTS_33,,
COWBOY_HAT_PIC_WESTERN_34,,
COWBOY_BOOTS_PIC_WESTERN_34,,
LASSO_PIC_WESTERN_34,,
COWBOY_PIC_WESTERN_34,,
SHERIFF_PIC_WESTERN_34,,
BADGE_PIC_WESTERN_34,,
SALOON_PIC_WESTERN_34,,
CACTI_PIC_WESTERN_34,,
JOLLY_ROGER_PIC_PIRATE_35,,
PARROT_PIC_PIRATE_35,,
CUTLASS_PIC_PIRATE_35,,
CANNON_PIC_PIRATE_35,,
RUM_PIC_PIRATE_35,,
TREASURE_MAP_PIC_PIRATE_35,,
WOODEN_SHIP_S_WHEEL_PIC_PIRATE_35,,
TREASURE_CHEST_PIC_PIRATE_35,,
BUOY_PIC_BEACH_36,,
SEAGULL_PIC_BEACH_36,,
BAY_PIC_BEACH_36,,
SAND_PIC_BEACH_36,,
WAVES_PIC_BEACH_36,,
SHELLS_PIC_BEACH_36,,
BEACH_CHAIR_PIC_BEACH_36,,
BEACH_UMBRELLA_PIC_BEACH_36,,
PYRAMID_PIC_EGYPT_37,,
SPHINX_PIC_EGYPT_37,,
PHARAOH_S_MASK_PIC_EGYPT_37,,
MUMMY_PIC_EGYPT_37,,
SCARAB_PIC_EGYPT_37,,
NILE_RIVER_PIC_EGYPT_37,,
ANUBIS_PIC_EGYPT_37,,
HIEROGLYPHS_PIC_EGYPT_37,,
ASTRONAUT_PIC_SPACE_38,,
ROCKET_PIC_SPACE_38,,
UFO_PIC_SPACE_38,,
ALIEN_PIC_SPACE_38,,
SATURN_PIC_SPACE_38,,
SPACE_STATION_PIC_SPACE_38,,
GALAXY_PIC_SPACE_38,,
MARS_ROVER_PIC_SPACE_38,,
TUNA_PIC_SEA_FISH_39,,
MARLIN_PIC_SEA_FISH_39,,
COD_PIC_SEA_FISH_39,,
SARDINE_PIC_SEA_FISH_39,,
SHARK_PIC_SEA_FISH_39,,
SAWFISH_PIC_SEA_FISH_39,,
STINGRAY_PIC_SEA_FISH_39,,
CLOWNFISH_PIC_SEA_FISH_39,,
BALLOON_PIC_BIRTHDAY_40,,
CANDLE_PIC_BIRTHDAY_40,,
CAKE_PIC_BIRTHDAY_40,,
BOX_PIC_BIRTHDAY_40,,
CONFETTI_PIC_BIRTHDAY_40,,
BIRTHDAY_HAT_PIC_BIRTHDAY_40,,
PARTY_HORN_PIC_BIRTHDAY_40,,
BIRTHDAY_BANNER_PIC_BIRTHDAY_40,,
ELECTRIC_CAR_PIC_CHARGER_41,,
SMARTWATCH_PIC_CHARGER_41,,
LAPTOP_PIC_CHARGER_41,,
DIGITAL_CAMERA_PIC_CHARGER_41,,
POWER_BANK_PIC_CHARGER_41,,
ELECTRIC_TOOTHBRUSH_PIC_CHARGER_41,,
BLUETOOTH_HEADPHONES_PIC_CHARGER_41,,
DRONE_PIC_CHARGER_41,,
HELICOPTER_PIC_TRANSPORT_42,,
TRAIN_PIC_TRANSPORT_42,,
PLANE_PIC_TRANSPORT_42,,
TAXI_PIC_TRANSPORT_42,,
SCOOTER_PIC_TRANSPORT_42,,
DOUBLE_DECKER_BUS_PIC_TRANSPORT_42,,
MOTORBOAT_PIC_TRANSPORT_42,,
HOT_AIR_BALLOON_PIC_TRANSPORT_42,,
CAT_PIC_WHISKERS_43,,
DOG_PIC_WHISKERS_43,,
SEAL_PIC_WHISKERS_43,,
WALRUS_PIC_WHISKERS_43,,
OTTER_PIC_WHISKERS_43,,
SQUIRREL_PIC_WHISKERS_43,,
CATFISH_PIC_WHISKERS_43,,
LION_PIC_WHISKERS_43,,
BEEF_PIC_BURGER_44,,
BUN_PIC_BURGER_44,,
SAUCE_PIC_BURGER_44,,
CHEESE_PIC_BURGER_44,,
LETTUCE_PIC_BURGER_44,,
TOMATO_PIC_BURGER_44,,
PICKLE_PIC_BURGER_44,,
ONION_PIC_BURGER_44,,
SODA_PIC_DRINKS_45,,
ESPRESSO_PIC_DRINKS_45,,
LEMONADE_PIC_DRINKS_45,,
JUICE_PIC_DRINKS_45,,
TEA_PIC_DRINKS_45,,
MILK_PIC_DRINKS_45,,
BUBBLE_TEA_PIC_DRINKS_45,,
SPORTS_DRINK_PIC_DRINKS_45,,
CIRCLE_PIC_SHAPES_46,,
SQUARE_PIC_SHAPES_46,,
OVAL_PIC_SHAPES_46,,
OCTAGON_PIC_SHAPES_46,,
TRIANGLE_PIC_SHAPES_46,,
STAR_PIC_SHAPES_46,,
HEART_PIC_SHAPES_46,,
RHOMBUS_PIC_SHAPES_46,,
JEWELRY_PIC_LUXURY_47,,
WATCH_PIC_LUXURY_47,,
CLASSIC_HANDBAG_PIC_LUXURY_47,,
YACHT_PIC_LUXURY_47,,
PRIVATE_JET_PIC_LUXURY_47,,
SUPERCAR_PIC_LUXURY_47,,
ART_PAINTING_PIC_LUXURY_47,,
AMERICAN_EXPRESS_CENTURION_CARD_PIC_LUXURY_47,,
FOOL_PIC_TAROT_48,,
MOON_PIC_TAROT_48,,
MAGICIAN_PIC_TAROT_48,,
EMPRESS_PIC_TAROT_48,,
DEATH_PIC_TAROT_48,,
SUN_PIC_TAROT_48,,
STAR_PIC_TAROT_48,,
HANGED_MAN_PIC_TAROT_48,,
PACIFIER_PIC_BABIES_49,,
DIAPER_PIC_BABIES_49,,
RATTLE_PIC_BABIES_49,,
STROLLER_PIC_BABIES_49,,
BOTTLE_PIC_BABIES_49,,
BABY_BOWL_AND_SOFT_TIP_SPOON_PIC_BABIES_49,,
CRIB_PIC_BABIES_49,,
CAR_SEAT_PIC_BABIES_49,,
ROPE_PIC_SAILOR_50,,
FLAG_PIC_SAILOR_50,,
STORM_PIC_SAILOR_50,,
KNOT_PIC_SAILOR_50,,
SAILOR_HAT_PIC_SAILOR_50,,
SPYGLASS_PIC_SAILOR_50,,
SEXTANT_PIC_SAILOR_50,,
HARBOR_LIGHTHOUSE_PIC_SAILOR_50,,
GUM_PIC_CANDY_51,,
CHOCO_PIC_CANDY_51,,
FUDGE_PIC_CANDY_51,,
LOLLIPOP_PIC_CANDY_51,,
HARD_CANDY_PIC_CANDY_51,,
MARSHMALLOW_PIC_CANDY_51,,
TURKISH_DELIGHT_PIC_CANDY_51,,
COTTON_CANDY_PIC_CANDY_51,,
DOOR_PIC_KEYS_52,,
PADLOCK_PIC_KEYS_52,,
CAR_PIC_KEYS_52,,
SAFE_PIC_KEYS_52,,
SUITCASE_PIC_KEYS_52,,
STORAGE_LOCKER_PIC_KEYS_52,,
TREASURE_CHEST_PIC_KEYS_52,,
LOCKABLE_NOTEBOOK_PIC_KEYS_52,,
GRASS_PIC_LAWN_53,,
MOWER_PIC_LAWN_53,,
FOUR_LEAF_CLOVER_PIC_LAWN_53,,
SPRINKLER_PIC_LAWN_53,,
GARDENING_GLOVES_PIC_LAWN_53,,
LEAF_RAKE_PIC_LAWN_53,,
PICNIC_BLANKET_PIC_LAWN_53,,
FRISBEE_PIC_LAWN_53,,
CUBE_PIC_3D_54,,
SPHERE_PIC_3D_54,,
CONE_PIC_3D_54,,
TORUS_PIC_3D_54,,
SQUARE_PYRAMID_PIC_3D_54,,
CYLINDER_PIC_3D_54,,
OCTAHEDRON_PIC_3D_54,,
MOBIUS_STRIP_PIC_3D_54,,
BATS_PIC_VAMPIRE_55,,
FANGS_PIC_VAMPIRE_55,,
COFFIN_PIC_VAMPIRE_55,,
GARLIC_PIC_VAMPIRE_55,,
CAPE_PIC_VAMPIRE_55,,
CANDLE_AND_CANDLESTICK_PIC_VAMPIRE_55,,
GOTHIC_CASTLE_PIC_VAMPIRE_55,,
RED_ROSE_PIC_VAMPIRE_55,,
BIG_BEN_PIC_LANDMARK_56,,
STATUE_OF_LIBERTY_PIC_LANDMARK_56,,
COLOSSEUM_PIC_LANDMARK_56,,
PYRAMIDS_PIC_LANDMARK_56,,
GREAT_WALL_PIC_LANDMARK_56,,
EIFFEL_TOWER_PIC_LANDMARK_56,,
PARTHENON_PIC_LANDMARK_56,,
LEANING_TOWER_OF_PISA_PIC_LANDMARK_56,,
DUNES_PIC_DESERT_57,,
CACTI_PIC_DESERT_57,,
OASIS_PIC_DESERT_57,,
CAMEL_PIC_DESERT_57,,
LEATHER_WATER_CANTEEN_PIC_DESERT_57,,
GOGGLES_PIC_DESERT_57,,
FENNEC_FOX_PIC_DESERT_57,,
DESERT_TENT_PIC_DESERT_57,,
TEDDY_BEAR_PIC_TOYS_58,,
KITE_PIC_TOYS_58,,
LEGO_PIC_TOYS_58,,
GAMEPAD_PIC_TOYS_58,,
SPINNING_TOP_PIC_TOYS_58,,
JUMP_ROPE_PIC_TOYS_58,,
JIGSAW_PUZZLE_PIC_TOYS_58,,
BUILDING_BLOCKS_PIC_TOYS_58,,
EGGPLANT_PIC_PURPLE_59,,
VIOLET_PIC_PURPLE_59,,
PLUM_PIC_PURPLE_59,,
LAVENDER_PIC_PURPLE_59,,
PURPLE_GRAPES_PIC_PURPLE_59,,
PURPLE_MUG_PIC_PURPLE_59,,
AMETHYST_PIC_PURPLE_59,,
WISTERIA_PIC_PURPLE_59,,
BANANA_PIC_YELLOW_60,,
CORN_PIC_YELLOW_60,,
GOLD_PIC_YELLOW_60,,
CHEESE_PIC_YELLOW_60,,
RUBBER_DUCK_PIC_YELLOW_60,,
LEMON_PIC_YELLOW_60,,
YELLOW_GEMSTONE_PIC_YELLOW_60,,
YELLOW_ROSE_PIC_YELLOW_60,,
UMBRELLA_PIC_RAIN_61,,
RAINCOAT_PIC_RAIN_61,,
CLOUD_PIC_RAIN_61,,
PUDDLE_PIC_RAIN_61,,
RAIN_BOOTS_PIC_RAIN_61,,
LIGHTNING_PIC_RAIN_61,,
RAINBOW_PIC_RAIN_61,,
RAINY_WEATHER_ICON_PIC_RAIN_61,,
DUMBBELL_PIC_GYM_62,,
BARBELL_PIC_GYM_62,,
AIR_BIKE_PIC_GYM_62,,
KETTLEBELL_PIC_GYM_62,,
TREADMILL_PIC_GYM_62,,
EXERCISE_BALL_PIC_GYM_62,,
ELLIPTICAL_MACHINE_PIC_GYM_62,,
AB_ROLLER_PIC_GYM_62,,
SOCKS_PIC_PAIRS_63,,
TWINS_PIC_PAIRS_63,,
SKIS_PIC_PAIRS_63,,
GLOVES_PIC_PAIRS_63,,
SHOES_PIC_PAIRS_63,,
WINGS_PIC_PAIRS_63,,
EARBUDS_PIC_PAIRS_63,,
CHOPSTICKS_PIC_PAIRS_63,,
TENT_PIC_CAMPING_64,,
CAMPFIRE_PIC_CAMPING_64,,
HAMMOCK_PIC_CAMPING_64,,
SLEEPING_BAG_PIC_CAMPING_64,,
CAMP_CHAIR_PIC_CAMPING_64,,
CAMPING_LANTERN_PIC_CAMPING_64,,
MULTI_TOOL_PIC_CAMPING_64,,
INSECT_REPELLENT_PIC_CAMPING_64,,
CANDY_CANE_PIC_XMAS_65,,
CHRISTMAS_STOCKING_PIC_XMAS_65,,
SANTA_PIC_XMAS_65,,
CHRISTMAS_TREE_PIC_XMAS_65,,
FAIRY_LIGHTS_PIC_XMAS_65,,
REINDEER_PIC_XMAS_65,,
GINGERBREAD_HOUSE_PIC_XMAS_65,,
CHRISTMAS_GIFT_PIC_XMAS_65,,
STAMP_PIC_MAIL_66,,
PARCEL_PIC_MAIL_66,,
LETTER_PIC_MAIL_66,,
MAILBOX_PIC_MAIL_66,,
POSTMARK_PIC_MAIL_66,,
EMAIL_PIC_MAIL_66,,
CARRIER_PIGEON_PIC_MAIL_66,,
POSTMAN_PIC_MAIL_66,,
CHEF_S_HAT_PIC_CHEF_67,,
RESTAURANT_PIC_CHEF_67,,
DISH_PIC_CHEF_67,,
CHEF_S_JACKET_PIC_CHEF_67,,
PROFESSIONAL_OVEN_PIC_CHEF_67,,
CHEF_S_KNIFE_PIC_CHEF_67,,
WOK_PIC_CHEF_67,,
SPICE_JAR_PIC_CHEF_67,,
TV_PIC_SCREEN_68,,
LAPTOP_PIC_SCREEN_68,,
E_READER_PIC_SCREEN_68,,
SMARTPHONE_PIC_SCREEN_68,,
SMARTWATCH_PIC_SCREEN_68,,
HANDHELD_GAME_CONSOLE_PIC_SCREEN_68,,
MOVIE_SCREEN_PIC_SCREEN_68,,
CALCULATOR_PIC_SCREEN_68,,
STETHOSCOPE_PIC_TOOLS_69,,
WRENCH_PIC_TOOLS_69,,
PAINTBRUSH_PIC_TOOLS_69,,
GAVEL_PIC_TOOLS_69,,
MICROPHONE_PIC_TOOLS_69,,
HARD_HAT_PIC_TOOLS_69,,
TEACHING_POINTER_PIC_TOOLS_69,,
SCAPEL_PIC_TOOLS_69,,
STAPLER_PIC_SUPPLIES_70,,
TAPE_DISPENSER_PIC_SUPPLIES_70,,
PAPERCLIP_PIC_SUPPLIES_70,,
NOTEBOOK_PIC_SUPPLIES_70,,
RUBBER_STAMP_PIC_SUPPLIES_70,,
FILE_FOLDER_PIC_SUPPLIES_70,,
PENCIL_PIC_SUPPLIES_70,,
CALCULATOR_PIC_SUPPLIES_70,,
BOWL_PIC_UTENSILS_71,,
PLATE_PIC_UTENSILS_71,,
CHOPSTICKS_PIC_UTENSILS_71,,
SPOON_PIC_UTENSILS_71,,
FORK_PIC_UTENSILS_71,,
CUP_PIC_UTENSILS_71,,
DINNER_KNIFE_PIC_UTENSILS_71,,
PLACEMAT_PIC_UTENSILS_71,,
CANVAS_PIC_ARTS_72,,
PALETTE_PIC_ARTS_72,,
SCULPTURE_PIC_ARTS_72,,
CAMERA_PIC_ARTS_72,,
FILM_PIC_ARTS_72,,
SHEET_MUSIC_PIC_ARTS_72,,
STAGE_CURTAIN_PIC_ARTS_72,,
MASK_PIC_ARTS_72,,
COMPASS_PIC_SURVIVAL_73,,
FLASHLIGHT_PIC_SURVIVAL_73,,
TENT_PIC_SURVIVAL_73,,
MATCHES_PIC_SURVIVAL_73,,
MULTI_TOOL_PIC_SURVIVAL_73,,
WATER_BOTTLE_PIC_SURVIVAL_73,,
ROPE_PIC_SURVIVAL_73,,
FIRST_AID_KIT_PIC_SURVIVAL_73,,
FLOUR_PIC_BAKING_74,,
EGGS_PIC_BAKING_74,,
SUGAR_PIC_BAKING_74,,
BUTTER_PIC_BAKING_74,,
YEAST_PIC_BAKING_74,,
CHOCOLATE_CHIPS_PIC_BAKING_74,,
VANILLA_EXTRACT_PIC_BAKING_74,,
CREAM_PIC_BAKING_74,,
THERMOMETER_PIC_MEDICAL_75,,
MASK_PIC_MEDICAL_75,,
SYRINGE_PIC_MEDICAL_75,,
PILLS_PIC_MEDICAL_75,,
BANDAGE_PIC_MEDICAL_75,,
WHEELCHAIR_PIC_MEDICAL_75,,
BLOOD_PRESSURE_MONITOR_PIC_MEDICAL_75,,
FIRST_AID_KIT_PIC_MEDICAL_75,,
REUSABLE_BAG_PIC_ECO_ITEMS_76,,
BIODEGRADABLE_UTENSILS_PIC_ECO_ITEMS_76,,
SOLAR_PANEL_PIC_ECO_ITEMS_76,,
WINDMILL_PIC_ECO_ITEMS_76,,
RECYCLING_BIN_PIC_ECO_ITEMS_76,,
BICYCLE_PIC_ECO_ITEMS_76,,
WATER_SAVING_FAUCET_PIC_ECO_ITEMS_76,,
LED_LIGHT_PIC_ECO_ITEMS_76,,
WALL_CLOCK_PIC_DECOR_77,,
PHOTO_FRAME_PIC_DECOR_77,,
RUG_PIC_DECOR_77,,
VASE_PIC_DECOR_77,,
WALL_ART_PIC_DECOR_77,,
CURTAINS_PIC_DECOR_77,,
THROW_PILLOW_PIC_DECOR_77,,
SCENTED_CANDLE_PIC_DECOR_77,,
SURFBOARD_PIC_AQUATICS_78,,
DIVING_MASK_PIC_AQUATICS_78,,
KAYAK_PIC_AQUATICS_78,,
LIFE_RING_PIC_AQUATICS_78,,
WETSUIT_PIC_AQUATICS_78,,
SAILBOAT_PIC_AQUATICS_78,,
PADDLEBOARD_PIC_AQUATICS_78,,
LIFE_JACKET_PIC_AQUATICS_78,,
CHECKMARK_PIC_ICONS_79,,
CROSS_PIC_ICONS_79,,
CIRCLE_PIC_ICONS_79,,
ARROW_PIC_ICONS_79,,
HEART_PIC_ICONS_79,,
STAR_PIC_ICONS_79,,
LOCK_ICON_PIC_ICONS_79,,
ENVELOPE_ICON_PIC_ICONS_79,,
JACK_O_LANTERN_PIC_HALLOWEEN_80,,
GHOST_PIC_HALLOWEEN_80,,
BAT_PIC_HALLOWEEN_80,,
BLACK_CAT_PIC_HALLOWEEN_80,,
WITCH_HAT_PIC_HALLOWEEN_80,,
SPIDER_WEB_PIC_HALLOWEEN_80,,
CANDY_BUCKET_PIC_HALLOWEEN_80,,
SKELETON_PIC_HALLOWEEN_80,,
