\ufeffid,basic_card_name_en,ko-KR
DOG_WORD_PETS_2,Dog,개
HAMSTER_WORD_PETS_2,Hamster,햄스터
CAT_WORD_PETS_2,Cat,고양이
PARROT_WORD_PETS_2,Parrot,앵무새
HOT_DOG_WORD_FOOD_3,Hot dog,핫도그
PIZZA_WORD_FOOD_3,Pizza,피자
BURGER_WORD_FOOD_3,Burger,버거
FRIES_WORD_FOOD_3,Fries,감자튀김
PEONY_WORD_FLOWERS_4,Peony,모란
LILY_WORD_FLOWERS_4,Lily,백합
ROSE_WORD_FLOWERS_4,Rose,장미
TULIP_WORD_FLOWERS_4,Tulip,튤립
WESTERN_WORD_CINEMA_6,Western,서부극
DRAMA_WORD_CINEMA_6,Drama,드라마
COMEDY_WORD_CINEMA_6,Comedy,코미디
HORROR_WORD_CINEMA_6,Horror,호러
POPCORN_WORD_CINEMA_6,Action,액션
TICKET_WORD_CINEMA_6,Romance,로맨스
BEEF_WORD_BURGER_8,Beef,소고기
BUN_WORD_BURGER_8,Bun,번
SAUCE_WORD_BURGER_8,Sauce,소스
CHEESE_WORD_BURGER_8,Cheese,치즈
PAGE_WORD_BOOK_9,Page,페이지
PAPER_WORD_BOOK_9,Paper,종이
COVER_WORD_BOOK_9,Cover,표지
ASIA_WORD_LANDMASS_10,Asia,아시아
AFRICA_WORD_LANDMASS_10,Africa,아프리카
EUROPE_WORD_LANDMASS_10,Europe,유럽
SODA_WORD_DRINKS_16,Soda,소다
ESPRESSO_WORD_DRINKS_16,Espresso,에스프레소
LEMONADE_WORD_DRINKS_16,Lemonade,레모네이드
JUICE_WORD_DRINKS_16,Juice,주스
PAWN_WORD_CHESS_17,Pawn,폰
ROOK_WORD_CHESS_17,Rook,룩
BISHOP_WORD_CHESS_17,Bishop,비숍
QUEEN_WORD_CHESS_17,Queen,퀸
SPRING_WORD_SEASONS_18,Spring,봄
AUTUMN_WORD_SEASONS_18,Autumn,가을
WINTER_WORD_SEASONS_18,Winter,겨울
SUMMER_WORD_SEASONS_18,Summer,여름
ROD_WORD_FISHING_20,Rod,낚싯대
BOBBER_WORD_FISHING_20,Bobber,찌
BAIT_WORD_FISHING_20,Bait,미끼
JAMAICA_WORD_ISLANDS_21,Jamaica,자메이카
ICELAND_WORD_ISLANDS_21,Iceland,아이슬란드
SICILY_WORD_ISLANDS_21,Sicily,시칠리아
HAWAII_WORD_ISLANDS_21,Hawaii,하와이
BALI_WORD_ISLANDS_21,Bali,발리
IBIZA_WORD_ISLANDS_21,Ibiza,이비자
CRETE_WORD_ISLANDS_21,Crete,크레타
BARBADOS_WORD_ISLANDS_21,Barbados,바베이도스
RUMBA_WORD_DANCES_24,Rumba,룸바
TANGO_WORD_DANCES_24,Tango,탱고
SALSA_WORD_DANCES_24,Salsa,살사
WALTZ_WORD_DANCES_24,Waltz,왈츠
SAMBA_WORD_DANCES_24,Samba,삼바
FLAMENCO_WORD_DANCES_24,Flamenco,플라멩코
MOSQUITO_WORD_INSECTS_25,Mosquito,모기
LADYBUG_WORD_INSECTS_25,Ladybug,무당벌레
MOTH_WORD_INSECTS_25,Moth,나방
WASP_WORD_INSECTS_25,Wasp,말벌
DRAGONFLY_WORD_INSECTS_25,Dragonfly,잠자리
ANT_WORD_INSECTS_25,Ant,개미
METAL_WORD_MATERIAL_27,Metal,금속
GLASS_WORD_MATERIAL_27,Glass,유리
PLASTIC_WORD_MATERIAL_27,Plastic,플라스틱
STONE_WORD_MATERIAL_27,Stone,돌
TERMINAL_WORD_AIRPORT_29,Terminal,터미널
RUNWAY_WORD_AIRPORT_29,Runway,활주로
GATE_WORD_AIRPORT_29,Gate,탑승구
CREAM_WORD_DAIRY_30,Cream,크림
BUTTER_WORD_DAIRY_30,Butter,버터
YOGURT_WORD_DAIRY_30,Yogurt,요거트
GOLDFISH_WORD_FISH_31,Goldfish,금붕어
TUNA_WORD_FISH_31,Tuna,참치
MARLIN_WORD_FISH_31,Marlin,새치
SARDINE_WORD_FISH_31,Sardine,정어리
EEL_WORD_FISH_31,Eel,장어
MACKEREL_WORD_FISH_31,Mackerel,고등어
GROUPER_WORD_FISH_31,Grouper,다금바리
PERCH_WORD_FISH_31,Perch,퍼치
ITALY_WORD_MAP_32,Italy,이탈리아
INDIA_WORD_MAP_32,India,인도
AUSTRALIA_WORD_MAP_32,Australia,호주
FRANCE_WORD_MAP_32,France,프랑스
USA_WORD_MAP_32,USA,미국
UK_WORD_MAP_32,UK,영국
CYPRUS_WORD_MAP_32,Cyprus,키프로스
JAPAN_WORD_MAP_32,Japan,일본
ARMOR_WORD_KNIGHT_34,Armor,갑옷
HELMET_WORD_KNIGHT_34,Helmet,투구
SHIELD_WORD_KNIGHT_34,Shield,방패
WEAPON_WORD_KNIGHT_34,Weapon,무기
DESTRIER_WORD_KNIGHT_34,Destrier,군마
CHIVALRY_WORD_KNIGHT_34,Chivalry,기사도
SHOOTER_WORD_GAMER_36,Shooter,슈팅
ARCADE_WORD_GAMER_36,Arcade,아케이드
STRATEGY_WORD_GAMER_36,Strategy,전략
SCORE_WORD_GAMER_36,Score,점수
DRYER_WORD_DEVICE_38,Dryer,건조기
PRINTER_WORD_DEVICE_38,Printer,프린터
FAX_WORD_DEVICE_38,Fax,팩스
HEATER_WORD_DEVICE_38,Heater,히터
MANSION_WORD_HOUSE_40,Mansion,대저택
PALACE_WORD_HOUSE_40,Palace,궁전
VILLA_WORD_HOUSE_40,Villa,별장
PILOT_WORD_JOBS_42,Pilot,조종사
MAILMAN_WORD_JOBS_42,Mailman,우편배달부
DOCTOR_WORD_JOBS_42,Doctor,의사
WELDER_WORD_JOBS_42,Welder,용접공
ENGINEER_WORD_JOBS_42,Engineer,엔지니어
PLUMBER_WORD_JOBS_42,Plumber,배관공
ACTOR_WORD_JOBS_42,Actor,배우
NURSE_WORD_JOBS_42,Nurse,간호사
SANDALS_WORD_FOOTWEAR_46,Sandals,샌들
UGGS_WORD_FOOTWEAR_46,Uggs,어그부츠
SLIPPERS_WORD_FOOTWEAR_46,Slippers,슬리퍼
CLOGS_WORD_FOOTWEAR_46,Clogs,나막신
LOAFERS_WORD_FOOTWEAR_46,Loafers,로퍼
SNEAKERS_WORD_FOOTWEAR_46,Sneakers,스니커즈
CAR_WORD_DRIVING_49,Car,자동차
ROAD_WORD_DRIVING_49,Road,도로
SIGN_WORD_DRIVING_49,Sign,표지판
TRAFFIC_WORD_DRIVING_49,Traffic,교통
VESPUCCI_WORD_EXPLORER_51,Vespucci,베스푸치
MAGELLAN_WORD_EXPLORER_51,Magellan,마젤란
COLUMBUS_WORD_EXPLORER_51,Columbus,콜럼버스
KICK_WORD_MOVEMENT_52,Kick,차기
WALK_WORD_MOVEMENT_52,Walk,걷기
JUMP_WORD_MOVEMENT_52,Jump,점프
SOLID_WORD_PHASE_57,Solid,고체
LIQUID_WORD_PHASE_57,Liquid,액체
GAS_WORD_PHASE_57,Gas,기체
COMFY_WORD_COZY_58,Comfy,편안함
WARM_WORD_COZY_58,Warm,따뜻함
SNUG_WORD_COZY_58,Snug,아늑함
ARIES_WORD_ZODIAC_59,Aries,양자리
TAURUS_WORD_ZODIAC_59,Taurus,황소자리
GEMINI_WORD_ZODIAC_59,Gemini,쌍둥이자리
LEO_WORD_ZODIAC_59,Leo,사자자리
VIRGO_WORD_ZODIAC_59,Virgo,처녀자리
LIBRA_WORD_ZODIAC_59,Libra,천칭자리
SCORPIO_WORD_ZODIAC_59,Scorpio,전갈자리
PISCES_WORD_ZODIAC_59,Pisces,물고기자리
FRIGATE_WORD_SHIP_62,Frigate,프리깃
CARAVEL_WORD_SHIP_62,Caravel,카라벨
GALLEON_WORD_SHIP_62,Galleon,갈레온
BRIG_WORD_SHIP_62,Brig,브리그
TANKER_WORD_SHIP_62,Tanker,유조선
TUGBOAT_WORD_SHIP_62,Tugboat,예인선
STAMP_WORD_MAILMAN_63,Stamp,우표
ENVELOPE_WORD_MAILMAN_63,Envelope,봉투
LETTER_WORD_MAILMAN_63,Letter,편지
MAIL_WORD_MAILMAN_63,Mail,우편
SEAL_WORD_MAILMAN_63,Seal,봉인
INK_WORD_MAILMAN_63,Ink,잉크
BUST_WORD_SCULPT_64,Bust,흉상
FIGURINE_WORD_SCULPT_64,Figurine,조각상
STATUE_WORD_SCULPT_64,Statue,동상
MONUMENT_WORD_SCULPT_64,Monument,기념비
ENGLISH_WORD_LANGUAGE_70,English,영어
ITALIAN_WORD_LANGUAGE_70,Italian,이탈리아어
HINDI_WORD_LANGUAGE_70,Hindi,힌디어
JAPANESE_WORD_LANGUAGE_70,Japanese,일본어
HEBREW_WORD_LANGUAGE_70,Hebrew,히브리어
DANISH_WORD_LANGUAGE_70,Danish,덴마크어
LATIN_WORD_LANGUAGE_70,Latin,라틴어
POLISH_WORD_LANGUAGE_70,Polish,폴란드어
LENS_WORD_CAMERA_73,Lens,렌즈
FLASH_WORD_CAMERA_73,Flash,플래시
ZOOM_WORD_CAMERA_73,Zoom,줌
FILTER_WORD_CAMERA_73,Filter,필터
SHUTTER_WORD_CAMERA_73,Shutter,셔터
EXPOSURE_WORD_CAMERA_73,Exposure,노출
MIST_WORD_FOG_76,Mist,안개
HAZE_WORD_FOG_76,Haze,연무
SMOG_WORD_FOG_76,Smog,스모그
VAPOR_WORD_FOG_76,Vapor,증기
SLEET_WORD_SNOW_77,Sleet,진눈깨비
FLAKE_WORD_SNOW_77,Flake,눈송이
ICEBERG_WORD_SNOW_77,Frost,서리
HEDGEHOG_WORD_SPIKY_78,Hedgehog,고슴도치
CACTUS_WORD_SPIKY_78,Cactus,선인장
DURIAN_WORD_SPIKY_78,Durian,두리안
DOVE_WORD_BIRDS_80,Dove,비둘기
EAGLE_WORD_BIRDS_80,Eagle,독수리
SWAN_WORD_BIRDS_80,Swan,백조
OWL_WORD_BIRDS_80,Owl,올빼미
HERON_WORD_BIRDS_80,Heron,왜가리
ROBIN_WORD_BIRDS_80,Robin,울새
FINCH_WORD_BIRDS_80,Finch,핀치
VULTURE_WORD_BIRDS_80,Vulture,독수리
SARTRE_WORD_MINDS_82,Sartre,사르트르
DANTE_WORD_MINDS_82,Dante,단테
PLATO_WORD_MINDS_82,Plato,플라톤
SOCRATES_WORD_MINDS_82,Socrates,소크라테스
GALILEO_WORD_MINDS_82,Galileo,갈릴레오
KANT_WORD_MINDS_82,Kant,칸트
PUCK_WORD_HOCKEY_86,Puck,퍽
PENALTY_WORD_HOCKEY_86,Penalty,페널티
GOAL_WORD_HOCKEY_86,Goal,골
RINK_WORD_HOCKEY_86,Rink,링크
COUPLE_WORD_DATE_87,Couple,커플
TUXEDO_WORD_DATE_87,Wine,와인
FLOWERS_WORD_DATE_87,Flowers,꽃
TEETH_WORD_SAW_88,Teeth,톱니
BLADE_WORD_SAW_88,Blade,날
NOTCH_WORD_SAW_88,Notch,홈
OLDMAN_WORD_ACTOR_89,Oldman,올드만
PITT_WORD_ACTOR_89,Pitt,피트
EASTWOOD_WORD_ACTOR_89,Eastwood,이스트우드
HANKS_WORD_ACTOR_89,Hanks,행크스
CROWE_WORD_ACTOR_89,Crowe,크로우
CRUISE_WORD_ACTOR_89,Cruise,크루즈
DICAPRIO_WORD_ACTOR_89,DiCaprio,디카프리오
WAHLBERG_WORD_ACTOR_89,Wahlberg,월버그
MERCURY_WORD_PLANET_90,Mercury,수성
JUPITER_WORD_PLANET_90,Jupiter,목성
SATURN_WORD_PLANET_90,Saturn,토성
URANUS_WORD_PLANET_90,Uranus,천왕성
NEPTUNE_WORD_PLANET_90,Neptune,해왕성
MARS_WORD_PLANET_90,Mars,화성
EARTH_WORD_PLANET_90,Earth,지구
VENUS_WORD_PLANET_90,Venus,금성
BIOLOGY_WORD_LESSONS_94,Biology,생물
PHYSICS_WORD_LESSONS_94,Physics,물리
GEOMETRY_WORD_LESSONS_94,Geometry,기하
ALGEBRA_WORD_LESSONS_94,Algebra,대수
HISTORY_WORD_LESSONS_94,History,역사
CALCULUS_WORD_LESSONS_94,Calculus,미적분
TABLETS_WORD_PILLS_99,Tablets,정제
CAPSULES_WORD_PILLS_99,Capsules,캡슐
LOZENGES_WORD_PILLS_99,Lozenges,트로키
CLOUDS_WORD_RAINY_100,Clouds,구름
SHOWERS_WORD_RAINY_100,Showers,소나기
PUDDLES_WORD_RAINY_100,Puddles,웅덩이
CIABATTA_WORD_BREADS_102,Ciabatta,치아바타
BAGUETTE_WORD_BREADS_102,Baguette,바게트
FOCACCIA_WORD_BREADS_102,Focaccia,포카치아
PITA_WORD_BREADS_102,Pita,피타
CHALLAH_WORD_BREADS_102,Challah,할라
TORTILLA_WORD_BREADS_102,Tortilla,토르티야
BRIOCHE_WORD_BREADS_102,Brioche,브리오슈
AREPA_WORD_BREADS_102,Arepa,아레파
GYRUS_WORD_BRAIN_106,Gyrus,뇌이랑
CORTEX_WORD_BRAIN_106,Cortex,피질
LOBE_WORD_BRAIN_106,Lobe,뇌엽
HYDROGEN_WORD_ELEMENTS_107,Hydrogen,수소
NITROGEN_WORD_ELEMENTS_107,Nitrogen,질소
SULFUR_WORD_ELEMENTS_107,Sulfur,황
CARBON_WORD_ELEMENTS_107,Carbon,탄소
SODIUM_WORD_ELEMENTS_107,Sodium,나트륨
SILICON_WORD_ELEMENTS_107,Silicon,규소
IODINE_WORD_ELEMENTS_107,Iodine,요오드
OXYGEN_WORD_ELEMENTS_107,Oxygen,산소
BRIE_WORD_CHEESE_108,Brie,브리
FETA_WORD_CHEESE_108,Feta,페타
GOUDA_WORD_CHEESE_108,Gouda,고다
CHEDDAR_WORD_CHEESE_108,Cheddar,체다
PARMESAN_WORD_CHEESE_108,Parmesan,파르메산
RICOTTA_WORD_CHEESE_108,Ricotta,리코타
EDAM_WORD_CHEESE_108,Edam,에담
DORBLU_WORD_CHEESE_108,Swiss,스위스 치즈
WORKOUT_WORD_FITNESS_110,Workout,운동
YOGA_WORD_FITNESS_110,Yoga,요가
PILATES_WORD_FITNESS_110,Pilates,필라테스
JOGGING_WORD_FITNESS_110,Jogging,조깅
GYM_WORD_FITNESS_110,Gym,헬스장
CARDIO_WORD_FITNESS_110,Cardio,유산소
BICEPS_WORD_MUSCLES_112,Biceps,이두근
DELTOIDS_WORD_MUSCLES_112,Deltoids,삼각근
ABS_WORD_MUSCLES_112,Abs,복근
TRICEPS_WORD_MUSCLES_112,Triceps,삼두근
SCARAB_WORD_EGYPT_114,Scarab,스카라브
PHARAOH_WORD_EGYPT_114,Pharaoh,파라오
PAPYRUS_WORD_EGYPT_114,Papyrus,파피루스
PYRAMID_WORD_EGYPT_114,Pyramid,피라미드
MULBERRY_WORD_BERRY_116,Mulberry,뽕나무 열매
BILBERRY_WORD_BERRY_116,Bilberry,빌베리
BARBERRY_WORD_BERRY_116,Barberry,매자나무
ATHENS_WORD_CAPITALS_119,Athens,아테네
PRAGUE_WORD_CAPITALS_119,Prague,프라하
MADRID_WORD_CAPITALS_119,Madrid,마드리드
RIYADH_WORD_CAPITALS_119,Riyadh,리야드
OTTAWA_WORD_CAPITALS_119,Ottawa,오타와
ROME_WORD_CAPITALS_119,Rome,로마
OSLO_WORD_CAPITALS_119,Oslo,오슬로
CAIRO_WORD_CAPITALS_119,Cairo,카이로
POWDER_WORD_MAKEUP_120,Powder,파우더
SPONGE_WORD_MAKEUP_120,Sponge,스펀지
PALETTE_WORD_MAKEUP_120,Palette,팔레트
SERUM_WORD_MAKEUP_120,Serum,세럼
PEEL_WORD_MAKEUP_120,Peel,필링
BLUSH_WORD_MAKEUP_120,Blush,블러시
SAVATE_WORD_COMBAT_121,Savate,사바트
JUDO_WORD_COMBAT_121,Judo,유도
KARATE_WORD_COMBAT_121,Karate,가라테
KUNG_FU_WORD_COMBAT_121,Kung fu,쿵푸
SUMO_WORD_COMBAT_121,Sumo,스모
SILAT_WORD_COMBAT_121,Silat,실랏
CHORDS_WORD_GUITAR_122,Chords,코드
PICKUPS_WORD_GUITAR_122,Pickups,픽업
STRINGS_WORD_GUITAR_122,Strings,줄
RIFFS_WORD_GUITAR_122,Riffs,리프
POINTE_WORD_BALLET_125,Pointe,포인트
TUTU_WORD_BALLET_125,Tutu,튀튀
BARRE_WORD_BALLET_125,Barre,바
ALLIANCE_WORD_UNITE_126,Alliance,동맹
LEAGUE_WORD_UNITE_126,League,리그
UNION_WORD_UNITE_126,Union,연합
JEWELRY_WORD_LUXURY_133,Jewelry,보석
WATCH_WORD_LUXURY_133,Watch,시계
CAVIAR_WORD_LUXURY_133,Caviar,캐비어
YACHT_WORD_LUXURY_133,Yacht,요트
SAVANNA_WORD_BIOMES_135,Savanna,사바나
TUNDRA_WORD_BIOMES_135,Tundra,툰드라
TAIGA_WORD_BIOMES_135,Taiga,타이가
SRIRACHA_WORD_SPICY_136,Sriracha,스리라차
WASABI_WORD_SPICY_136,Wasabi,와사비
HABANERO_WORD_SPICY_136,Habanero,하바네로
COCKPIT_WORD_PLANE_139,Cockpit,조종석
SEATBELT_WORD_PLANE_139,Seatbelt,안전벨트
WINGS_WORD_PLANE_139,Wings,날개
ENGINE_WORD_PLANE_139,Engine,엔진
RUDDER_WORD_PLANE_139,Rudder,방향타
FUSELAGE_WORD_PLANE_139,Fuselage,동체
AILERON_WORD_PLANE_139,Aileron,보조날개
FLY_WORD_PLANE_139,Fly,비행
BEAVER_WORD_RODENTS_141,Beaver,비버
MARMOT_WORD_RODENTS_141,Marmot,마멋
NUTRIA_WORD_RODENTS_141,Nutria,뉴트리아
SQUIRREL_WORD_RODENTS_141,Squirrel,다람쥐
CAPYBARA_WORD_RODENTS_141,Capybara,카피바라
RAT_WORD_RODENTS_141,Rat,쥐
SOLAR_WORD_ENERGY_145,Solar,태양 에너지
NUCLEAR_WORD_ENERGY_145,Nuclear,원자력
KINETIC_WORD_ENERGY_145,Kinetic,운동 에너지
THERMAL_WORD_ENERGY_145,Thermal,열에너지
ESSAY_WORD_ARTICLES_147,Essay,수필
REVIEW_WORD_ARTICLES_147,Review,리뷰
OPINION_WORD_ARTICLES_147,Opinion,의견
TSUNAMI_WORD_DISASTER_148,Tsunami,쓰나미
TORNADO_WORD_DISASTER_148,Tornado,토네이도
FLOOD_WORD_DISASTER_148,Flood,홍수
GORILLA_WORD_PRIMATES_149,Gorilla,고릴라
GIBBON_WORD_PRIMATES_149,Gibbon,긴팔원숭이
BABOON_WORD_PRIMATES_149,Baboon,비비
LEMUR_WORD_PRIMATES_149,Lemur,여우원숭이
MACAQUE_WORD_PRIMATES_149,Macaque,마카크
SIMIAN_WORD_PRIMATES_149,Simian,유인원
MANDRILL_WORD_PRIMATES_149,Mandrill,맨드릴
TARSIER_WORD_PRIMATES_149,Tarsier,안경원숭이
PYTHON_WORD_CODING_150,Python,Python
JAVA_WORD_CODING_150,Java,Java
RUBY_WORD_CODING_150,Ruby,Ruby
SWIFT_WORD_CODING_150,Swift,Swift
SCRIPT_WORD_CODING_150,Script,Script
PHP_WORD_CODING_150,PHP,PHP
SQL_WORD_CODING_150,SQL,SQL
BUGS_WORD_CODING_150,Bugs,Bug
LYRICS_WORD_RAP_151,Lyrics,가사
VERSE_WORD_RAP_151,Verse,벌스
RHYME_WORD_RAP_151,Rhyme,라임
PUNCH_WORD_RAP_151,Punch,펀치라인
NIAGARA_WORD_WATER_152,Niagara,나이아가라
VICTORIA_WORD_WATER_152,Victoria,빅토리아
YOSEMITE_WORD_WATER_152,Yosemite,요세미티
HAVASU_WORD_WATER_152,Havasu,하바수
YO_YO_WORD_TOYS_154,Yo-yo,요요
SPINNER_WORD_TOYS_154,Spinner,팽이
DOLL_WORD_TOYS_154,Doll,인형
SERGEANT_WORD_ARMY_156,Sergeant,하사
MAJOR_WORD_ARMY_156,Major,소령
GENERAL_WORD_ARMY_156,General,장군
COLONEL_WORD_ARMY_156,Colonel,대령
PRIVATE_WORD_ARMY_156,Private,이등병
CORPORAL_WORD_ARMY_156,Corporal,상병
CAPTAIN_WORD_ARMY_156,Captain,대위
RANK_WORD_ARMY_156,Rank,계급
ZEN_WORD_MEDITATE_160,Zen,선
BREATH_WORD_MEDITATE_160,Breath,호흡
PEACE_WORD_MEDITATE_160,Peace,평화
MANTRA_WORD_MEDITATE_160,Mantra,만트라
FAMOUS_WORD_FAME_161,Famous,유명
ICONIC_WORD_FAME_161,Iconic,상징적
POPULAR_WORD_FAME_161,Popular,인기
RENOWN_WORD_FAME_161,Renown,명성
SYNTAX_WORD_LINGUIST_162,Syntax,구문
POLYGLOT_WORD_LINGUIST_162,Polyglot,다국어 화자
GRAMMAR_WORD_LINGUIST_162,Grammar,문법
SCHOLAR_WORD_LINGUIST_162,Scholar,학자
EASTER_WORD_HOLIDAY_163,Easter,부활절
NEW_YEAR_WORD_HOLIDAY_163,New Year,새해
FLAG_DAY_WORD_HOLIDAY_163,Flag Day,국기의 날
DUMBBELL_WORD_GYM_164,Dumbbell,덤벨
BARBELL_WORD_GYM_164,Barbell,바벨
AIR_BIKE_WORD_GYM_164,Air bike,에어바이크
PERICLES_WORD_WILLIAM_165,Pericles,페리클리즈
MACBETH_WORD_WILLIAM_165,Macbeth,맥베스
HAMLET_WORD_WILLIAM_165,Hamlet,햄릿
OTHELLO_WORD_WILLIAM_165,Othello,오셀로
JULIET_WORD_WILLIAM_165,Juliet,줄리엣
ROMEO_WORD_WILLIAM_165,Romeo,로미오
TEMPEST_WORD_WILLIAM_165,Tempest,템페스트
HENRY_V_WORD_WILLIAM_165,Henry V,헨리 5세
WOLF_WORD_CANINES_168,Wolf,늑대
COYOTE_WORD_CANINES_168,Coyote,코요테
DINGO_WORD_CANINES_168,Dingo,딩고
JACKAL_WORD_CANINES_168,Jackal,자칼
FOX_WORD_CANINES_168,Fox,여우
DHOLE_WORD_CANINES_168,Dhole,승냥이
HARVARD_WORD_STUDIES_169,Harvard,하버드
STANFORD_WORD_STUDIES_169,Stanford,스탠퍼드
OXFORD_WORD_STUDIES_169,Oxford,옥스퍼드
YALE_WORD_STUDIES_169,Yale,예일
SORBONNE_WORD_STUDIES_169,Sorbonne,소르본
MIT_WORD_STUDIES_169,MIT,MIT
LEMON_WORD_CITRUS_173,Lemon,레몬
LIME_WORD_CITRUS_173,Lime,라임
POMELO_WORD_CITRUS_173,Pomelo,자몽
GLIDER_WORD_AIRCRAFT_174,Glider,글라이더
JETLINER_WORD_AIRCRAFT_174,Jetliner,제트여객기
AIRPLANE_WORD_AIRCRAFT_174,Airplane,비행기
MERLOT_WORD_GRAPE_177,Merlot,메를로
RIESLING_WORD_GRAPE_177,Riesling,리슬링
SHIRAZ_WORD_GRAPE_177,Shiraz,시라즈
GRENACHE_WORD_GRAPE_177,Grenache,그르나슈
MUSCAT_WORD_GRAPE_177,Muscat,머스캣
MALBEC_WORD_GRAPE_177,Malbec,말벡
AMANITA_WORD_MUSHROOM_178,Amanita,광대버섯
PORCINI_WORD_MUSHROOM_178,Porcini,포르치니
RUSSULA_WORD_MUSHROOM_178,Russula,무당버섯
TRUFFLE_WORD_MUSHROOM_178,Truffle,트러플
ENOKI_WORD_MUSHROOM_178,Enoki,팽이버섯
SHIITAKE_WORD_MUSHROOM_178,Shiitake,표고버섯
WALRUS_WORD_ARCTIC_180,Walrus,바다코끼리
POLAR_BEAR_WORD_ARCTIC_180,Polar bear,북극곰
SNOWY_OWL_WORD_ARCTIC_180,Snowy owl,흰올빼미
REINDEER_WORD_ARCTIC_180,Reindeer,순록
PIT_STOP_WORD_RACING_182,Pit stop,피트스톱
FINISH_WORD_RACING_182,Finish,피니시
SPEEDWAY_WORD_RACING_182,Speedway,스피드웨이
ASSIST_WORD_HELP_183,Assist,도움
SUPPORT_WORD_HELP_183,Support,지원
DONATE_WORD_HELP_183,Donate,기부
OPAL_WORD_GEMSTONE_186,Opal,오팔
RUBY_WORD_GEMSTONE_186,Ruby,루비
TOPAZ_WORD_GEMSTONE_186,Topaz,토파즈
SAPPHIRE_WORD_GEMSTONE_186,Sapphire,사파이어
GARNET_WORD_GEMSTONE_186,Garnet,가넷
DIAMOND_WORD_GEMSTONE_186,Diamond,다이아몬드
ONYX_WORD_GEMSTONE_186,Onyx,오닉스
AGATE_WORD_GEMSTONE_186,Agate,마노
ORION_WORD_PATTERN_188,Orion,오리온자리
PERSEUS_WORD_PATTERN_188,Perseus,페르세우스자리
DRACO_WORD_PATTERN_188,Draco,용자리
SCORPIUS_WORD_PATTERN_188,Scorpius,전갈자리
CYGNUS_WORD_PATTERN_188,Cygnus,백조자리
SERPENS_WORD_PATTERN_188,Serpens,뱀자리
GASOLINE_WORD_FUELS_190,Gasoline,휘발유
DIESEL_WORD_FUELS_190,Diesel,디젤
COAL_WORD_FUELS_190,Coal,석탄
PROPANE_WORD_FUELS_190,Propane,프로판
KEROSENE_WORD_FUELS_190,Kerosene,등유
VOTER_WORD_ELECT_193,Voter,유권자
BALLOT_WORD_ELECT_193,Ballot,투표용지
CAMPAIGN_WORD_ELECT_193,Campaign,선거운동
TURNOUT_WORD_ELECT_193,Turnout,투표율
KING_WORD_CROWN_194,King,왕
EMPEROR_WORD_CROWN_194,Emperor,황제
MAHARAJA_WORD_CROWN_194,Maharaja,마하라자
KENNEDY_WORD_LEADER_196,Washington,워싱턴
CLINTON_WORD_LEADER_196,Jefferson,제퍼슨
LINCOLN_WORD_LEADER_196,Lincoln,링컨
REAGAN_WORD_LEADER_196,Roosevelt,루스벨트
BUSH_WORD_LEADER_196,Wilson,윌슨
OBAMA_WORD_LEADER_196,Jackson,잭슨
ADAMS_WORD_LEADER_196,Adams,애덤스
BIDEN_WORD_LEADER_196,Madison,매디슨
SOFT_BUN_WORD_HOT_DOG_201,Soft bun,소프트번
SAUSAGE_WORD_HOT_DOG_201,Sausage,소시지
KETCHUP_WORD_HOT_DOG_201,Ketchup,케첩
DECODE_WORD_CIPHER_208,Decode,복호화
ENCODE_WORD_CIPHER_208,Encode,암호화
KEYWORD_WORD_CIPHER_208,Keyword,키워드
PASSWORD_WORD_CIPHER_208,Password,비밀번호
HARMONY_WORD_SYMPHONY_210,Harmony,화성
OVERTURE_WORD_SYMPHONY_210,Overture,서곡
MELODY_WORD_SYMPHONY_210,Melody,선율
PHOTO_WORD_ARTWORKS_211,Photo,사진
DRAWING_WORD_ARTWORKS_211,Drawing,소묘
PAINTING_WORD_ARTWORKS_211,Painting,회화
HAMMER_WORD_AUCTION_215,Hammer,망치
LOT_WORD_AUCTION_215,Lot,출품
BID_WORD_AUCTION_215,Bid,입찰
PRICE_WORD_AUCTION_215,Price,가격
CATALOG_WORD_AUCTION_215,Catalog,카탈로그
BIDDER_WORD_AUCTION_215,Bidder,입찰자
EXCELSA_WORD_BEANS_219,Excelsa,엑셀사
ROBUSTA_WORD_BEANS_219,Robusta,로부스타
LIBERICA_WORD_BEANS_219,Liberica,리베리카
ARABICA_WORD_BEANS_219,Arabica,아라비카
TENT_WORD_CAMPING_221,Tent,텐트
CAMPFIRE_WORD_CAMPING_221,Campfire,모닥불
HAMMOCK_WORD_CAMPING_221,Hammock,해먹
ORGAN_WORD_PLAY_223,Organ,오르간
VIOLIN_WORD_PLAY_223,Violin,바이올린
UKULELE_WORD_PLAY_223,Ukulele,우쿨렐레
DRUM_WORD_PLAY_223,Drum,드럼
PIANO_WORD_PLAY_223,Piano,피아노
FLUTE_WORD_PLAY_223,Flute,플루트
GUITAR_WORD_PLAY_223,Guitar,기타
CELLO_WORD_PLAY_223,Cello,첼로
BANK_WORD_FINANCE_227,Bank,은행
INCOME_WORD_FINANCE_227,Income,수입
EXPENSE_WORD_FINANCE_227,Expense,지출
MONEY_WORD_FINANCE_227,Money,돈
KINGDOM_WORD_MEDIEVAL_228,Kingdom,왕국
LORD_WORD_MEDIEVAL_228,Lord,영주
KNIGHT_WORD_MEDIEVAL_228,Knight,기사
CASTLE_WORD_MEDIEVAL_228,Castle,성
GLASSES_WORD_OPTICS_229,Glasses,안경
LENS_WORD_OPTICS_229,Lens,렌즈
MONOCLE_WORD_OPTICS_229,Monocle,모노클
SPYGLASS_WORD_OPTICS_229,Spyglass,망원경
SIGNPOST_WORD_NAVIGATE_230,Signpost,이정표
SEXTANT_WORD_NAVIGATE_230,Sextant,육분의
COMPASS_WORD_NAVIGATE_230,Compass,나침반
PLAYPEN_WORD_TODDLER_231,Playpen,놀이울타리
NAP_TIME_WORD_TODDLER_231,Nap time,낮잠 시간
PACIFIER_WORD_TODDLER_231,Pacifier,공갈젖꼭지
CAPRINE_WORD_FAMILIES_234,Caprine,염소과
OVINE_WORD_FAMILIES_234,Ovine,양과
FELINE_WORD_FAMILIES_234,Feline,고양이과
EQUINE_WORD_FAMILIES_234,Equine,말과
CANINE_WORD_FAMILIES_234,Canine,개과
MURINE_WORD_FAMILIES_234,Murine,쥐과
PORCINE_WORD_FAMILIES_234,Porcine,돼지과
BOVINE_WORD_FAMILIES_234,Bovine,소과
ALTAIR_WORD_STARS_236,Altair,알타이르
POLARIS_WORD_STARS_236,Polaris,폴라리스
SIRIUS_WORD_STARS_236,Sirius,시리우스
VEGA_WORD_STARS_236,Vega,베가
RIGEL_WORD_STARS_236,Rigel,리겔
ALKAID_WORD_STARS_236,Alkaid,알카이드
NEURAL_WORD_AI_238,Neural,뉴럴
DATASET_WORD_AI_238,Dataset,데이터셋
CHATBOT_WORD_AI_238,Chatbot,챗봇
AGENT_WORD_AI_238,Agent,에이전트
MATRIX_WORD_AI_238,Matrix,매트릭스
CORTEX_WORD_AI_238,Cortex,코텍스
REGION_WORD_DIVISION_242,Region,지역
COUNTRY_WORD_DIVISION_242,Country,나라
STATE_WORD_DIVISION_242,State,주
CITY_WORD_DIVISION_242,City,도시
DIALOGUE_WORD_SPEAK_244,Dialogue,대화
DEBATE_WORD_SPEAK_244,Debate,토론
ARGUMENT_WORD_SPEAK_244,Argument,논쟁
WAVY_WORD_HAIR_245,Wavy,웨이브
CURLY_WORD_HAIR_245,Curly,곱슬
COILY_WORD_HAIR_245,Coily,코일리
SPRAIN_WORD_INJURIES_249,Sprain,염좌
FRACTURE_WORD_INJURIES_249,Fracture,골절
BRUISE_WORD_INJURIES_249,Bruise,타박상
WOUND_WORD_INJURIES_249,Wound,상처
HEADACHE_WORD_FLU_251,Headache,두통
PILLS_WORD_FLU_251,Pills,약
COUGH_WORD_FLU_251,Cough,기침
GYPSUM_WORD_MINERALS_253,Gypsum,석고
CALCITE_WORD_MINERALS_253,Calcite,방해석
AZURITE_WORD_MINERALS_253,Azurite,남동석
MICA_WORD_MINERALS_253,Mica,운모
MARBLE_WORD_MINERALS_253,Marble,대리석
QUARTZ_WORD_MINERALS_253,Quartz,석영
LIME_WORD_MINERALS_253,Lime,석회
BERYL_WORD_MINERALS_253,Beryl,녹주석
DECAY_WORD_RADIATE_257,Decay,붕괴
FALLOUT_WORD_RADIATE_257,Fallout,낙진
CURIE_WORD_RADIATE_257,Curie,퀴리
X_RAYS_WORD_RADIATE_257,X-rays,X선
GLUCAGON_WORD_HORMONES_259,Glucagon,글루카곤
CORTISOL_WORD_HORMONES_259,Cortisol,코르티솔
INSULIN_WORD_HORMONES_259,Insulin,인슐린
GASTRIN_WORD_HORMONES_259,Gastrin,가스트린
IRIS_WORD_EYE_260,Iris,홍채
PUPIL_WORD_EYE_260,Pupil,동공
RETINA_WORD_EYE_260,Retina,망막
DIG_WORD_SHOVEL_261,Dig,파기
EXCAVATE_WORD_SHOVEL_261,Excavate,발굴
UNEARTH_WORD_SHOVEL_261,Unearth,출토
ALNICO_WORD_ALLOY_264,Alnico,알니코
AMALGAM_WORD_ALLOY_264,Amalgam,아말감
BRASS_WORD_ALLOY_264,Brass,황동
BRONZE_WORD_ALLOY_264,Bronze,청동
NICHROME_WORD_ALLOY_264,Nichrome,니크롬
TUNGSTEN_WORD_ALLOY_264,Pewter,퓨터
NITINOL_WORD_ALLOY_264,Nitinol,니티놀
STELLITE_WORD_ALLOY_264,Stellite,스텔라이트
DIWALI_WORD_FESTIVAL_270,Diwali,디왈리
HOLI_WORD_FESTIVAL_270,Holi,홀리
SONGKRAN_WORD_FESTIVAL_270,Songkran,송크란
THULIUM_WORD_METAL_272,Thulium,툴륨
HOLMIUM_WORD_METAL_272,Holmium,홀뮴
IRIDIUM_WORD_METAL_272,Iridium,이리듐
RHODIUM_WORD_METAL_272,Rhodium,로듐
YTTRIUM_WORD_METAL_272,Yttrium,이트륨
LUTETIUM_WORD_METAL_272,Lutetium,루테튬
EUROPIUM_WORD_METAL_272,Europium,유로퓸
ERBIUM_WORD_METAL_272,Erbium,어븀
INSIGNIA_WORD_ARTIFACT_276,Insignia,휘장
RELIC_WORD_ARTIFACT_276,Relic,유물
SIGIL_WORD_ARTIFACT_276,Sigil,인장
TOTEM_WORD_ARTIFACT_276,Totem,토템
AMULET_WORD_ARTIFACT_276,Amulet,부적
VASE_WORD_ARTIFACT_276,Vase,꽃병
GUARD_WORD_DEFENSE_277,Guard,경비원
CCTV_WORD_DEFENSE_277,CCTV,CCTV
SECURITY_WORD_DEFENSE_277,Security,보안
PATROL_WORD_DEFENSE_277,Patrol,순찰
ATOM_WORD_PARTICLE_281,Atom,원자
ELECTRON_WORD_PARTICLE_281,Electron,전자
NEUTRON_WORD_PARTICLE_281,Neutron,중성자
HARLEM_WORD_NEW_YORK_287,Harlem,할렘
SOHO_WORD_NEW_YORK_287,Soho,소호
TRIBECA_WORD_NEW_YORK_287,Tribeca,트라이베카
ASTORIA_WORD_NEW_YORK_287,Astoria,아스토리아
BRONX_WORD_NEW_YORK_287,Bronx,브롱크스
QUEENS_WORD_NEW_YORK_287,Queens,퀸스
BARNACLE_WORD_NO_BONES_289,Barnacle,따개비
SPIDER_WORD_NO_BONES_289,Spider,거미
SQUID_WORD_NO_BONES_289,Squid,오징어
STARFISH_WORD_NO_BONES_289,Starfish,불가사리
WORM_WORD_NO_BONES_289,Worm,지렁이
FABLE_WORD_LEGENDS_291,Fable,우화
SAGA_WORD_LEGENDS_291,Saga,사가
TALE_WORD_LEGENDS_291,Tale,이야기
EPIC_WORD_LEGENDS_291,Epic,서사시
MYTH_WORD_LEGENDS_291,Myth,신화
HI_WORD_HELLO_295,Hi,안녕
HOWDY_WORD_HELLO_295,Howdy,반가워
HEY_WORD_HELLO_295,Hey,야
DEGREE_WORD_PHD_296,Degree,학위
THESIS_WORD_PHD_296,Thesis,논문
RESEARCH_WORD_PHD_296,Research,연구
CONSENT_WORD_OK_SIGN_301,Consent,동의
OKAY_WORD_OK_SIGN_301,Okay,오케이
YES_WORD_OK_SIGN_301,Yes,네
SCALES_WORD_JUSTICE_310,Scales,저울
GAVEL_WORD_JUSTICE_310,Gavel,법봉
LAW_WORD_JUSTICE_310,Law,법률
COURT_WORD_JUSTICE_310,Court,법정
INMATE_WORD_PRISONER_312,Inmate,수감자
FELON_WORD_PRISONER_312,Felon,중죄범
DETAINEE_WORD_PRISONER_312,Detainee,피구금자
METEOR_WORD_SPACE_314,Meteor,유성
ECLIPSE_WORD_SPACE_314,Eclipse,일식
AURORA_WORD_SPACE_314,Aurora,오로라
PULSAR_WORD_SPACE_314,Pulsar,펄서
QUASAR_WORD_SPACE_314,Quasar,퀘이사
NEBULA_WORD_SPACE_314,Nebula,성운
NOVA_WORD_SPACE_314,Nova,신성
ASTEROID_WORD_SPACE_314,Asteroid,소행성
GAMBLER_WORD_WESTERN_317,Gambler,도박꾼
SHERIFF_WORD_WESTERN_317,Sheriff,보안관
COWBOY_WORD_WESTERN_317,Cowboy,카우보이
LASSO_WORD_WESTERN_317,Lasso,올가미
SALOON_WORD_WESTERN_317,Saloon,살룬
RODEO_WORD_WESTERN_317,Rodeo,로데오
SECURE_WORD_LOCK_321,Secure,안전
STURDY_WORD_LOCK_321,Sturdy,튼튼
TRUSTY_WORD_LOCK_321,Trusty,신뢰
THIGH_WORD_LEGS_322,Thigh,허벅지
KNEE_WORD_LEGS_322,Knee,무릎
ANKLE_WORD_LEGS_322,Ankle,발목
RA_WORD_PYRAMIDS_330,Ra,라
OSIRIS_WORD_PYRAMIDS_330,Osiris,오시리스
ANUBIS_WORD_PYRAMIDS_330,Anubis,아누비스
RAMSES_WORD_PYRAMIDS_330,Ramses,람세스
PICKAXE_WORD_SHAFT_331,Pickaxe,곡괭이
MINE_WORD_SHAFT_331,Mine,광산
CART_WORD_SHAFT_331,Cart,광차
PADDOCK_WORD_FARMING_333,Paddock,목장
COMPOST_WORD_FARMING_333,Compost,퇴비
FALLOW_WORD_FARMING_333,Fallow,휴경
CROP_WORD_FARMING_333,Crop,작물
HAY_WORD_FARMING_333,Hay,건초
HARVEST_WORD_FARMING_333,Harvest,수확
TOPSOIL_WORD_FARMING_333,Topsoil,표토
GRAIN_WORD_FARMING_333,Grain,곡물
SLEDDING_WORD_SLIDING_339,Sledding,썰매
SKELETON_WORD_SLIDING_339,Skeleton,스켈레톤
SKIING_WORD_SLIDING_339,Skiing,스키
SKATING_WORD_SLIDING_339,Skating,스케이팅
LUGE_WORD_SLIDING_339,Luge,루지
OIL_WORD_PAINTING_340,Oil,유화
ACRYLIC_WORD_PAINTING_340,Acrylic,아크릴
GOUACHE_WORD_PAINTING_340,Gouache,과슈
TEMPERA_WORD_PAINTING_340,Tempera,템페라
FRESCO_WORD_PAINTING_340,Fresco,프레스코
RISOTTO_WORD_RICE_342,Risotto,리소토
CONGEE_WORD_RICE_342,Congee,죽
PAELLA_WORD_RICE_342,Paella,빠에야
SUSHI_WORD_RICE_342,Sushi,스시
ROMANCE_WORD_HEART_344,Romance,로맨스
COUPLE_WORD_HEART_344,Couple,커플
PASSION_WORD_HEART_344,Passion,열정
VANS_WORD_HIPPIE_349,Vans,밴
COMMUNE_WORD_HIPPIE_349,Commune,코뮌
FREEDOM_WORD_HIPPIE_349,Freedom,자유
DRONE_WORD_ROBOT_354,Drone,드론
ROBOVAC_WORD_ROBOT_354,Robovac,로봇청소기
NANOBOT_WORD_ROBOT_354,Nanobot,나노봇
CYBORG_WORD_ROBOT_354,Cyborg,사이보그
ANDROID_WORD_ROBOT_354,Android,안드로이드
MACHINE_WORD_ROBOT_354,Machine,기계
SIGMA_WORD_GREECE_359,Sigma,시그마
DELTA_WORD_GREECE_359,Delta,델타
KAPPA_WORD_GREECE_359,Kappa,카파
MOTION_WORD_DYNAMICS_360,Motion,운동
INERTIA_WORD_DYNAMICS_360,Inertia,관성
VELOCITY_WORD_DYNAMICS_360,Velocity,속도
ONTARIO_WORD_LAKES_365,Ontario,온타리오
SUPERIOR_WORD_LAKES_365,Superior,슈피리어
TITICACA_WORD_LAKES_365,Titicaca,티티카카
BAIKAL_WORD_LAKES_365,Baikal,바이칼
MICHIGAN_WORD_LAKES_365,Michigan,미시간
HURON_WORD_LAKES_365,Huron,휴런
ATOM_WORD_NUCLEAR_366,Atom,원자
NEUTRON_WORD_NUCLEAR_366,Neutron,중성자
PROTON_WORD_NUCLEAR_366,Proton,양성자
ELECTRON_WORD_NUCLEAR_366,Electron,전자
MILAN_WORD_ITALY_376,Milan,밀라노
ROME_WORD_ITALY_376,Rome,로마
VENICE_WORD_ITALY_376,Venice,베네치아
FLORENCE_WORD_ITALY_376,Florence,피렌체
THIS_WORD_POINTING_379,This,이것
THAT_WORD_POINTING_379,That,저것
THOSE_WORD_POINTING_379,Those,저것들
NORMAL_WORD_SKIN_380,Normal,중성
DRY_WORD_SKIN_380,Dry,건성
OILY_WORD_SKIN_380,Oily,지성
LIBRARY_WORD_BUILD_384,Library,도서관
MUSEUM_WORD_BUILD_384,Museum,박물관
HOSPITAL_WORD_BUILD_384,Hospital,병원
SCHOOL_BUILDING_WORD_BUILD_384,School building,학교
HOTEL_WORD_BUILD_384,Hotel,호텔
FACTORY_WORD_BUILD_384,Factory,공장
STADIUM_WORD_BUILD_384,Stadium,경기장
MALL_WORD_BUILD_384,Mall,쇼핑몰
MONARCHY_WORD_POLICIES_394,Monarchy,군주제
TYRANNY_WORD_POLICIES_394,Tyranny,폭정
ANARCHY_WORD_POLICIES_394,Anarchy,무정부
POWER_WORD_STRENGTH_401,Power,힘
FORCE_WORD_STRENGTH_401,Force,포스
MIGHT_WORD_STRENGTH_401,Might,위력
TEXT_WORD_MESSAGE_407,Text,문자
EMAIL_WORD_MESSAGE_407,Email,이메일
LETTER_WORD_MESSAGE_407,Letter,편지
FAX_WORD_MESSAGE_407,Fax,팩스
DUALISM_WORD_VIEWS_410,Dualism,이원론
STOICISM_WORD_VIEWS_410,Stoicism,스토아 철학
NIHILISM_WORD_VIEWS_410,Nihilism,허무주의
LUNGS_WORD_ORGANS_412,Lungs,폐
KIDNEY_WORD_ORGANS_412,Kidney,신장
STOMACH_WORD_ORGANS_412,Stomach,위
LIVER_WORD_ORGANS_412,Liver,간
BLADDER_WORD_ORGANS_412,Bladder,방광
SPLEEN_WORD_ORGANS_412,Spleen,비장
HEART_WORD_ORGANS_412,Heart,심장
PANCREAS_WORD_ORGANS_412,Pancreas,췌장
FOOL_WORD_TAROT_417,Fool,바보
MOON_WORD_TAROT_417,Moon,달
MAGICIAN_WORD_TAROT_417,Magician,마법사
EMPRESS_WORD_TAROT_417,Empress,여황제
SOPRANO_WORD_VOICES_439,Soprano,소프라노
TENOR_WORD_VOICES_439,Tenor,테너
BARITONE_WORD_VOICES_439,Baritone,바리톤
BASS_WORD_VOICES_439,Bass,베이스
ALTO_WORD_VOICES_439,Alto,알토
SONNET_WORD_POETRY_440,Sonnet,소네트
HAIKU_WORD_POETRY_440,Haiku,하이쿠
ODE_WORD_POETRY_440,Ode,송가
BALLAD_WORD_POETRY_440,Ballad,발라드
ACROSTIC_WORD_POETRY_440,Acrostic,이합체시
SUPPER_WORD_MEALS_444,Supper,저녁
LUNCH_WORD_MEALS_444,Lunch,점심
DINNER_WORD_MEALS_444,Dinner,디너
CAULDRON_WORD_ALCHEMY_445,Cauldron,가마솥
ELIXIR_WORD_ALCHEMY_445,Elixir,엘릭서
POTION_WORD_ALCHEMY_445,Potion,포션
RITUAL_WORD_PAGANISM_469,Ritual,의식
TOTEM_WORD_PAGANISM_469,Totem,토템
IDOL_WORD_PAGANISM_469,Idol,우상
ALTAR_WORD_PAGANISM_469,Altar,제단
CURRENT_WORD_PRESENT_470,Current,현재
NOW_WORD_PRESENT_470,Now,지금
TODAY_WORD_PRESENT_470,Today,오늘
CODE_WORD_SECRET_471,Code,암호
AGENT_WORD_SECRET_471,Agent,요원
WORD_WORD_SECRET_471,Identity,정체
DONKEY_WORD_EQUIDAE_475,Donkey,당나귀
MULE_WORD_EQUIDAE_475,Mule,노새
MUSTANG_WORD_EQUIDAE_475,Mustang,무스탕
HORSE_WORD_EQUIDAE_475,Horse,말
ZEBRA_WORD_EQUIDAE_475,Zebra,얼룩말
PONY_WORD_EQUIDAE_475,Pony,조랑말
COWHIDE_WORD_LEATHER_480,Cowhide,소가죽
NUBUCK_WORD_LEATHER_480,Nubuck,누벅
SUEDE_WORD_LEATHER_480,Suede,스웨이드
TOWER_WORD_CASTLE_485,Tower,탑
MOAT_WORD_CASTLE_485,Moat,해자
DUNGEON_WORD_CASTLE_485,Dungeon,지하감옥
BASTION_WORD_CASTLE_485,Bastion,성채
RAMPART_WORD_CASTLE_485,Rampart,성벽
TURRET_WORD_CASTLE_485,Turret,포탑
PARAPET_WORD_CASTLE_485,Parapet,흉벽
CITADEL_WORD_CASTLE_485,Citadel,요새
LCD_WORD_DISPLAY_486,LCD,LCD
LED_WORD_DISPLAY_486,LED,LED
OLED_WORD_DISPLAY_486,OLED,OLED
CRT_WORD_DISPLAY_486,CRT,CRT
PLASMA_WORD_DISPLAY_486,Plasma,플라즈마
AMOLED_WORD_DISPLAY_486,AMOLED,AMOLED
MAYANS_WORD_CULTURES_487,Mayans,마야인
AZTECS_WORD_CULTURES_487,Aztecs,아즈텍인
ROMANS_WORD_CULTURES_487,Romans,로마인
GREEKS_WORD_CULTURES_487,Greeks,그리스인
CELTS_WORD_CULTURES_487,Celts,켈트인
VIKINGS_WORD_CULTURES_487,Vikings,바이킹
SAMURAI_WORD_WARRIORS_491,Samurai,사무라이
SHINOBI_WORD_WARRIORS_491,Shinobi,시노비
RONIN_WORD_WARRIORS_491,Ronin,로닌
ASSASSIN_WORD_WARRIORS_491,Assassin,암살자
NINJA_WORD_WARRIORS_491,Ninja,닌자
DECEIVE_WORD_LIE_492,Deceive,속이다
DELUDE_WORD_LIE_492,Delude,현혹
FALSIFY_WORD_LIE_492,Falsify,위조
MISLEAD_WORD_LIE_492,Mislead,오도
OBOE_WORD_VIOLIN_508,Oboe,오보에
CLARINET_WORD_VIOLIN_508,Clarinet,클라리넷
FLUTE_WORD_VIOLIN_508,Flute,플루트
CELLO_WORD_VIOLIN_508,Cello,첼로
MATE_WORD_ANAGRAM_511,Mate,메이트
TEAM_WORD_ANAGRAM_511,Team,팀
MEAT_WORD_ANAGRAM_511,Meat,고기
BONGO_WORD_DRUM_518,Bongo,봉고
DJEMBE_WORD_DRUM_518,Djembe,젬베
TABLA_WORD_DRUM_518,Tabla,타블라
ASHIKO_WORD_DRUM_518,Ashiko,아시코
TRIUMPH_WORD_WREATH_544,Triumph,개선
VICTORY_WORD_WREATH_544,Victory,승리
SUCCESS_WORD_WREATH_544,Success,성공
YOGA_WORD_ZEN_549,Yoga,요가
RINZAI_WORD_ZEN_549,Rinzai,임제
DHARMA_WORD_ZEN_549,Dharma,달마
ROUTER_WORD_NETWORK_588,Router,라우터
SERVER_WORD_NETWORK_588,Server,서버
GATEWAY_WORD_NETWORK_588,Gateway,게이트웨이
ETHERNET_WORD_NETWORK_588,Ethernet,이더넷
PACKET_WORD_NETWORK_588,Packet,패킷
DUTY_WORD_CUSTOMS_592,Duty,관세
IMPORT_WORD_CUSTOMS_592,Import,수입
BORDER_WORD_CUSTOMS_592,Border,국경
EXPORT_WORD_CUSTOMS_592,Export,수출
PAYMENT_WORD_MORTGAGE_595,Payment,상환
INTEREST_WORD_MORTGAGE_595,Interest,이자
RATE_WORD_MORTGAGE_595,Rate,금리
MIX_WORD_CONCRETE_601,Mix,배합
TROWEL_WORD_CONCRETE_601,Trowel,흙손
SCREED_WORD_CONCRETE_601,Screed,스크리드
SATIRE_WORD_MEMES_620,Satire,풍자
PARODY_WORD_MEMES_620,Parody,패러디
TROLLING_WORD_MEMES_620,Trolling,트롤링
METHANE_WORD_ALKANES_641,Methane,메탄
ETHANE_WORD_ALKANES_641,Ethane,에탄
PROPANE_WORD_ALKANES_641,Propane,프로판
BUTANE_WORD_ALKANES_641,Butane,부탄
ASSESS_WORD_EVALUATE_651,Assess,평가
ESTIMATE_WORD_EVALUATE_651,Estimate,추정
ANALYZE_WORD_EVALUATE_651,Analyze,분석
HUNT_WORD_QUEST_680,Hunt,사냥
INQUIRY_WORD_QUEST_680,Inquiry,탐구
PURSUIT_WORD_QUEST_680,Pursuit,추구
GOATEE_WORD_BEARDS_681,Goatee,염소수염
BALBO_WORD_BEARDS_681,Balbo,발보
DUCKTAIL_WORD_BEARDS_681,Ducktail,덕테일
SYNERGY_WORD_YINYANG_721,Synergy,시너지
DUALITY_WORD_YINYANG_721,Duality,이중성
HARMONY_WORD_YINYANG_721,Harmony,조화
GOURMET_WORD_FOODIE_726,Gourmet,미식가
EPICURE_WORD_FOODIE_726,Epicure,식도락가
TASTE_WORD_FOODIE_726,Taste,미각
SYBARITE_WORD_FOODIE_726,Sybarite,향락가
HEDONISM_WORD_FOODIE_726,Hedonism,쾌락주의
DISHES_WORD_FOODIE_726,Dishes,요리
ROLE_WORD_OPERA_760,Role,역할
DIVA_WORD_OPERA_760,Diva,디바
ACT_WORD_OPERA_760,Act,막
BAY_WORD_HARBOR_764,Bay,만
PIER_WORD_HARBOR_764,Pier,부두
WHARF_WORD_HARBOR_764,Wharf,선창
COAST_WORD_HARBOR_764,Coast,해안
MARINA_WORD_HARBOR_764,Marina,마리나
VESSEL_WORD_HARBOR_764,Vessel,선박
BRICK_WORD_STREET_768,Lamp,가로등
DRIVER_WORD_STREET_768,Driver,운전자
CORNER_WORD_STREET_768,Corner,모퉁이
BIKE_WORD_STREET_768,Bike,자전거
LION_WORD_CHIMERA_795,Lion,사자
GOAT_WORD_CHIMERA_795,Goat,염소
SERPENT_WORD_CHIMERA_795,Serpent,뱀
REINS_WORD_CARRIAGE_800,Reins,고삐
HARNESS_WORD_CARRIAGE_800,Harness,마구
COACHMAN_WORD_CARRIAGE_800,Coachman,마부
CANTER_WORD_GAITS_810,Canter,구보
GALLOP_WORD_GAITS_810,Gallop,질주
TROT_WORD_GAITS_810,Trot,속보
CORE_WORD_EARTH_831,Core,핵
MANTLE_WORD_EARTH_831,Mantle,맨틀
CRUST_WORD_EARTH_831,Crust,지각
PAGANINI_WORD_VIOLINS_845,Paganini,파가니니
LUTHIER_WORD_VIOLINS_845,Luthier,현악기 장인
FRET_WORD_VIOLINS_845,Bow,활
NOUN_WORD_GRAMMAR_861,Noun,명사
VERB_WORD_GRAMMAR_861,Verb,동사
ADVERB_WORD_GRAMMAR_861,Adverb,부사
CREST_WORD_COASTAL_882,Crest,파도꼭대기
BREEZE_WORD_COASTAL_882,Breeze,해풍
SURFING_WORD_COASTAL_882,Surfing,서핑
SHINGLE_WORD_COASTAL_882,Shingle,자갈해변
SAND_WORD_COASTAL_882,Sand,모래사장
GROYNE_WORD_COASTAL_882,Groyne,돌제
TIDE_WORD_COASTAL_882,Tide,조수
JETTY_WORD_COASTAL_882,Jetty,잔교
TIRE_WORD_WHEEL_890,Tire,타이어
HUBCAP_WORD_WHEEL_890,Hubcap,휠캡
STEER_WORD_WHEEL_890,Steer,조향
AXLE_WORD_WHEEL_890,Axle,차축
FORTUNE_WORD_WHEEL_890,Rim,림
STEEL_WORD_INDUSTRY_921,Steel,철강
GOODS_WORD_INDUSTRY_921,Goods,상품
PRODUCE_WORD_INDUSTRY_921,Produce,제품
MEGA_WORD_PREFIX_922,Mega,메가
NANO_WORD_PREFIX_922,Nano,나노
DECA_WORD_PREFIX_922,Deca,데카
SIAMESE_WORD_BREEDS_940,Siamese,샴고양이
SPHYNX_WORD_BREEDS_940,Sphynx,스핑크스 고양이
BIRMAN_WORD_BREEDS_940,Birman,버먼 고양이
BENGAL_WORD_BREEDS_940,Bengal,벵갈 고양이
ANGORA_WORD_BREEDS_940,Angora,앙고라 고양이
BIG_BEN_WORD_LANDMARK_948,Big Ben,빅벤
SPHINX_WORD_LANDMARK_948,Sphinx,스핑크스
COLOSSEUM_WORD_LANDMARK_948,Colosseum,콜로세움
PYRAMIDS_WORD_LANDMARK_948,Pyramids,피라미드군
NILE_WORD_RIVERS_959,Nile,나일강
AMAZON_WORD_RIVERS_959,Amazon,아마존강
HUDSON_WORD_RIVERS_959,Hudson,허드슨강
SURF_WORD_COAST_969,Surf,서핑
BEACH_WORD_COAST_969,Beach,해변
CLIFF_WORD_COAST_969,Cliff,절벽
CLEANSER_WORD_SKINCARE_984,Cleanser,클렌저
TONER_WORD_SKINCARE_984,Toner,토너
SERUM_WORD_SKINCARE_984,Serum,세럼
TEXTURE_WORD_SKINCARE_984,Texture,피부결
PORES_WORD_SKINCARE_984,Pores,모공
RETINOL_WORD_SKINCARE_984,Retinol,레티놀
PEPTIDES_WORD_SKINCARE_984,Peptides,펩타이드
BLEMISH_WORD_SKINCARE_984,Blemish,잡티
ROMANOV_WORD_DYNASTY_991,Romanov,로마노프
TUDOR_WORD_DYNASTY_991,Tudor,튜더
KENNEDY_WORD_DYNASTY_991,Ottoman,오스만
BOURBON_WORD_DYNASTY_991,Bourbon,부르봉
CLERIC_WORD_PRIEST_1019,Cleric,성직자
BIBLE_WORD_PRIEST_1019,Bible,성경
SAINT_WORD_PRIEST_1019,Saint,성인
PREACHER_WORD_PRIEST_1019,Preacher,설교자
JOURNEY_WORD_MAPS_1022,Journey,여행
LANDMARK_WORD_MAPS_1022,Landmark,랜드마크
BORDER_WORD_MAPS_1022,Border,경계
ATLAS_WORD_MAPS_1022,Atlas,지도책
GLOBE_WORD_MAPS_1022,Globe,지구본
SCALE_WORD_MAPS_1022,Scale,축척
TERRAIN_WORD_MAPS_1022,Terrain,지형
CONTOUR_WORD_MAPS_1022,Contour,등고선
MELODY_WORD_SINGING_1054,Melody,멜로디
SONG_WORD_SINGING_1054,Song,노래
PITCH_WORD_SINGING_1054,Pitch,음높이
SOLOIST_WORD_SINGING_1054,Soloist,독창자
ARIA_WORD_SINGING_1054,Aria,아리아
CHOIR_WORD_SINGING_1054,Choir,합창단
HUMMING_WORD_SINGING_1054,Humming,허밍
TIMBRE_WORD_SINGING_1054,Timbre,음색
GENE_WORD_GENETICS_1060,Gene,유전자
DNA_WORD_GENETICS_1060,DNA,DNA
GENOME_WORD_GENETICS_1060,Genome,게놈
TV_WORD_SCREEN_1030,TV,TV
ATM_WORD_SCREEN_1030,ATM,ATM
E_READER_WORD_SCREEN_1030,E-reader,전자책 리더기
BUZZER_WORD_ALARM_1031,Buzzer,버저
BEEP_WORD_ALARM_1031,Beep,삐 소리
RUSH_WORD_ALARM_1031,Rush,긴급
MAPLE_WORD_LEAVES_1055,Maple,단풍나무
OAK_WORD_LEAVES_1055,Oak,참나무
PALM_WORD_LEAVES_1055,Palm,야자나무
CHESTNUT_WORD_LEAVES_1055,Chestnut,밤나무
ASH_WORD_LEAVES_1055,Ash,물푸레나무
POPLAR_WORD_LEAVES_1055,Poplar,포플러
PLATE_WORD_DISHWARE_829,Plate,접시
CUP_WORD_DISHWARE_829,Cup,컵
BOWL_WORD_DISHWARE_829,Bowl,그릇
SAUCER_WORD_DISHWARE_829,Saucer,받침접시
FROG_WORD_POND_830,Frog,개구리
REED_WORD_POND_830,Reed,갈대
DUCK_WORD_POND_830,Duck,오리
PAWN_PIC_CHESS_1,,
ROOK_PIC_CHESS_1,,
KNIGHT_PIC_CHESS_1,,
BISHOP_PIC_CHESS_1,,
QUEEN_PIC_CHESS_1,,
KING_PIC_CHESS_1,,
CHESSBOARD_PIC_CHESS_1,,
CHESS_CLOCK_PIC_CHESS_1,,
HOCKEY_PIC_SPORTS_2,,
SOCCER_PIC_SPORTS_2,,
BOXING_PIC_SPORTS_2,,
TENNIS_PIC_SPORTS_2,,
GOLF_PIC_SPORTS_2,,
RUGBY_PIC_SPORTS_2,,
CURLING_PIC_SPORTS_2,,
TABLE_TENNIS_PIC_SPORTS_2,,
TABLE_PIC_FURNITURE_3,,
SOFA_PIC_FURNITURE_3,,
CHAIR_PIC_FURNITURE_3,,
DESK_PIC_FURNITURE_3,,
BED_PIC_FURNITURE_3,,
WARDROBE_PIC_FURNITURE_3,,
BOOKSHELF_PIC_FURNITURE_3,,
DRESSERS_PIC_FURNITURE_3,,
ACE_OF_HEARTS_PIC_DECK_4,,
KING_HEARTS_PIC_DECK_4,,
QUEEN_HEARTS_PIC_DECK_4,,
JACK_HEARTS_PIC_DECK_4,,
10_HEARTS_PIC_DECK_4,,
9_HEARTS_PIC_DECK_4,,
8_HEARTS_PIC_DECK_4,,
7_HEARTS_PIC_DECK_4,,
ARIES_PIC_ZODIAC_5,,
TAURUS_PIC_ZODIAC_5,,
GEMINI_PIC_ZODIAC_5,,
CANCER_PIC_ZODIAC_5,,
LEO_PIC_ZODIAC_5,,
VIRGO_PIC_ZODIAC_5,,
LIBRA_PIC_ZODIAC_5,,
SAGITTARIUS_PIC_ZODIAC_5,,
PLIERS_PIC_TOOLBOX_6,,
WRENCH_PIC_TOOLBOX_6,,
DRILL_PIC_TOOLBOX_6,,
ADHESIVE_TAPE_PIC_TOOLBOX_6,,
SAW_PIC_TOOLBOX_6,,
CHISEL_PIC_TOOLBOX_6,,
CLAMP_PIC_TOOLBOX_6,,
HAMMER_PIC_TOOLBOX_6,,
GLOVES_PIC_GARMENTS_7,,
DRESS_PIC_GARMENTS_7,,
PANTS_PIC_GARMENTS_7,,
SHIRT_PIC_GARMENTS_7,,
PANTIES_PIC_GARMENTS_7,,
COAT_PIC_GARMENTS_7,,
JACKET_PIC_GARMENTS_7,,
SKIRT_PIC_GARMENTS_7,,
BROCCOLI_PIC_VEGGIE_8,,
CABBAGE_PIC_VEGGIE_8,,
POTATO_PIC_VEGGIE_8,,
CARROT_PIC_VEGGIE_8,,
BEETROOT_PIC_VEGGIE_8,,
CUCUMBER_PIC_VEGGIE_8,,
ONION_PIC_VEGGIE_8,,
EGGPLANT_PIC_VEGGIE_8,,
ORANGE_PIC_FRUITS_9,,
KIWI_PIC_FRUITS_9,,
BANANA_PIC_FRUITS_9,,
APPLE_PIC_FRUITS_9,,
POMEGRANATE_PIC_FRUITS_9,,
PEACH_PIC_FRUITS_9,,
PINEAPPLE_PIC_FRUITS_9,,
WATERMELON_PIC_FRUITS_9,,
CUSHION_PIC_CHAIR_10,,
THRONE_PIC_CHAIR_10,,
OTTOMAN_PIC_CHAIR_10,,
STOOL_PIC_CHAIR_10,,
ARMCHAIR_PIC_CHAIR_10,,
LOVESEAT_PIC_CHAIR_10,,
RECLINER_PIC_CHAIR_10,,
BEANBAG_PIC_CHAIR_10,,
KEPI_PIC_HATS_11,,
BERET_PIC_HATS_11,,
CAP_PIC_HATS_11,,
HAT_PIC_HATS_11,,
VISOR_PIC_HATS_11,,
TURBAN_PIC_HATS_11,,
SOMBRERO_PIC_HATS_11,,
PANAMA_HAT_PIC_HATS_11,,
ORGAN_PIC_PLAY_12,,
VIOLIN_PIC_PLAY_12,,
UKULELE_PIC_PLAY_12,,
DRUM_PIC_PLAY_12,,
PIANO_PIC_PLAY_12,,
FLUTE_PIC_PLAY_12,,
GUITAR_PIC_PLAY_12,,
CELLO_PIC_PLAY_12,,
BROOM_PIC_CLEANING_13,,
MOP_PIC_CLEANING_13,,
VACUUM_PIC_CLEANING_13,,
DUSTER_PIC_CLEANING_13,,
SPONGE_PIC_CLEANING_13,,
BUCKET_PIC_CLEANING_13,,
BIN_PIC_CLEANING_13,,
DUSTPAN_PIC_CLEANING_13,,
BOOTS_PIC_SHOES_14,,
HEELS_PIC_SHOES_14,,
FLATS_PIC_SHOES_14,,
OXFORDS_PIC_SHOES_14,,
WEDGES_PIC_SHOES_14,,
MONKS_PIC_SHOES_14,,
BROGUES_PIC_SHOES_14,,
DERBIES_PIC_SHOES_14,,
ITALY_PIC_MAP_15,,
INDIA_PIC_MAP_15,,
AUSTRALIA_PIC_MAP_15,,
FRANCE_PIC_MAP_15,,
USA_PIC_MAP_15,,
UK_PIC_MAP_15,,
SPAIN_PIC_MAP_15,,
JAPAN_PIC_MAP_15,,
DOVE_PIC_BIRD_16,,
EAGLE_PIC_BIRD_16,,
SWAN_PIC_BIRD_16,,
OWL_PIC_BIRD_16,,
HERON_PIC_BIRD_16,,
ROBIN_PIC_BIRD_16,,
FINCH_PIC_BIRD_16,,
VULTURE_PIC_BIRD_16,,
LOBSTER_PIC_SEAFOOD_17,,
OYSTER_PIC_SEAFOOD_17,,
MUSSEL_PIC_SEAFOOD_17,,
CRAB_PIC_SEAFOOD_17,,
SCALLOP_PIC_SEAFOOD_17,,
CONCH_PIC_SEAFOOD_17,,
SQUID_PIC_SEAFOOD_17,,
SHRIMP_PIC_SEAFOOD_17,,
TERRIER_PIC_DOGS_18,,
BEAGLE_PIC_DOGS_18,,
POODLE_PIC_DOGS_18,,
SPANIEL_PIC_DOGS_18,,
HUSKY_PIC_DOGS_18,,
COLLIE_PIC_DOGS_18,,
BULLDOG_PIC_DOGS_18,,
PUG_PIC_DOGS_18,,
PIZZA_PIC_EATS_19,,
TACO_PIC_EATS_19,,
FRIES_PIC_EATS_19,,
BURGER_PIC_EATS_19,,
KEBAB_PIC_EATS_19,,
SANDWICH_PIC_EATS_19,,
BURRITO_PIC_EATS_19,,
HOT_DOG_PIC_EATS_19,,
LIBRARY_PIC_BUILD_20,,
MUSEUM_PIC_BUILD_20,,
HOSPITAL_PIC_BUILD_20,,
SCHOOL_BUILDING_PIC_BUILD_20,,
HOTEL_PIC_BUILD_20,,
FACTORY_PIC_BUILD_20,,
STADIUM_PIC_BUILD_20,,
MALL_PIC_BUILD_20,,
TROLL_PIC_FOLKLORE_21,,
GOBLIN_PIC_FOLKLORE_21,,
OGRE_PIC_FOLKLORE_21,,
BANSHEE_PIC_FOLKLORE_21,,
UNICORN_PIC_FOLKLORE_21,,
FAIRY_PIC_FOLKLORE_21,,
GNOME_PIC_FOLKLORE_21,,
GENIE_PIC_FOLKLORE_21,,
APRICOT_PIC_DRUPES_22,,
PEACH_PIC_DRUPES_22,,
PLUM_PIC_DRUPES_22,,
CHERRY_PIC_DRUPES_22,,
MANGO_PIC_DRUPES_22,,
LOQUAT_PIC_DRUPES_22,,
OLIVE_PIC_DRUPES_22,,
LYCHEE_PIC_DRUPES_22,,
BLANKET_PIC_PICNIC_23,,
BASKET_PIC_PICNIC_23,,
SANDWICH_PIC_PICNIC_23,,
ANTS_PIC_PICNIC_23,,
JUICE_PIC_PICNIC_23,,
SUN_PIC_PICNIC_23,,
GRASS_PIC_PICNIC_23,,
CRACKERS_PIC_PICNIC_23,,
PROFITEROLE_PIC_PASTRY_24,,
PIE_PIC_PASTRY_24,,
CAKE_PIC_PASTRY_24,,
BRIOCHE_PIC_PASTRY_24,,
TART_PIC_PASTRY_24,,
SCONE_PIC_PASTRY_24,,
STRUDEL_PIC_PASTRY_24,,
BROWNIE_PIC_PASTRY_24,,
BUGLE_PIC_WIND_25,,
TUBA_PIC_WIND_25,,
FLUTE_PIC_WIND_25,,
SAX_PIC_WIND_25,,
HARMONICA_PIC_WIND_25,,
BAGPIPES_PIC_WIND_25,,
CLARINET_PIC_WIND_25,,
TRUMPET_PIC_WIND_25,,
BOOKSTORE_PIC_MALL_26,,
PHARMACY_PIC_MALL_26,,
SECURITY_PIC_MALL_26,,
JANITOR_PIC_MALL_26,,
CREDIT_CARD_PIC_MALL_26,,
CASH_PIC_MALL_26,,
PAPER_BAG_PIC_MALL_26,,
FITTING_ROOM_PIC_MALL_26,,
VIOLIN_PIC_STRINGS_27,,
GUITAR_PIC_STRINGS_27,,
CELLO_PIC_STRINGS_27,,
VIOLA_PIC_STRINGS_27,,
BANJO_PIC_STRINGS_27,,
HARP_PIC_STRINGS_27,,
UKULELE_PIC_STRINGS_27,,
MANDOLIN_PIC_STRINGS_27,,
NECKLACE_PIC_JEWELRY_28,,
EARRING_PIC_JEWELRY_28,,
DIAMOND_RING_PIC_JEWELRY_28,,
BRACELET_PIC_JEWELRY_28,,
ANKLET_PIC_JEWELRY_28,,
LOCKET_PIC_JEWELRY_28,,
DIADEM_PIC_JEWELRY_28,,
BROOCH_PIC_JEWELRY_28,,
DAISY_PIC_FLOWERS_29,,
LILY_PIC_FLOWERS_29,,
TULIP_PIC_FLOWERS_29,,
ROSE_PIC_FLOWERS_29,,
POPPY_PIC_FLOWERS_29,,
PEONY_PIC_FLOWERS_29,,
ASTER_PIC_FLOWERS_29,,
PANSY_PIC_FLOWERS_29,,
LIZARD_PIC_REPTILES_30,,
SNAKE_PIC_REPTILES_30,,
ALLIGATOR_PIC_REPTILES_30,,
GECKO_PIC_REPTILES_30,,
CHAMELEON_PIC_REPTILES_30,,
IGUANA_PIC_REPTILES_30,,
TURTLE_PIC_REPTILES_30,,
DINOSAUR_PIC_REPTILES_30,,
DIAMOND_PIC_GEMSTONE_31,,
RUBY_PIC_GEMSTONE_31,,
SAPPHIRE_PIC_GEMSTONE_31,,
EMERALD_PIC_GEMSTONE_31,,
CRYSTAL_PIC_GEMSTONE_31,,
GARNET_PIC_GEMSTONE_31,,
PERIDOT_PIC_GEMSTONE_31,,
OPAL_PIC_GEMSTONE_31,,
MOSQUITO_PIC_INSECTS_32,,
LADYBUG_PIC_INSECTS_32,,
MOTH_PIC_INSECTS_32,,
WASP_PIC_INSECTS_32,,
DRAGONFLY_PIC_INSECTS_32,,
ANT_PIC_INSECTS_32,,
CRICKET_PIC_INSECTS_32,,
MANTIS_PIC_INSECTS_32,,
BEAVER_PIC_RODENTS_33,,
MARMOT_PIC_RODENTS_33,,
NUTRIA_PIC_RODENTS_33,,
SQUIRREL_PIC_RODENTS_33,,
CAPYBARA_PIC_RODENTS_33,,
RAT_PIC_RODENTS_33,,
HAMSTER_PIC_RODENTS_33,,
GUINEA_PIG_PIC_RODENTS_33,,
COWBOY_HAT_PIC_WESTERN_34,,
COWBOY_BOOTS_PIC_WESTERN_34,,
LASSO_PIC_WESTERN_34,,
COWBOY_PIC_WESTERN_34,,
SHERIFF_PIC_WESTERN_34,,
BADGE_PIC_WESTERN_34,,
SALOON_PIC_WESTERN_34,,
CACTI_PIC_WESTERN_34,,
JOLLY_ROGER_PIC_PIRATE_35,,
PARROT_PIC_PIRATE_35,,
CUTLASS_PIC_PIRATE_35,,
CANNON_PIC_PIRATE_35,,
RUM_PIC_PIRATE_35,,
TREASURE_MAP_PIC_PIRATE_35,,
WOODEN_SHIP_S_WHEEL_PIC_PIRATE_35,,
TREASURE_CHEST_PIC_PIRATE_35,,
BUOY_PIC_BEACH_36,,
SEAGULL_PIC_BEACH_36,,
BAY_PIC_BEACH_36,,
SAND_PIC_BEACH_36,,
WAVES_PIC_BEACH_36,,
SHELLS_PIC_BEACH_36,,
BEACH_CHAIR_PIC_BEACH_36,,
BEACH_UMBRELLA_PIC_BEACH_36,,
PYRAMID_PIC_EGYPT_37,,
SPHINX_PIC_EGYPT_37,,
PHARAOH_S_MASK_PIC_EGYPT_37,,
MUMMY_PIC_EGYPT_37,,
SCARAB_PIC_EGYPT_37,,
NILE_RIVER_PIC_EGYPT_37,,
ANUBIS_PIC_EGYPT_37,,
HIEROGLYPHS_PIC_EGYPT_37,,
ASTRONAUT_PIC_SPACE_38,,
ROCKET_PIC_SPACE_38,,
UFO_PIC_SPACE_38,,
ALIEN_PIC_SPACE_38,,
SATURN_PIC_SPACE_38,,
SPACE_STATION_PIC_SPACE_38,,
GALAXY_PIC_SPACE_38,,
MARS_ROVER_PIC_SPACE_38,,
TUNA_PIC_SEA_FISH_39,,
MARLIN_PIC_SEA_FISH_39,,
COD_PIC_SEA_FISH_39,,
SARDINE_PIC_SEA_FISH_39,,
SHARK_PIC_SEA_FISH_39,,
SAWFISH_PIC_SEA_FISH_39,,
STINGRAY_PIC_SEA_FISH_39,,
CLOWNFISH_PIC_SEA_FISH_39,,
BALLOON_PIC_BIRTHDAY_40,,
CANDLE_PIC_BIRTHDAY_40,,
CAKE_PIC_BIRTHDAY_40,,
BOX_PIC_BIRTHDAY_40,,
CONFETTI_PIC_BIRTHDAY_40,,
BIRTHDAY_HAT_PIC_BIRTHDAY_40,,
PARTY_HORN_PIC_BIRTHDAY_40,,
BIRTHDAY_BANNER_PIC_BIRTHDAY_40,,
ELECTRIC_CAR_PIC_CHARGER_41,,
SMARTWATCH_PIC_CHARGER_41,,
LAPTOP_PIC_CHARGER_41,,
DIGITAL_CAMERA_PIC_CHARGER_41,,
POWER_BANK_PIC_CHARGER_41,,
ELECTRIC_TOOTHBRUSH_PIC_CHARGER_41,,
BLUETOOTH_HEADPHONES_PIC_CHARGER_41,,
DRONE_PIC_CHARGER_41,,
HELICOPTER_PIC_TRANSPORT_42,,
TRAIN_PIC_TRANSPORT_42,,
PLANE_PIC_TRANSPORT_42,,
TAXI_PIC_TRANSPORT_42,,
SCOOTER_PIC_TRANSPORT_42,,
DOUBLE_DECKER_BUS_PIC_TRANSPORT_42,,
MOTORBOAT_PIC_TRANSPORT_42,,
HOT_AIR_BALLOON_PIC_TRANSPORT_42,,
CAT_PIC_WHISKERS_43,,
DOG_PIC_WHISKERS_43,,
SEAL_PIC_WHISKERS_43,,
WALRUS_PIC_WHISKERS_43,,
OTTER_PIC_WHISKERS_43,,
SQUIRREL_PIC_WHISKERS_43,,
CATFISH_PIC_WHISKERS_43,,
LION_PIC_WHISKERS_43,,
BEEF_PIC_BURGER_44,,
BUN_PIC_BURGER_44,,
SAUCE_PIC_BURGER_44,,
CHEESE_PIC_BURGER_44,,
LETTUCE_PIC_BURGER_44,,
TOMATO_PIC_BURGER_44,,
PICKLE_PIC_BURGER_44,,
ONION_PIC_BURGER_44,,
SODA_PIC_DRINKS_45,,
ESPRESSO_PIC_DRINKS_45,,
LEMONADE_PIC_DRINKS_45,,
JUICE_PIC_DRINKS_45,,
TEA_PIC_DRINKS_45,,
MILK_PIC_DRINKS_45,,
BUBBLE_TEA_PIC_DRINKS_45,,
SPORTS_DRINK_PIC_DRINKS_45,,
CIRCLE_PIC_SHAPES_46,,
SQUARE_PIC_SHAPES_46,,
OVAL_PIC_SHAPES_46,,
OCTAGON_PIC_SHAPES_46,,
TRIANGLE_PIC_SHAPES_46,,
STAR_PIC_SHAPES_46,,
HEART_PIC_SHAPES_46,,
RHOMBUS_PIC_SHAPES_46,,
JEWELRY_PIC_LUXURY_47,,
WATCH_PIC_LUXURY_47,,
CLASSIC_HANDBAG_PIC_LUXURY_47,,
YACHT_PIC_LUXURY_47,,
PRIVATE_JET_PIC_LUXURY_47,,
SUPERCAR_PIC_LUXURY_47,,
ART_PAINTING_PIC_LUXURY_47,,
AMERICAN_EXPRESS_CENTURION_CARD_PIC_LUXURY_47,,
FOOL_PIC_TAROT_48,,
MOON_PIC_TAROT_48,,
MAGICIAN_PIC_TAROT_48,,
EMPRESS_PIC_TAROT_48,,
DEATH_PIC_TAROT_48,,
SUN_PIC_TAROT_48,,
STAR_PIC_TAROT_48,,
HANGED_MAN_PIC_TAROT_48,,
PACIFIER_PIC_BABIES_49,,
DIAPER_PIC_BABIES_49,,
RATTLE_PIC_BABIES_49,,
STROLLER_PIC_BABIES_49,,
BOTTLE_PIC_BABIES_49,,
BABY_BOWL_AND_SOFT_TIP_SPOON_PIC_BABIES_49,,
CRIB_PIC_BABIES_49,,
CAR_SEAT_PIC_BABIES_49,,
ROPE_PIC_SAILOR_50,,
FLAG_PIC_SAILOR_50,,
STORM_PIC_SAILOR_50,,
KNOT_PIC_SAILOR_50,,
SAILOR_HAT_PIC_SAILOR_50,,
SPYGLASS_PIC_SAILOR_50,,
SEXTANT_PIC_SAILOR_50,,
HARBOR_LIGHTHOUSE_PIC_SAILOR_50,,
GUM_PIC_CANDY_51,,
CHOCO_PIC_CANDY_51,,
FUDGE_PIC_CANDY_51,,
LOLLIPOP_PIC_CANDY_51,,
HARD_CANDY_PIC_CANDY_51,,
MARSHMALLOW_PIC_CANDY_51,,
TURKISH_DELIGHT_PIC_CANDY_51,,
COTTON_CANDY_PIC_CANDY_51,,
DOOR_PIC_KEYS_52,,
PADLOCK_PIC_KEYS_52,,
CAR_PIC_KEYS_52,,
SAFE_PIC_KEYS_52,,
SUITCASE_PIC_KEYS_52,,
STORAGE_LOCKER_PIC_KEYS_52,,
TREASURE_CHEST_PIC_KEYS_52,,
LOCKABLE_NOTEBOOK_PIC_KEYS_52,,
GRASS_PIC_LAWN_53,,
MOWER_PIC_LAWN_53,,
FOUR_LEAF_CLOVER_PIC_LAWN_53,,
SPRINKLER_PIC_LAWN_53,,
GARDENING_GLOVES_PIC_LAWN_53,,
LEAF_RAKE_PIC_LAWN_53,,
PICNIC_BLANKET_PIC_LAWN_53,,
FRISBEE_PIC_LAWN_53,,
CUBE_PIC_3D_54,,
SPHERE_PIC_3D_54,,
CONE_PIC_3D_54,,
TORUS_PIC_3D_54,,
SQUARE_PYRAMID_PIC_3D_54,,
CYLINDER_PIC_3D_54,,
OCTAHEDRON_PIC_3D_54,,
MOBIUS_STRIP_PIC_3D_54,,
BATS_PIC_VAMPIRE_55,,
FANGS_PIC_VAMPIRE_55,,
COFFIN_PIC_VAMPIRE_55,,
GARLIC_PIC_VAMPIRE_55,,
CAPE_PIC_VAMPIRE_55,,
CANDLE_AND_CANDLESTICK_PIC_VAMPIRE_55,,
GOTHIC_CASTLE_PIC_VAMPIRE_55,,
RED_ROSE_PIC_VAMPIRE_55,,
BIG_BEN_PIC_LANDMARK_56,,
STATUE_OF_LIBERTY_PIC_LANDMARK_56,,
COLOSSEUM_PIC_LANDMARK_56,,
PYRAMIDS_PIC_LANDMARK_56,,
GREAT_WALL_PIC_LANDMARK_56,,
EIFFEL_TOWER_PIC_LANDMARK_56,,
PARTHENON_PIC_LANDMARK_56,,
LEANING_TOWER_OF_PISA_PIC_LANDMARK_56,,
DUNES_PIC_DESERT_57,,
CACTI_PIC_DESERT_57,,
OASIS_PIC_DESERT_57,,
CAMEL_PIC_DESERT_57,,
LEATHER_WATER_CANTEEN_PIC_DESERT_57,,
GOGGLES_PIC_DESERT_57,,
FENNEC_FOX_PIC_DESERT_57,,
DESERT_TENT_PIC_DESERT_57,,
TEDDY_BEAR_PIC_TOYS_58,,
KITE_PIC_TOYS_58,,
LEGO_PIC_TOYS_58,,
GAMEPAD_PIC_TOYS_58,,
SPINNING_TOP_PIC_TOYS_58,,
JUMP_ROPE_PIC_TOYS_58,,
JIGSAW_PUZZLE_PIC_TOYS_58,,
BUILDING_BLOCKS_PIC_TOYS_58,,
EGGPLANT_PIC_PURPLE_59,,
VIOLET_PIC_PURPLE_59,,
PLUM_PIC_PURPLE_59,,
LAVENDER_PIC_PURPLE_59,,
PURPLE_GRAPES_PIC_PURPLE_59,,
PURPLE_MUG_PIC_PURPLE_59,,
AMETHYST_PIC_PURPLE_59,,
WISTERIA_PIC_PURPLE_59,,
BANANA_PIC_YELLOW_60,,
CORN_PIC_YELLOW_60,,
GOLD_PIC_YELLOW_60,,
CHEESE_PIC_YELLOW_60,,
RUBBER_DUCK_PIC_YELLOW_60,,
LEMON_PIC_YELLOW_60,,
YELLOW_GEMSTONE_PIC_YELLOW_60,,
YELLOW_ROSE_PIC_YELLOW_60,,
UMBRELLA_PIC_RAIN_61,,
RAINCOAT_PIC_RAIN_61,,
CLOUD_PIC_RAIN_61,,
PUDDLE_PIC_RAIN_61,,
RAIN_BOOTS_PIC_RAIN_61,,
LIGHTNING_PIC_RAIN_61,,
RAINBOW_PIC_RAIN_61,,
RAINY_WEATHER_ICON_PIC_RAIN_61,,
DUMBBELL_PIC_GYM_62,,
BARBELL_PIC_GYM_62,,
AIR_BIKE_PIC_GYM_62,,
KETTLEBELL_PIC_GYM_62,,
TREADMILL_PIC_GYM_62,,
EXERCISE_BALL_PIC_GYM_62,,
ELLIPTICAL_MACHINE_PIC_GYM_62,,
AB_ROLLER_PIC_GYM_62,,
SOCKS_PIC_PAIRS_63,,
TWINS_PIC_PAIRS_63,,
SKIS_PIC_PAIRS_63,,
GLOVES_PIC_PAIRS_63,,
SHOES_PIC_PAIRS_63,,
WINGS_PIC_PAIRS_63,,
EARBUDS_PIC_PAIRS_63,,
CHOPSTICKS_PIC_PAIRS_63,,
TENT_PIC_CAMPING_64,,
CAMPFIRE_PIC_CAMPING_64,,
HAMMOCK_PIC_CAMPING_64,,
SLEEPING_BAG_PIC_CAMPING_64,,
CAMP_CHAIR_PIC_CAMPING_64,,
CAMPING_LANTERN_PIC_CAMPING_64,,
MULTI_TOOL_PIC_CAMPING_64,,
INSECT_REPELLENT_PIC_CAMPING_64,,
CANDY_CANE_PIC_XMAS_65,,
CHRISTMAS_STOCKING_PIC_XMAS_65,,
SANTA_PIC_XMAS_65,,
CHRISTMAS_TREE_PIC_XMAS_65,,
FAIRY_LIGHTS_PIC_XMAS_65,,
REINDEER_PIC_XMAS_65,,
GINGERBREAD_HOUSE_PIC_XMAS_65,,
CHRISTMAS_GIFT_PIC_XMAS_65,,
STAMP_PIC_MAIL_66,,
PARCEL_PIC_MAIL_66,,
LETTER_PIC_MAIL_66,,
MAILBOX_PIC_MAIL_66,,
POSTMARK_PIC_MAIL_66,,
EMAIL_PIC_MAIL_66,,
CARRIER_PIGEON_PIC_MAIL_66,,
POSTMAN_PIC_MAIL_66,,
CHEF_S_HAT_PIC_CHEF_67,,
RESTAURANT_PIC_CHEF_67,,
DISH_PIC_CHEF_67,,
CHEF_S_JACKET_PIC_CHEF_67,,
PROFESSIONAL_OVEN_PIC_CHEF_67,,
CHEF_S_KNIFE_PIC_CHEF_67,,
WOK_PIC_CHEF_67,,
SPICE_JAR_PIC_CHEF_67,,
TV_PIC_SCREEN_68,,
LAPTOP_PIC_SCREEN_68,,
E_READER_PIC_SCREEN_68,,
SMARTPHONE_PIC_SCREEN_68,,
SMARTWATCH_PIC_SCREEN_68,,
HANDHELD_GAME_CONSOLE_PIC_SCREEN_68,,
MOVIE_SCREEN_PIC_SCREEN_68,,
CALCULATOR_PIC_SCREEN_68,,
STETHOSCOPE_PIC_TOOLS_69,,
WRENCH_PIC_TOOLS_69,,
PAINTBRUSH_PIC_TOOLS_69,,
GAVEL_PIC_TOOLS_69,,
MICROPHONE_PIC_TOOLS_69,,
HARD_HAT_PIC_TOOLS_69,,
TEACHING_POINTER_PIC_TOOLS_69,,
SCAPEL_PIC_TOOLS_69,,
STAPLER_PIC_SUPPLIES_70,,
TAPE_DISPENSER_PIC_SUPPLIES_70,,
PAPERCLIP_PIC_SUPPLIES_70,,
NOTEBOOK_PIC_SUPPLIES_70,,
RUBBER_STAMP_PIC_SUPPLIES_70,,
FILE_FOLDER_PIC_SUPPLIES_70,,
PENCIL_PIC_SUPPLIES_70,,
CALCULATOR_PIC_SUPPLIES_70,,
BOWL_PIC_UTENSILS_71,,
PLATE_PIC_UTENSILS_71,,
CHOPSTICKS_PIC_UTENSILS_71,,
SPOON_PIC_UTENSILS_71,,
FORK_PIC_UTENSILS_71,,
CUP_PIC_UTENSILS_71,,
DINNER_KNIFE_PIC_UTENSILS_71,,
PLACEMAT_PIC_UTENSILS_71,,
CANVAS_PIC_ARTS_72,,
PALETTE_PIC_ARTS_72,,
SCULPTURE_PIC_ARTS_72,,
CAMERA_PIC_ARTS_72,,
FILM_PIC_ARTS_72,,
SHEET_MUSIC_PIC_ARTS_72,,
STAGE_CURTAIN_PIC_ARTS_72,,
MASK_PIC_ARTS_72,,
COMPASS_PIC_SURVIVAL_73,,
FLASHLIGHT_PIC_SURVIVAL_73,,
TENT_PIC_SURVIVAL_73,,
MATCHES_PIC_SURVIVAL_73,,
MULTI_TOOL_PIC_SURVIVAL_73,,
WATER_BOTTLE_PIC_SURVIVAL_73,,
ROPE_PIC_SURVIVAL_73,,
FIRST_AID_KIT_PIC_SURVIVAL_73,,
FLOUR_PIC_BAKING_74,,
EGGS_PIC_BAKING_74,,
SUGAR_PIC_BAKING_74,,
BUTTER_PIC_BAKING_74,,
YEAST_PIC_BAKING_74,,
CHOCOLATE_CHIPS_PIC_BAKING_74,,
VANILLA_EXTRACT_PIC_BAKING_74,,
CREAM_PIC_BAKING_74,,
THERMOMETER_PIC_MEDICAL_75,,
MASK_PIC_MEDICAL_75,,
SYRINGE_PIC_MEDICAL_75,,
PILLS_PIC_MEDICAL_75,,
BANDAGE_PIC_MEDICAL_75,,
WHEELCHAIR_PIC_MEDICAL_75,,
BLOOD_PRESSURE_MONITOR_PIC_MEDICAL_75,,
FIRST_AID_KIT_PIC_MEDICAL_75,,
REUSABLE_BAG_PIC_ECO_ITEMS_76,,
BIODEGRADABLE_UTENSILS_PIC_ECO_ITEMS_76,,
SOLAR_PANEL_PIC_ECO_ITEMS_76,,
WINDMILL_PIC_ECO_ITEMS_76,,
RECYCLING_BIN_PIC_ECO_ITEMS_76,,
BICYCLE_PIC_ECO_ITEMS_76,,
WATER_SAVING_FAUCET_PIC_ECO_ITEMS_76,,
LED_LIGHT_PIC_ECO_ITEMS_76,,
WALL_CLOCK_PIC_DECOR_77,,
PHOTO_FRAME_PIC_DECOR_77,,
RUG_PIC_DECOR_77,,
VASE_PIC_DECOR_77,,
WALL_ART_PIC_DECOR_77,,
CURTAINS_PIC_DECOR_77,,
THROW_PILLOW_PIC_DECOR_77,,
SCENTED_CANDLE_PIC_DECOR_77,,
SURFBOARD_PIC_AQUATICS_78,,
DIVING_MASK_PIC_AQUATICS_78,,
KAYAK_PIC_AQUATICS_78,,
LIFE_RING_PIC_AQUATICS_78,,
WETSUIT_PIC_AQUATICS_78,,
SAILBOAT_PIC_AQUATICS_78,,
PADDLEBOARD_PIC_AQUATICS_78,,
LIFE_JACKET_PIC_AQUATICS_78,,
CHECKMARK_PIC_ICONS_79,,
CROSS_PIC_ICONS_79,,
CIRCLE_PIC_ICONS_79,,
ARROW_PIC_ICONS_79,,
HEART_PIC_ICONS_79,,
STAR_PIC_ICONS_79,,
LOCK_ICON_PIC_ICONS_79,,
ENVELOPE_ICON_PIC_ICONS_79,,
JACK_O_LANTERN_PIC_HALLOWEEN_80,,
GHOST_PIC_HALLOWEEN_80,,
BAT_PIC_HALLOWEEN_80,,
BLACK_CAT_PIC_HALLOWEEN_80,,
WITCH_HAT_PIC_HALLOWEEN_80,,
SPIDER_WEB_PIC_HALLOWEEN_80,,
CANDY_BUCKET_PIC_HALLOWEEN_80,,
SKELETON_PIC_HALLOWEEN_80,,
