id,basic_card_name_en,pl-PL
DOG_WORD_PETS_2,Dog,Pies
HAMSTER_WORD_PETS_2,Hamster,Chomik
CAT_WORD_PETS_2,Cat,Kot
PARROT_WORD_PETS_2,Parrot,Papuga
HOT_DOG_WORD_FOOD_3,Hot dog,Hot dog
PIZZA_WORD_FOOD_3,Pizza,Pizza
BURGER_WORD_FOOD_3,Burger,Burger
FRIES_WORD_FOOD_3,Fries,Frytki
PEONY_WORD_FLOWERS_4,Peony,Piwonia
LILY_WORD_FLOWERS_4,Lily,Lilia
ROSE_WORD_FLOWERS_4,Rose,Róża
TULIP_WORD_FLOWERS_4,Tulip,Tulipan
WESTERN_WORD_CINEMA_6,Western,Western
DRAMA_WORD_CINEMA_6,Drama,Dramat
COMEDY_WORD_CINEMA_6,Comedy,Komedia
HORROR_WORD_CINEMA_6,Horror,Horror
POPCORN_WORD_CINEMA_6,Action,Akcja
TICKET_WORD_CINEMA_6,Romance,Romans
BEEF_WORD_BURGER_8,Beef,Wołowina
BUN_WORD_BURGER_8,Bun,Bułka
SAUCE_WORD_BURGER_8,Sauce,Sos
CHEESE_WORD_BURGER_8,Cheese,Ser
PAGE_WORD_BOOK_9,Page,Strona
PAPER_WORD_BOOK_9,Paper,Papier
COVER_WORD_BOOK_9,Cover,Okładka
ASIA_WORD_LANDMASS_10,Asia,Azja
AFRICA_WORD_LANDMASS_10,Africa,Afryka
EUROPE_WORD_LANDMASS_10,Europe,Europa
SODA_WORD_DRINKS_16,Soda,Napój gazowany
ESPRESSO_WORD_DRINKS_16,Espresso,Espresso
LEMONADE_WORD_DRINKS_16,Lemonade,Lemoniada
JUICE_WORD_DRINKS_16,Juice,Sok
PAWN_WORD_CHESS_17,Pawn,Pionek
ROOK_WORD_CHESS_17,Rook,Wieża
BISHOP_WORD_CHESS_17,Bishop,Goniec
QUEEN_WORD_CHESS_17,Queen,Hetman
SPRING_WORD_SEASONS_18,Spring,Wiosna
AUTUMN_WORD_SEASONS_18,Autumn,Jesień
WINTER_WORD_SEASONS_18,Winter,Zima
SUMMER_WORD_SEASONS_18,Summer,Lato
ROD_WORD_FISHING_20,Rod,Wędka
BOBBER_WORD_FISHING_20,Bobber,Spławik
BAIT_WORD_FISHING_20,Bait,Przynęta
JAMAICA_WORD_ISLANDS_21,Jamaica,Jamajka
ICELAND_WORD_ISLANDS_21,Iceland,Islandia
SICILY_WORD_ISLANDS_21,Sicily,Sycylia
HAWAII_WORD_ISLANDS_21,Hawaii,Hawaje
BALI_WORD_ISLANDS_21,Bali,Bali
IBIZA_WORD_ISLANDS_21,Ibiza,Ibiza
CRETE_WORD_ISLANDS_21,Crete,Kreta
BARBADOS_WORD_ISLANDS_21,Barbados,Barbados
RUMBA_WORD_DANCES_24,Rumba,Rumba
TANGO_WORD_DANCES_24,Tango,Tango
SALSA_WORD_DANCES_24,Salsa,Salsa
WALTZ_WORD_DANCES_24,Waltz,Walc
SAMBA_WORD_DANCES_24,Samba,Samba
FLAMENCO_WORD_DANCES_24,Flamenco,Flamenco
MOSQUITO_WORD_INSECTS_25,Mosquito,Komar
LADYBUG_WORD_INSECTS_25,Ladybug,Biedronka
MOTH_WORD_INSECTS_25,Moth,Ćma
WASP_WORD_INSECTS_25,Wasp,Osa
DRAGONFLY_WORD_INSECTS_25,Dragonfly,Ważka
ANT_WORD_INSECTS_25,Ant,Mrówka
METAL_WORD_MATERIAL_27,Metal,Metal
GLASS_WORD_MATERIAL_27,Glass,Szkło
PLASTIC_WORD_MATERIAL_27,Plastic,Plastik
STONE_WORD_MATERIAL_27,Stone,Kamień
TERMINAL_WORD_AIRPORT_29,Terminal,Terminal
RUNWAY_WORD_AIRPORT_29,Runway,Pas startowy
GATE_WORD_AIRPORT_29,Gate,Bramka
CREAM_WORD_DAIRY_30,Cream,Śmietana
BUTTER_WORD_DAIRY_30,Butter,Masło
YOGURT_WORD_DAIRY_30,Yogurt,Jogurt
GOLDFISH_WORD_FISH_31,Goldfish,Złota rybka
TUNA_WORD_FISH_31,Tuna,Tuńczyk
MARLIN_WORD_FISH_31,Marlin,Marlin
SARDINE_WORD_FISH_31,Sardine,Sardynka
EEL_WORD_FISH_31,Eel,Węgorz
MACKEREL_WORD_FISH_31,Mackerel,Makrela
GROUPER_WORD_FISH_31,Grouper,Grouper
PERCH_WORD_FISH_31,Perch,Okoń
ITALY_WORD_MAP_32,Italy,Włochy
INDIA_WORD_MAP_32,India,Indie
AUSTRALIA_WORD_MAP_32,Australia,Australia
FRANCE_WORD_MAP_32,France,Francja
USA_WORD_MAP_32,USA,USA
UK_WORD_MAP_32,UK,Wlk. Brytania
CYPRUS_WORD_MAP_32,Cyprus,Cypr
JAPAN_WORD_MAP_32,Japan,Japonia
ARMOR_WORD_KNIGHT_34,Armor,Zbroja
HELMET_WORD_KNIGHT_34,Helmet,Hełm
SHIELD_WORD_KNIGHT_34,Shield,Tarcza
WEAPON_WORD_KNIGHT_34,Weapon,Broń
DESTRIER_WORD_KNIGHT_34,Destrier,Destrier
CHIVALRY_WORD_KNIGHT_34,Chivalry,Rycerskość
SHOOTER_WORD_GAMER_36,Shooter,Strzelanka
ARCADE_WORD_GAMER_36,Arcade,Arcade
STRATEGY_WORD_GAMER_36,Strategy,Strategia
SCORE_WORD_GAMER_36,Score,Wynik
DRYER_WORD_DEVICE_38,Dryer,Suszarka
PRINTER_WORD_DEVICE_38,Printer,Drukarka
FAX_WORD_DEVICE_38,Fax,Faks
HEATER_WORD_DEVICE_38,Heater,Grzejnik
MANSION_WORD_HOUSE_40,Mansion,Rezydencja
PALACE_WORD_HOUSE_40,Palace,Pałac
VILLA_WORD_HOUSE_40,Villa,Willa
PILOT_WORD_JOBS_42,Pilot,Pilot
MAILMAN_WORD_JOBS_42,Mailman,Listonosz
DOCTOR_WORD_JOBS_42,Doctor,Lekarz
WELDER_WORD_JOBS_42,Welder,Spawacz
ENGINEER_WORD_JOBS_42,Engineer,Inżynier
PLUMBER_WORD_JOBS_42,Plumber,Hydraulik
ACTOR_WORD_JOBS_42,Actor,Aktor
NURSE_WORD_JOBS_42,Nurse,Pielęgniarka
SANDALS_WORD_FOOTWEAR_46,Sandals,Sandały
UGGS_WORD_FOOTWEAR_46,Uggs,Uggi
SLIPPERS_WORD_FOOTWEAR_46,Slippers,Kapcie
CLOGS_WORD_FOOTWEAR_46,Clogs,Chodaki
LOAFERS_WORD_FOOTWEAR_46,Loafers,Mokasyny
SNEAKERS_WORD_FOOTWEAR_46,Sneakers,Sneakersy
CAR_WORD_DRIVING_49,Car,Samochód
ROAD_WORD_DRIVING_49,Road,Droga
SIGN_WORD_DRIVING_49,Sign,Znak
TRAFFIC_WORD_DRIVING_49,Traffic,Ruch
VESPUCCI_WORD_EXPLORER_51,Vespucci,Vespucci
MAGELLAN_WORD_EXPLORER_51,Magellan,Magellan
COLUMBUS_WORD_EXPLORER_51,Columbus,Kolumb
KICK_WORD_MOVEMENT_52,Kick,Kopnięcie
WALK_WORD_MOVEMENT_52,Walk,Chód
JUMP_WORD_MOVEMENT_52,Jump,Skok
SOLID_WORD_PHASE_57,Solid,Ciało stałe
LIQUID_WORD_PHASE_57,Liquid,Ciecz
GAS_WORD_PHASE_57,Gas,Gaz
COMFY_WORD_COZY_58,Comfy,Wygodny
WARM_WORD_COZY_58,Warm,Ciepły
SNUG_WORD_COZY_58,Snug,Przytulny
ARIES_WORD_ZODIAC_59,Aries,Baran
TAURUS_WORD_ZODIAC_59,Taurus,Byk
GEMINI_WORD_ZODIAC_59,Gemini,Bliźnięta
LEO_WORD_ZODIAC_59,Leo,Lew
VIRGO_WORD_ZODIAC_59,Virgo,Panna
LIBRA_WORD_ZODIAC_59,Libra,Waga
SCORPIO_WORD_ZODIAC_59,Scorpio,Skorpion
PISCES_WORD_ZODIAC_59,Pisces,Ryby
FRIGATE_WORD_SHIP_62,Frigate,Fregata
CARAVEL_WORD_SHIP_62,Caravel,Karawela
GALLEON_WORD_SHIP_62,Galleon,Galeon
BRIG_WORD_SHIP_62,Brig,Bryg
TANKER_WORD_SHIP_62,Tanker,Tankowiec
TUGBOAT_WORD_SHIP_62,Tugboat,Holownik
STAMP_WORD_MAILMAN_63,Stamp,Znaczek
ENVELOPE_WORD_MAILMAN_63,Envelope,Koperta
LETTER_WORD_MAILMAN_63,Letter,List
MAIL_WORD_MAILMAN_63,Mail,Poczta
SEAL_WORD_MAILMAN_63,Seal,Pieczęć
INK_WORD_MAILMAN_63,Ink,Atrament
BUST_WORD_SCULPT_64,Bust,Popiersie
FIGURINE_WORD_SCULPT_64,Figurine,Figurka
STATUE_WORD_SCULPT_64,Statue,Posąg
MONUMENT_WORD_SCULPT_64,Monument,Pomnik
ENGLISH_WORD_LANGUAGE_70,English,Angielski
ITALIAN_WORD_LANGUAGE_70,Italian,Włoski
HINDI_WORD_LANGUAGE_70,Hindi,Hindi
JAPANESE_WORD_LANGUAGE_70,Japanese,Japoński
HEBREW_WORD_LANGUAGE_70,Hebrew,Hebrajski
DANISH_WORD_LANGUAGE_70,Danish,Duński
LATIN_WORD_LANGUAGE_70,Latin,Łacina
POLISH_WORD_LANGUAGE_70,Polish,Polski
LENS_WORD_CAMERA_73,Lens,Obiektyw
FLASH_WORD_CAMERA_73,Flash,Flesz
ZOOM_WORD_CAMERA_73,Zoom,Zoom
FILTER_WORD_CAMERA_73,Filter,Filtr
SHUTTER_WORD_CAMERA_73,Shutter,Migawka
EXPOSURE_WORD_CAMERA_73,Exposure,Ekspozycja
MIST_WORD_FOG_76,Mist,Mgła
HAZE_WORD_FOG_76,Haze,Zamglenie
SMOG_WORD_FOG_76,Smog,Smog
VAPOR_WORD_FOG_76,Vapor,Para
SLEET_WORD_SNOW_77,Sleet,Deszcz ze śniegiem
FLAKE_WORD_SNOW_77,Flake,Płatek
ICEBERG_WORD_SNOW_77,Frost,Mróz
HEDGEHOG_WORD_SPIKY_78,Hedgehog,Jeż
CACTUS_WORD_SPIKY_78,Cactus,Kaktus
DURIAN_WORD_SPIKY_78,Durian,Durian
DOVE_WORD_BIRDS_80,Dove,Gołąb
EAGLE_WORD_BIRDS_80,Eagle,Orzeł
SWAN_WORD_BIRDS_80,Swan,Łabędź
OWL_WORD_BIRDS_80,Owl,Sowa
HERON_WORD_BIRDS_80,Heron,Czapla
ROBIN_WORD_BIRDS_80,Robin,Rudzik
FINCH_WORD_BIRDS_80,Finch,Zięba
VULTURE_WORD_BIRDS_80,Vulture,Sęp
SARTRE_WORD_MINDS_82,Sartre,Sartre
DANTE_WORD_MINDS_82,Dante,Dante
PLATO_WORD_MINDS_82,Plato,Platon
SOCRATES_WORD_MINDS_82,Socrates,Sokrates
GALILEO_WORD_MINDS_82,Galileo,Galileusz
KANT_WORD_MINDS_82,Kant,Kant
PUCK_WORD_HOCKEY_86,Puck,Krążek
PENALTY_WORD_HOCKEY_86,Penalty,Kara
GOAL_WORD_HOCKEY_86,Goal,Gol
RINK_WORD_HOCKEY_86,Rink,Lodowisko
COUPLE_WORD_DATE_87,Couple,Para
TUXEDO_WORD_DATE_87,Wine,Wino
FLOWERS_WORD_DATE_87,Flowers,Kwiaty
TEETH_WORD_SAW_88,Teeth,Zęby
BLADE_WORD_SAW_88,Blade,Ostrze
NOTCH_WORD_SAW_88,Notch,Nacięcie
OLDMAN_WORD_ACTOR_89,Oldman,Oldman
PITT_WORD_ACTOR_89,Pitt,Pitt
EASTWOOD_WORD_ACTOR_89,Eastwood,Eastwood
HANKS_WORD_ACTOR_89,Hanks,Hanks
CROWE_WORD_ACTOR_89,Crowe,Crowe
CRUISE_WORD_ACTOR_89,Cruise,Cruise
DICAPRIO_WORD_ACTOR_89,DiCaprio,DiCaprio
WAHLBERG_WORD_ACTOR_89,Wahlberg,Wahlberg
MERCURY_WORD_PLANET_90,Mercury,Merkury
JUPITER_WORD_PLANET_90,Jupiter,Jowisz
SATURN_WORD_PLANET_90,Saturn,Saturn
URANUS_WORD_PLANET_90,Uranus,Uran
NEPTUNE_WORD_PLANET_90,Neptune,Neptun
MARS_WORD_PLANET_90,Mars,Mars
EARTH_WORD_PLANET_90,Earth,Ziemia
VENUS_WORD_PLANET_90,Venus,Wenus
BIOLOGY_WORD_LESSONS_94,Biology,Biologia
PHYSICS_WORD_LESSONS_94,Physics,Fizyka
GEOMETRY_WORD_LESSONS_94,Geometry,Geometria
ALGEBRA_WORD_LESSONS_94,Algebra,Algebra
HISTORY_WORD_LESSONS_94,History,Historia
CALCULUS_WORD_LESSONS_94,Calculus,Rachunek
TABLETS_WORD_PILLS_99,Tablets,Tabletki
CAPSULES_WORD_PILLS_99,Capsules,Kapsułki
LOZENGES_WORD_PILLS_99,Lozenges,Pastylki
CLOUDS_WORD_RAINY_100,Clouds,Chmury
SHOWERS_WORD_RAINY_100,Showers,Przelotne deszcze
PUDDLES_WORD_RAINY_100,Puddles,Kałuże
CIABATTA_WORD_BREADS_102,Ciabatta,Ciabatta
BAGUETTE_WORD_BREADS_102,Baguette,Bagietka
FOCACCIA_WORD_BREADS_102,Focaccia,Focaccia
PITA_WORD_BREADS_102,Pita,Pita
CHALLAH_WORD_BREADS_102,Challah,Chałka
TORTILLA_WORD_BREADS_102,Tortilla,Tortilla
BRIOCHE_WORD_BREADS_102,Brioche,Brioche
AREPA_WORD_BREADS_102,Arepa,Arepa
GYRUS_WORD_BRAIN_106,Gyrus,Zakręt
CORTEX_WORD_BRAIN_106,Cortex,Kora
LOBE_WORD_BRAIN_106,Lobe,Płat
HYDROGEN_WORD_ELEMENTS_107,Hydrogen,Wodór
NITROGEN_WORD_ELEMENTS_107,Nitrogen,Azot
SULFUR_WORD_ELEMENTS_107,Sulfur,Siarka
CARBON_WORD_ELEMENTS_107,Carbon,Węgiel
SODIUM_WORD_ELEMENTS_107,Sodium,Sód
SILICON_WORD_ELEMENTS_107,Silicon,Krzem
IODINE_WORD_ELEMENTS_107,Iodine,Jod
OXYGEN_WORD_ELEMENTS_107,Oxygen,Tlen
BRIE_WORD_CHEESE_108,Brie,Brie
FETA_WORD_CHEESE_108,Feta,Feta
GOUDA_WORD_CHEESE_108,Gouda,Gouda
CHEDDAR_WORD_CHEESE_108,Cheddar,Cheddar
PARMESAN_WORD_CHEESE_108,Parmesan,Parmezan
RICOTTA_WORD_CHEESE_108,Ricotta,Ricotta
EDAM_WORD_CHEESE_108,Edam,Edamski
DORBLU_WORD_CHEESE_108,Swiss,Szwajcarski
WORKOUT_WORD_FITNESS_110,Workout,Trening
YOGA_WORD_FITNESS_110,Yoga,Joga
PILATES_WORD_FITNESS_110,Pilates,Pilates
JOGGING_WORD_FITNESS_110,Jogging,Bieganie
GYM_WORD_FITNESS_110,Gym,Siłownia
CARDIO_WORD_FITNESS_110,Cardio,Kardio
BICEPS_WORD_MUSCLES_112,Biceps,Biceps
DELTOIDS_WORD_MUSCLES_112,Deltoids,Deltoidalne
ABS_WORD_MUSCLES_112,Abs,Brzuch
TRICEPS_WORD_MUSCLES_112,Triceps,Triceps
SCARAB_WORD_EGYPT_114,Scarab,Skarabeusz
PHARAOH_WORD_EGYPT_114,Pharaoh,Faraon
PAPYRUS_WORD_EGYPT_114,Papyrus,Papirus
PYRAMID_WORD_EGYPT_114,Pyramid,Piramida
MULBERRY_WORD_BERRY_116,Mulberry,Morwa
BILBERRY_WORD_BERRY_116,Bilberry,Borówka
BARBERRY_WORD_BERRY_116,Barberry,Berberys
ATHENS_WORD_CAPITALS_119,Athens,Ateny
PRAGUE_WORD_CAPITALS_119,Prague,Praga
MADRID_WORD_CAPITALS_119,Madrid,Madryt
RIYADH_WORD_CAPITALS_119,Riyadh,Rijad
OTTAWA_WORD_CAPITALS_119,Ottawa,Ottawa
ROME_WORD_CAPITALS_119,Rome,Rzym
OSLO_WORD_CAPITALS_119,Oslo,Oslo
CAIRO_WORD_CAPITALS_119,Cairo,Kair
POWDER_WORD_MAKEUP_120,Powder,Puder
SPONGE_WORD_MAKEUP_120,Sponge,Gąbka
PALETTE_WORD_MAKEUP_120,Palette,Paleta
SERUM_WORD_MAKEUP_120,Serum,Serum
PEEL_WORD_MAKEUP_120,Peel,Peeling
BLUSH_WORD_MAKEUP_120,Blush,Róż
SAVATE_WORD_COMBAT_121,Savate,Savate
JUDO_WORD_COMBAT_121,Judo,Judo
KARATE_WORD_COMBAT_121,Karate,Karate
KUNG_FU_WORD_COMBAT_121,Kung fu,Kung-fu
SUMO_WORD_COMBAT_121,Sumo,Sumo
SILAT_WORD_COMBAT_121,Silat,Silat
CHORDS_WORD_GUITAR_122,Chords,Akordy
PICKUPS_WORD_GUITAR_122,Pickups,Przystawki
STRINGS_WORD_GUITAR_122,Strings,Struny
RIFFS_WORD_GUITAR_122,Riffs,Riffy
POINTE_WORD_BALLET_125,Pointe,Szpic
TUTU_WORD_BALLET_125,Tutu,Tutu
BARRE_WORD_BALLET_125,Barre,Drążek
ALLIANCE_WORD_UNITE_126,Alliance,Sojusz
LEAGUE_WORD_UNITE_126,League,Liga
UNION_WORD_UNITE_126,Union,Unia
JEWELRY_WORD_LUXURY_133,Jewelry,Biżuteria
WATCH_WORD_LUXURY_133,Watch,Zegarek
CAVIAR_WORD_LUXURY_133,Caviar,Kawior
YACHT_WORD_LUXURY_133,Yacht,Jacht
SAVANNA_WORD_BIOMES_135,Savanna,Sawanna
TUNDRA_WORD_BIOMES_135,Tundra,Tundra
TAIGA_WORD_BIOMES_135,Taiga,Tajga
SRIRACHA_WORD_SPICY_136,Sriracha,Sriracha
WASABI_WORD_SPICY_136,Wasabi,Wasabi
HABANERO_WORD_SPICY_136,Habanero,Habanero
COCKPIT_WORD_PLANE_139,Cockpit,Kokpit
SEATBELT_WORD_PLANE_139,Seatbelt,Pas
WINGS_WORD_PLANE_139,Wings,Skrzydła
ENGINE_WORD_PLANE_139,Engine,Silnik
RUDDER_WORD_PLANE_139,Rudder,Ster
FUSELAGE_WORD_PLANE_139,Fuselage,Kadłub
AILERON_WORD_PLANE_139,Aileron,Lotka
FLY_WORD_PLANE_139,Fly,Latać
BEAVER_WORD_RODENTS_141,Beaver,Bóbr
MARMOT_WORD_RODENTS_141,Marmot,Świstak
NUTRIA_WORD_RODENTS_141,Nutria,Nutria
SQUIRREL_WORD_RODENTS_141,Squirrel,Wiewiórka
CAPYBARA_WORD_RODENTS_141,Capybara,Kapibara
RAT_WORD_RODENTS_141,Rat,Szczur
SOLAR_WORD_ENERGY_145,Solar,Słoneczna
NUCLEAR_WORD_ENERGY_145,Nuclear,Jądrowa
KINETIC_WORD_ENERGY_145,Kinetic,Kinetyczna
THERMAL_WORD_ENERGY_145,Thermal,Cieplna
ESSAY_WORD_ARTICLES_147,Essay,Esej
REVIEW_WORD_ARTICLES_147,Review,Recenzja
OPINION_WORD_ARTICLES_147,Opinion,Opinia
TSUNAMI_WORD_DISASTER_148,Tsunami,Tsunami
TORNADO_WORD_DISASTER_148,Tornado,Tornado
FLOOD_WORD_DISASTER_148,Flood,Powódź
GORILLA_WORD_PRIMATES_149,Gorilla,Goryl
GIBBON_WORD_PRIMATES_149,Gibbon,Gibon
BABOON_WORD_PRIMATES_149,Baboon,Pawian
LEMUR_WORD_PRIMATES_149,Lemur,Lemur
MACAQUE_WORD_PRIMATES_149,Macaque,Makak
SIMIAN_WORD_PRIMATES_149,Simian,Małpa
MANDRILL_WORD_PRIMATES_149,Mandrill,Mandryl
TARSIER_WORD_PRIMATES_149,Tarsier,Wyrak
PYTHON_WORD_CODING_150,Python,Python
JAVA_WORD_CODING_150,Java,Java
RUBY_WORD_CODING_150,Ruby,Ruby
SWIFT_WORD_CODING_150,Swift,Swift
SCRIPT_WORD_CODING_150,Script,Skrypt
PHP_WORD_CODING_150,PHP,PHP
SQL_WORD_CODING_150,SQL,SQL
BUGS_WORD_CODING_150,Bugs,Błędy
LYRICS_WORD_RAP_151,Lyrics,Teksty
VERSE_WORD_RAP_151,Verse,Zwrotka
RHYME_WORD_RAP_151,Rhyme,Rym
PUNCH_WORD_RAP_151,Punch,Punch
NIAGARA_WORD_WATER_152,Niagara,Niagara
VICTORIA_WORD_WATER_152,Victoria,Wiktorii
YOSEMITE_WORD_WATER_152,Yosemite,Yosemite
HAVASU_WORD_WATER_152,Havasu,Havasu
YO_YO_WORD_TOYS_154,Yo-yo,Jo-jo
SPINNER_WORD_TOYS_154,Spinner,Bączek
DOLL_WORD_TOYS_154,Doll,Lalka
SERGEANT_WORD_ARMY_156,Sergeant,Sierżant
MAJOR_WORD_ARMY_156,Major,Major
GENERAL_WORD_ARMY_156,General,Generał
COLONEL_WORD_ARMY_156,Colonel,Pułkownik
PRIVATE_WORD_ARMY_156,Private,Szeregowy
CORPORAL_WORD_ARMY_156,Corporal,Kapral
CAPTAIN_WORD_ARMY_156,Captain,Kapitan
RANK_WORD_ARMY_156,Rank,Ranga
ZEN_WORD_MEDITATE_160,Zen,Zen
BREATH_WORD_MEDITATE_160,Breath,Oddech
PEACE_WORD_MEDITATE_160,Peace,Spokój
MANTRA_WORD_MEDITATE_160,Mantra,Mantra
FAMOUS_WORD_FAME_161,Famous,Sławny
ICONIC_WORD_FAME_161,Iconic,Ikoniczny
POPULAR_WORD_FAME_161,Popular,Popularny
RENOWN_WORD_FAME_161,Renown,Rozgłos
SYNTAX_WORD_LINGUIST_162,Syntax,Składnia
POLYGLOT_WORD_LINGUIST_162,Polyglot,Poliglota
GRAMMAR_WORD_LINGUIST_162,Grammar,Gramatyka
SCHOLAR_WORD_LINGUIST_162,Scholar,Uczony
EASTER_WORD_HOLIDAY_163,Easter,Wielkanoc
NEW_YEAR_WORD_HOLIDAY_163,New Year,Nowy Rok
FLAG_DAY_WORD_HOLIDAY_163,Flag Day,Dzień Flagi
DUMBBELL_WORD_GYM_164,Dumbbell,Hantle
BARBELL_WORD_GYM_164,Barbell,Sztanga
AIR_BIKE_WORD_GYM_164,Air bike,Air bike
PERICLES_WORD_WILLIAM_165,Pericles,Perykles
MACBETH_WORD_WILLIAM_165,Macbeth,Makbet
HAMLET_WORD_WILLIAM_165,Hamlet,Hamlet
OTHELLO_WORD_WILLIAM_165,Othello,Otello
JULIET_WORD_WILLIAM_165,Juliet,Julia
ROMEO_WORD_WILLIAM_165,Romeo,Romeo
TEMPEST_WORD_WILLIAM_165,Tempest,Burza
HENRY_V_WORD_WILLIAM_165,Henry V,Henryk V
WOLF_WORD_CANINES_168,Wolf,Wilk
COYOTE_WORD_CANINES_168,Coyote,Kojot
DINGO_WORD_CANINES_168,Dingo,Dingo
JACKAL_WORD_CANINES_168,Jackal,Szakal
FOX_WORD_CANINES_168,Fox,Lis
DHOLE_WORD_CANINES_168,Dhole,Cyjon
HARVARD_WORD_STUDIES_169,Harvard,Harvard
STANFORD_WORD_STUDIES_169,Stanford,Stanford
OXFORD_WORD_STUDIES_169,Oxford,Oksford
YALE_WORD_STUDIES_169,Yale,Yale
SORBONNE_WORD_STUDIES_169,Sorbonne,Sorbona
MIT_WORD_STUDIES_169,MIT,MIT
LEMON_WORD_CITRUS_173,Lemon,Cytryna
LIME_WORD_CITRUS_173,Lime,Limonka
POMELO_WORD_CITRUS_173,Pomelo,Pomelo
GLIDER_WORD_AIRCRAFT_174,Glider,Szybowiec
JETLINER_WORD_AIRCRAFT_174,Jetliner,Odrzutowiec
AIRPLANE_WORD_AIRCRAFT_174,Airplane,Samolot
MERLOT_WORD_GRAPE_177,Merlot,Merlot
RIESLING_WORD_GRAPE_177,Riesling,Riesling
SHIRAZ_WORD_GRAPE_177,Shiraz,Shiraz
GRENACHE_WORD_GRAPE_177,Grenache,Grenache
MUSCAT_WORD_GRAPE_177,Muscat,Muskat
MALBEC_WORD_GRAPE_177,Malbec,Malbec
AMANITA_WORD_MUSHROOM_178,Amanita,Muchomor
PORCINI_WORD_MUSHROOM_178,Porcini,Borowik
RUSSULA_WORD_MUSHROOM_178,Russula,Gołąbek
TRUFFLE_WORD_MUSHROOM_178,Truffle,Trufla
ENOKI_WORD_MUSHROOM_178,Enoki,Enoki
SHIITAKE_WORD_MUSHROOM_178,Shiitake,Shiitake
WALRUS_WORD_ARCTIC_180,Walrus,Mors
POLAR_BEAR_WORD_ARCTIC_180,Polar bear,Niedźwiedź polarny
SNOWY_OWL_WORD_ARCTIC_180,Snowy owl,Sowa śnieżna
REINDEER_WORD_ARCTIC_180,Reindeer,Renifer
PIT_STOP_WORD_RACING_182,Pit stop,Pit stop
FINISH_WORD_RACING_182,Finish,Meta
SPEEDWAY_WORD_RACING_182,Speedway,Żużel
ASSIST_WORD_HELP_183,Assist,Pomoc
SUPPORT_WORD_HELP_183,Support,Wsparcie
DONATE_WORD_HELP_183,Donate,Darowizna
OPAL_WORD_GEMSTONE_186,Opal,Opal
RUBY_WORD_GEMSTONE_186,Ruby,Rubin
TOPAZ_WORD_GEMSTONE_186,Topaz,Topaz
SAPPHIRE_WORD_GEMSTONE_186,Sapphire,Szafir
GARNET_WORD_GEMSTONE_186,Garnet,Granat
DIAMOND_WORD_GEMSTONE_186,Diamond,Diament
ONYX_WORD_GEMSTONE_186,Onyx,Onyks
AGATE_WORD_GEMSTONE_186,Agate,Agat
ORION_WORD_PATTERN_188,Orion,Orion
PERSEUS_WORD_PATTERN_188,Perseus,Perseusz
DRACO_WORD_PATTERN_188,Draco,Smok
SCORPIUS_WORD_PATTERN_188,Scorpius,Skorpion
CYGNUS_WORD_PATTERN_188,Cygnus,Łabędź
SERPENS_WORD_PATTERN_188,Serpens,Wąż
GASOLINE_WORD_FUELS_190,Gasoline,Benzyna
DIESEL_WORD_FUELS_190,Diesel,Diesel
COAL_WORD_FUELS_190,Coal,Węgiel
PROPANE_WORD_FUELS_190,Propane,Propan
KEROSENE_WORD_FUELS_190,Kerosene,Nafta
VOTER_WORD_ELECT_193,Voter,Wyborca
BALLOT_WORD_ELECT_193,Ballot,Karta do głosowania
CAMPAIGN_WORD_ELECT_193,Campaign,Kampania
TURNOUT_WORD_ELECT_193,Turnout,Frekwencja
KING_WORD_CROWN_194,King,Król
EMPEROR_WORD_CROWN_194,Emperor,Cesarz
MAHARAJA_WORD_CROWN_194,Maharaja,Maharadża
KENNEDY_WORD_LEADER_196,Washington,Waszyngton
CLINTON_WORD_LEADER_196,Jefferson,Jefferson
LINCOLN_WORD_LEADER_196,Lincoln,Lincoln
REAGAN_WORD_LEADER_196,Roosevelt,Roosevelt
BUSH_WORD_LEADER_196,Wilson,Wilson
OBAMA_WORD_LEADER_196,Jackson,Jackson
ADAMS_WORD_LEADER_196,Adams,Adams
BIDEN_WORD_LEADER_196,Madison,Madison
SOFT_BUN_WORD_HOT_DOG_201,Soft bun,Miękka bułka
SAUSAGE_WORD_HOT_DOG_201,Sausage,Parówka
KETCHUP_WORD_HOT_DOG_201,Ketchup,Keczup
DECODE_WORD_CIPHER_208,Decode,Odszyfrować
ENCODE_WORD_CIPHER_208,Encode,Zaszyfrować
KEYWORD_WORD_CIPHER_208,Keyword,Hasło
PASSWORD_WORD_CIPHER_208,Password,Hasło
HARMONY_WORD_SYMPHONY_210,Harmony,Harmonia
OVERTURE_WORD_SYMPHONY_210,Overture,Uwertura
MELODY_WORD_SYMPHONY_210,Melody,Melodia
PHOTO_WORD_ARTWORKS_211,Photo,Zdjęcie
DRAWING_WORD_ARTWORKS_211,Drawing,Rysunek
PAINTING_WORD_ARTWORKS_211,Painting,Obraz
HAMMER_WORD_AUCTION_215,Hammer,Młotek
LOT_WORD_AUCTION_215,Lot,Lot
BID_WORD_AUCTION_215,Bid,Oferta
PRICE_WORD_AUCTION_215,Price,Cena
CATALOG_WORD_AUCTION_215,Catalog,Katalog
BIDDER_WORD_AUCTION_215,Bidder,Licytant
EXCELSA_WORD_BEANS_219,Excelsa,Excelsa
ROBUSTA_WORD_BEANS_219,Robusta,Robusta
LIBERICA_WORD_BEANS_219,Liberica,Liberica
ARABICA_WORD_BEANS_219,Arabica,Arabica
TENT_WORD_CAMPING_221,Tent,Namiot
CAMPFIRE_WORD_CAMPING_221,Campfire,Ognisko
HAMMOCK_WORD_CAMPING_221,Hammock,Hamak
ORGAN_WORD_PLAY_223,Organ,Organy
VIOLIN_WORD_PLAY_223,Violin,Skrzypce
UKULELE_WORD_PLAY_223,Ukulele,Ukulele
DRUM_WORD_PLAY_223,Drum,Bęben
PIANO_WORD_PLAY_223,Piano,Fortepian
FLUTE_WORD_PLAY_223,Flute,Flet
GUITAR_WORD_PLAY_223,Guitar,Gitara
CELLO_WORD_PLAY_223,Cello,Wiolonczela
BANK_WORD_FINANCE_227,Bank,Bank
INCOME_WORD_FINANCE_227,Income,Dochód
EXPENSE_WORD_FINANCE_227,Expense,Wydatek
MONEY_WORD_FINANCE_227,Money,Pieniądze
KINGDOM_WORD_MEDIEVAL_228,Kingdom,Królestwo
LORD_WORD_MEDIEVAL_228,Lord,Pan
KNIGHT_WORD_MEDIEVAL_228,Knight,Rycerz
CASTLE_WORD_MEDIEVAL_228,Castle,Zamek
GLASSES_WORD_OPTICS_229,Glasses,Okulary
LENS_WORD_OPTICS_229,Lens,Soczewka
MONOCLE_WORD_OPTICS_229,Monocle,Monokl
SPYGLASS_WORD_OPTICS_229,Spyglass,Luneta
SIGNPOST_WORD_NAVIGATE_230,Signpost,Drogowskaz
SEXTANT_WORD_NAVIGATE_230,Sextant,Sekstant
COMPASS_WORD_NAVIGATE_230,Compass,Kompas
PLAYPEN_WORD_TODDLER_231,Playpen,Kojec
NAP_TIME_WORD_TODDLER_231,Nap time,Drzemka
PACIFIER_WORD_TODDLER_231,Pacifier,Smoczek
CAPRINE_WORD_FAMILIES_234,Caprine,Kozie
OVINE_WORD_FAMILIES_234,Ovine,Owcze
FELINE_WORD_FAMILIES_234,Feline,Kocie
EQUINE_WORD_FAMILIES_234,Equine,Końskie
CANINE_WORD_FAMILIES_234,Canine,Psie
MURINE_WORD_FAMILIES_234,Murine,Mysie
PORCINE_WORD_FAMILIES_234,Porcine,Świńskie
BOVINE_WORD_FAMILIES_234,Bovine,Bydlęce
ALTAIR_WORD_STARS_236,Altair,Altair
POLARIS_WORD_STARS_236,Polaris,Polaris
SIRIUS_WORD_STARS_236,Sirius,Syriusz
VEGA_WORD_STARS_236,Vega,Wega
RIGEL_WORD_STARS_236,Rigel,Rigel
ALKAID_WORD_STARS_236,Alkaid,Alkaid
NEURAL_WORD_AI_238,Neural,Neuronowy
DATASET_WORD_AI_238,Dataset,Zbiór danych
CHATBOT_WORD_AI_238,Chatbot,Chatbot
AGENT_WORD_AI_238,Agent,Agent
MATRIX_WORD_AI_238,Matrix,Macierz
CORTEX_WORD_AI_238,Cortex,Kora
REGION_WORD_DIVISION_242,Region,Region
COUNTRY_WORD_DIVISION_242,Country,Kraj
STATE_WORD_DIVISION_242,State,Stan
CITY_WORD_DIVISION_242,City,Miasto
DIALOGUE_WORD_SPEAK_244,Dialogue,Dialog
DEBATE_WORD_SPEAK_244,Debate,Debata
ARGUMENT_WORD_SPEAK_244,Argument,Spór
WAVY_WORD_HAIR_245,Wavy,Faliste
CURLY_WORD_HAIR_245,Curly,Kręcone
COILY_WORD_HAIR_245,Coily,Skręcone
SPRAIN_WORD_INJURIES_249,Sprain,Skręcenie
FRACTURE_WORD_INJURIES_249,Fracture,Złamanie
BRUISE_WORD_INJURIES_249,Bruise,Siniak
WOUND_WORD_INJURIES_249,Wound,Rana
HEADACHE_WORD_FLU_251,Headache,Ból głowy
PILLS_WORD_FLU_251,Pills,Tabletki
COUGH_WORD_FLU_251,Cough,Kaszel
GYPSUM_WORD_MINERALS_253,Gypsum,Gips
CALCITE_WORD_MINERALS_253,Calcite,Kalcyt
AZURITE_WORD_MINERALS_253,Azurite,Azuryt
MICA_WORD_MINERALS_253,Mica,Mika
MARBLE_WORD_MINERALS_253,Marble,Marmur
QUARTZ_WORD_MINERALS_253,Quartz,Kwarc
LIME_WORD_MINERALS_253,Lime,Wapień
BERYL_WORD_MINERALS_253,Beryl,Beryl
DECAY_WORD_RADIATE_257,Decay,Rozpad
FALLOUT_WORD_RADIATE_257,Fallout,Opad
CURIE_WORD_RADIATE_257,Curie,Curie
X_RAYS_WORD_RADIATE_257,X-rays,Prześwietlenie
GLUCAGON_WORD_HORMONES_259,Glucagon,Glukagon
CORTISOL_WORD_HORMONES_259,Cortisol,Kortyzol
INSULIN_WORD_HORMONES_259,Insulin,Insulina
GASTRIN_WORD_HORMONES_259,Gastrin,Gastryna
IRIS_WORD_EYE_260,Iris,Tęczówka
PUPIL_WORD_EYE_260,Pupil,Źrenica
RETINA_WORD_EYE_260,Retina,Siatkówka
DIG_WORD_SHOVEL_261,Dig,Kopać
EXCAVATE_WORD_SHOVEL_261,Excavate,Wykopać
UNEARTH_WORD_SHOVEL_261,Unearth,Odkopać
ALNICO_WORD_ALLOY_264,Alnico,Alnico
AMALGAM_WORD_ALLOY_264,Amalgam,Amalgamat
BRASS_WORD_ALLOY_264,Brass,Mosiądz
BRONZE_WORD_ALLOY_264,Bronze,Brąz
NICHROME_WORD_ALLOY_264,Nichrome,Nichrom
TUNGSTEN_WORD_ALLOY_264,Pewter,Cyna
NITINOL_WORD_ALLOY_264,Nitinol,Nitinol
STELLITE_WORD_ALLOY_264,Stellite,Stellit
DIWALI_WORD_FESTIVAL_270,Diwali,Diwali
HOLI_WORD_FESTIVAL_270,Holi,Holi
SONGKRAN_WORD_FESTIVAL_270,Songkran,Songkran
THULIUM_WORD_METAL_272,Thulium,Tul
HOLMIUM_WORD_METAL_272,Holmium,Holm
IRIDIUM_WORD_METAL_272,Iridium,Iryd
RHODIUM_WORD_METAL_272,Rhodium,Rod
YTTRIUM_WORD_METAL_272,Yttrium,Itr
LUTETIUM_WORD_METAL_272,Lutetium,Lutet
EUROPIUM_WORD_METAL_272,Europium,Europ
ERBIUM_WORD_METAL_272,Erbium,Erb
INSIGNIA_WORD_ARTIFACT_276,Insignia,Insygnia
RELIC_WORD_ARTIFACT_276,Relic,Relikwia
SIGIL_WORD_ARTIFACT_276,Sigil,Pieczęć
TOTEM_WORD_ARTIFACT_276,Totem,Totem
AMULET_WORD_ARTIFACT_276,Amulet,Amulet
VASE_WORD_ARTIFACT_276,Vase,Waza
GUARD_WORD_DEFENSE_277,Guard,Strażnik
CCTV_WORD_DEFENSE_277,CCTV,Monitoring
SECURITY_WORD_DEFENSE_277,Security,Ochrona
PATROL_WORD_DEFENSE_277,Patrol,Patrol
ATOM_WORD_PARTICLE_281,Atom,Atom
ELECTRON_WORD_PARTICLE_281,Electron,Elektron
NEUTRON_WORD_PARTICLE_281,Neutron,Neutron
HARLEM_WORD_NEW_YORK_287,Harlem,Harlem
SOHO_WORD_NEW_YORK_287,Soho,Soho
TRIBECA_WORD_NEW_YORK_287,Tribeca,Tribeca
ASTORIA_WORD_NEW_YORK_287,Astoria,Astoria
BRONX_WORD_NEW_YORK_287,Bronx,Bronx
QUEENS_WORD_NEW_YORK_287,Queens,Queens
BARNACLE_WORD_NO_BONES_289,Barnacle,Pąkla
SPIDER_WORD_NO_BONES_289,Spider,Pająk
SQUID_WORD_NO_BONES_289,Squid,Kałamarnica
STARFISH_WORD_NO_BONES_289,Starfish,Rozgwiazda
WORM_WORD_NO_BONES_289,Worm,Robak
FABLE_WORD_LEGENDS_291,Fable,Bajka
SAGA_WORD_LEGENDS_291,Saga,Saga
TALE_WORD_LEGENDS_291,Tale,Baśń
EPIC_WORD_LEGENDS_291,Epic,Epos
MYTH_WORD_LEGENDS_291,Myth,Mit
HI_WORD_HELLO_295,Hi,Cześć
HOWDY_WORD_HELLO_295,Howdy,Siema
HEY_WORD_HELLO_295,Hey,Hej
DEGREE_WORD_PHD_296,Degree,Stopień
THESIS_WORD_PHD_296,Thesis,Praca doktorska
RESEARCH_WORD_PHD_296,Research,Badania
CONSENT_WORD_OK_SIGN_301,Consent,Zgoda
OKAY_WORD_OK_SIGN_301,Okay,Okej
YES_WORD_OK_SIGN_301,Yes,Tak
SCALES_WORD_JUSTICE_310,Scales,Waga
GAVEL_WORD_JUSTICE_310,Gavel,Młotek
LAW_WORD_JUSTICE_310,Law,Prawo
COURT_WORD_JUSTICE_310,Court,Sąd
INMATE_WORD_PRISONER_312,Inmate,Więzień
FELON_WORD_PRISONER_312,Felon,Przestępca
DETAINEE_WORD_PRISONER_312,Detainee,Zatrzymany
METEOR_WORD_SPACE_314,Meteor,Meteor
ECLIPSE_WORD_SPACE_314,Eclipse,Zaćmienie
AURORA_WORD_SPACE_314,Aurora,Zorza
PULSAR_WORD_SPACE_314,Pulsar,Pulsar
QUASAR_WORD_SPACE_314,Quasar,Kwazar
NEBULA_WORD_SPACE_314,Nebula,Mgławica
NOVA_WORD_SPACE_314,Nova,Nowa
ASTEROID_WORD_SPACE_314,Asteroid,Asteroida
GAMBLER_WORD_WESTERN_317,Gambler,Hazardzista
SHERIFF_WORD_WESTERN_317,Sheriff,Szeryf
COWBOY_WORD_WESTERN_317,Cowboy,Kowboj
LASSO_WORD_WESTERN_317,Lasso,Lasso
SALOON_WORD_WESTERN_317,Saloon,Saloon
RODEO_WORD_WESTERN_317,Rodeo,Rodeo
SECURE_WORD_LOCK_321,Secure,Bezpieczny
STURDY_WORD_LOCK_321,Sturdy,Solidny
TRUSTY_WORD_LOCK_321,Trusty,Niezawodny
THIGH_WORD_LEGS_322,Thigh,Udo
KNEE_WORD_LEGS_322,Knee,Kolano
ANKLE_WORD_LEGS_322,Ankle,Kostka
RA_WORD_PYRAMIDS_330,Ra,Ra
OSIRIS_WORD_PYRAMIDS_330,Osiris,Ozyrys
ANUBIS_WORD_PYRAMIDS_330,Anubis,Anubis
RAMSES_WORD_PYRAMIDS_330,Ramses,Ramzes
PICKAXE_WORD_SHAFT_331,Pickaxe,Kilof
MINE_WORD_SHAFT_331,Mine,Kopalnia
CART_WORD_SHAFT_331,Cart,Wagonik
PADDOCK_WORD_FARMING_333,Paddock,Padok
COMPOST_WORD_FARMING_333,Compost,Kompost
FALLOW_WORD_FARMING_333,Fallow,Ugór
CROP_WORD_FARMING_333,Crop,Plon
HAY_WORD_FARMING_333,Hay,Siano
HARVEST_WORD_FARMING_333,Harvest,Żniwa
TOPSOIL_WORD_FARMING_333,Topsoil,Próchnica
GRAIN_WORD_FARMING_333,Grain,Zboże
SLEDDING_WORD_SLIDING_339,Sledding,Saneczkarstwo
SKELETON_WORD_SLIDING_339,Skeleton,Skeleton
SKIING_WORD_SLIDING_339,Skiing,Narciarstwo
SKATING_WORD_SLIDING_339,Skating,Łyżwiarstwo
LUGE_WORD_SLIDING_339,Luge,Sanki
OIL_WORD_PAINTING_340,Oil,Olej
ACRYLIC_WORD_PAINTING_340,Acrylic,Akryl
GOUACHE_WORD_PAINTING_340,Gouache,Gwasz
TEMPERA_WORD_PAINTING_340,Tempera,Tempera
FRESCO_WORD_PAINTING_340,Fresco,Fresk
RISOTTO_WORD_RICE_342,Risotto,Risotto
CONGEE_WORD_RICE_342,Congee,Congee
PAELLA_WORD_RICE_342,Paella,Paella
SUSHI_WORD_RICE_342,Sushi,Sushi
ROMANCE_WORD_HEART_344,Romance,Romans
COUPLE_WORD_HEART_344,Couple,Para
PASSION_WORD_HEART_344,Passion,Pasja
VANS_WORD_HIPPIE_349,Vans,Furgonetki
COMMUNE_WORD_HIPPIE_349,Commune,Komuna
FREEDOM_WORD_HIPPIE_349,Freedom,Wolność
DRONE_WORD_ROBOT_354,Drone,Dron
ROBOVAC_WORD_ROBOT_354,Robovac,Roboodkurzacz
NANOBOT_WORD_ROBOT_354,Nanobot,Nanobot
CYBORG_WORD_ROBOT_354,Cyborg,Cyborg
ANDROID_WORD_ROBOT_354,Android,Android
MACHINE_WORD_ROBOT_354,Machine,Maszyna
SIGMA_WORD_GREECE_359,Sigma,Sigma
DELTA_WORD_GREECE_359,Delta,Delta
KAPPA_WORD_GREECE_359,Kappa,Kappa
MOTION_WORD_DYNAMICS_360,Motion,Ruch
INERTIA_WORD_DYNAMICS_360,Inertia,Bezwładność
VELOCITY_WORD_DYNAMICS_360,Velocity,Prędkość
ONTARIO_WORD_LAKES_365,Ontario,Ontario
SUPERIOR_WORD_LAKES_365,Superior,Górne
TITICACA_WORD_LAKES_365,Titicaca,Titicaca
BAIKAL_WORD_LAKES_365,Baikal,Bajkał
MICHIGAN_WORD_LAKES_365,Michigan,Michigan
HURON_WORD_LAKES_365,Huron,Huron
ATOM_WORD_NUCLEAR_366,Atom,Atom
NEUTRON_WORD_NUCLEAR_366,Neutron,Neutron
PROTON_WORD_NUCLEAR_366,Proton,Proton
ELECTRON_WORD_NUCLEAR_366,Electron,Elektron
MILAN_WORD_ITALY_376,Milan,Mediolan
ROME_WORD_ITALY_376,Rome,Rzym
VENICE_WORD_ITALY_376,Venice,Wenecja
FLORENCE_WORD_ITALY_376,Florence,Florencja
THIS_WORD_POINTING_379,This,To
THAT_WORD_POINTING_379,That,Tamto
THOSE_WORD_POINTING_379,Those,Tamte
NORMAL_WORD_SKIN_380,Normal,Normalna
DRY_WORD_SKIN_380,Dry,Sucha
OILY_WORD_SKIN_380,Oily,Tłusta
LIBRARY_WORD_BUILD_384,Library,Biblioteka
MUSEUM_WORD_BUILD_384,Museum,Muzeum
HOSPITAL_WORD_BUILD_384,Hospital,Szpital
SCHOOL_BUILDING_WORD_BUILD_384,School building,Budynek szkoły
HOTEL_WORD_BUILD_384,Hotel,Hotel
FACTORY_WORD_BUILD_384,Factory,Fabryka
STADIUM_WORD_BUILD_384,Stadium,Stadion
MALL_WORD_BUILD_384,Mall,Centrum handlowe
MONARCHY_WORD_POLICIES_394,Monarchy,Monarchia
TYRANNY_WORD_POLICIES_394,Tyranny,Tyrania
ANARCHY_WORD_POLICIES_394,Anarchy,Anarchia
POWER_WORD_STRENGTH_401,Power,Moc
FORCE_WORD_STRENGTH_401,Force,Siła
MIGHT_WORD_STRENGTH_401,Might,Potęga
TEXT_WORD_MESSAGE_407,Text,Tekst
EMAIL_WORD_MESSAGE_407,Email,E-mail
LETTER_WORD_MESSAGE_407,Letter,List
FAX_WORD_MESSAGE_407,Fax,Faks
DUALISM_WORD_VIEWS_410,Dualism,Dualizm
STOICISM_WORD_VIEWS_410,Stoicism,Stoicyzm
NIHILISM_WORD_VIEWS_410,Nihilism,Nihilizm
LUNGS_WORD_ORGANS_412,Lungs,Płuca
KIDNEY_WORD_ORGANS_412,Kidney,Nerka
STOMACH_WORD_ORGANS_412,Stomach,Żołądek
LIVER_WORD_ORGANS_412,Liver,Wątroba
BLADDER_WORD_ORGANS_412,Bladder,Pęcherz
SPLEEN_WORD_ORGANS_412,Spleen,Śledziona
HEART_WORD_ORGANS_412,Heart,Serce
PANCREAS_WORD_ORGANS_412,Pancreas,Trzustka
FOOL_WORD_TAROT_417,Fool,Głupiec
MOON_WORD_TAROT_417,Moon,Księżyc
MAGICIAN_WORD_TAROT_417,Magician,Mag
EMPRESS_WORD_TAROT_417,Empress,Cesarzowa
SOPRANO_WORD_VOICES_439,Soprano,Sopran
TENOR_WORD_VOICES_439,Tenor,Tenor
BARITONE_WORD_VOICES_439,Baritone,Baryton
BASS_WORD_VOICES_439,Bass,Bas
ALTO_WORD_VOICES_439,Alto,Alt
SONNET_WORD_POETRY_440,Sonnet,Sonet
HAIKU_WORD_POETRY_440,Haiku,Haiku
ODE_WORD_POETRY_440,Ode,Oda
BALLAD_WORD_POETRY_440,Ballad,Ballada
ACROSTIC_WORD_POETRY_440,Acrostic,Akrostych
SUPPER_WORD_MEALS_444,Supper,Kolacja
LUNCH_WORD_MEALS_444,Lunch,Obiad
DINNER_WORD_MEALS_444,Dinner,Obiadokolacja
CAULDRON_WORD_ALCHEMY_445,Cauldron,Kocioł
ELIXIR_WORD_ALCHEMY_445,Elixir,Eliksir
POTION_WORD_ALCHEMY_445,Potion,Mikstura
RITUAL_WORD_PAGANISM_469,Ritual,Rytuał
TOTEM_WORD_PAGANISM_469,Totem,Totem
IDOL_WORD_PAGANISM_469,Idol,Bożek
ALTAR_WORD_PAGANISM_469,Altar,Ołtarz
CURRENT_WORD_PRESENT_470,Current,Bieżący
NOW_WORD_PRESENT_470,Now,Teraz
TODAY_WORD_PRESENT_470,Today,Dziś
CODE_WORD_SECRET_471,Code,Kod
AGENT_WORD_SECRET_471,Agent,Agent
WORD_WORD_SECRET_471,Identity,Tożsamość
DONKEY_WORD_EQUIDAE_475,Donkey,Osioł
MULE_WORD_EQUIDAE_475,Mule,Muł
MUSTANG_WORD_EQUIDAE_475,Mustang,Mustang
HORSE_WORD_EQUIDAE_475,Horse,Koń
ZEBRA_WORD_EQUIDAE_475,Zebra,Zebra
PONY_WORD_EQUIDAE_475,Pony,Kucyk
COWHIDE_WORD_LEATHER_480,Cowhide,Bydlęca skóra
NUBUCK_WORD_LEATHER_480,Nubuck,Nubuk
SUEDE_WORD_LEATHER_480,Suede,Zamsz
TOWER_WORD_CASTLE_485,Tower,Wieża
MOAT_WORD_CASTLE_485,Moat,Fosa
DUNGEON_WORD_CASTLE_485,Dungeon,Loch
BASTION_WORD_CASTLE_485,Bastion,Bastion
RAMPART_WORD_CASTLE_485,Rampart,Wał
TURRET_WORD_CASTLE_485,Turret,Baszta
PARAPET_WORD_CASTLE_485,Parapet,Parapet
CITADEL_WORD_CASTLE_485,Citadel,Cytadela
LCD_WORD_DISPLAY_486,LCD,LCD
LED_WORD_DISPLAY_486,LED,LED
OLED_WORD_DISPLAY_486,OLED,OLED
CRT_WORD_DISPLAY_486,CRT,CRT
PLASMA_WORD_DISPLAY_486,Plasma,Plazma
AMOLED_WORD_DISPLAY_486,AMOLED,AMOLED
MAYANS_WORD_CULTURES_487,Mayans,Majowie
AZTECS_WORD_CULTURES_487,Aztecs,Aztekowie
ROMANS_WORD_CULTURES_487,Romans,Rzymianie
GREEKS_WORD_CULTURES_487,Greeks,Grecy
CELTS_WORD_CULTURES_487,Celts,Celtowie
VIKINGS_WORD_CULTURES_487,Vikings,Wikingowie
SAMURAI_WORD_WARRIORS_491,Samurai,Samuraj
SHINOBI_WORD_WARRIORS_491,Shinobi,Shinobi
RONIN_WORD_WARRIORS_491,Ronin,Ronin
ASSASSIN_WORD_WARRIORS_491,Assassin,Zabójca
NINJA_WORD_WARRIORS_491,Ninja,Ninja
DECEIVE_WORD_LIE_492,Deceive,Oszukać
DELUDE_WORD_LIE_492,Delude,Zwieść
FALSIFY_WORD_LIE_492,Falsify,Sfałszować
MISLEAD_WORD_LIE_492,Mislead,Zmylić
OBOE_WORD_VIOLIN_508,Oboe,Obój
CLARINET_WORD_VIOLIN_508,Clarinet,Klarnet
FLUTE_WORD_VIOLIN_508,Flute,Flet
CELLO_WORD_VIOLIN_508,Cello,Wiolonczela
MATE_WORD_ANAGRAM_511,Mate,Kumpel
TEAM_WORD_ANAGRAM_511,Team,Drużyna
MEAT_WORD_ANAGRAM_511,Meat,Mięso
BONGO_WORD_DRUM_518,Bongo,Bongo
DJEMBE_WORD_DRUM_518,Djembe,Djembe
TABLA_WORD_DRUM_518,Tabla,Tabla
ASHIKO_WORD_DRUM_518,Ashiko,Ashiko
TRIUMPH_WORD_WREATH_544,Triumph,Triumf
VICTORY_WORD_WREATH_544,Victory,Zwycięstwo
SUCCESS_WORD_WREATH_544,Success,Sukces
YOGA_WORD_ZEN_549,Yoga,Joga
RINZAI_WORD_ZEN_549,Rinzai,Rinzai
DHARMA_WORD_ZEN_549,Dharma,Dharma
ROUTER_WORD_NETWORK_588,Router,Router
SERVER_WORD_NETWORK_588,Server,Serwer
GATEWAY_WORD_NETWORK_588,Gateway,Brama
ETHERNET_WORD_NETWORK_588,Ethernet,Ethernet
PACKET_WORD_NETWORK_588,Packet,Pakiet
DUTY_WORD_CUSTOMS_592,Duty,Cło
IMPORT_WORD_CUSTOMS_592,Import,Import
BORDER_WORD_CUSTOMS_592,Border,Granica
EXPORT_WORD_CUSTOMS_592,Export,Eksport
PAYMENT_WORD_MORTGAGE_595,Payment,Płatność
INTEREST_WORD_MORTGAGE_595,Interest,Odsetki
RATE_WORD_MORTGAGE_595,Rate,Stopa
MIX_WORD_CONCRETE_601,Mix,Mieszanka
TROWEL_WORD_CONCRETE_601,Trowel,Kielnia
SCREED_WORD_CONCRETE_601,Screed,Wylewka
SATIRE_WORD_MEMES_620,Satire,Satyra
PARODY_WORD_MEMES_620,Parody,Parodia
TROLLING_WORD_MEMES_620,Trolling,Trolling
METHANE_WORD_ALKANES_641,Methane,Metan
ETHANE_WORD_ALKANES_641,Ethane,Etan
PROPANE_WORD_ALKANES_641,Propane,Propan
BUTANE_WORD_ALKANES_641,Butane,Butan
ASSESS_WORD_EVALUATE_651,Assess,Ocenić
ESTIMATE_WORD_EVALUATE_651,Estimate,Oszacować
ANALYZE_WORD_EVALUATE_651,Analyze,Analizować
HUNT_WORD_QUEST_680,Hunt,Polowanie
INQUIRY_WORD_QUEST_680,Inquiry,Dochodzenie
PURSUIT_WORD_QUEST_680,Pursuit,Pościg
GOATEE_WORD_BEARDS_681,Goatee,Kozia bródka
BALBO_WORD_BEARDS_681,Balbo,Balbo
DUCKTAIL_WORD_BEARDS_681,Ducktail,Kaczka
SYNERGY_WORD_YINYANG_721,Synergy,Synergia
DUALITY_WORD_YINYANG_721,Duality,Dualność
HARMONY_WORD_YINYANG_721,Harmony,Harmonia
GOURMET_WORD_FOODIE_726,Gourmet,Smakosz
EPICURE_WORD_FOODIE_726,Epicure,Epikurejczyk
TASTE_WORD_FOODIE_726,Taste,Smak
SYBARITE_WORD_FOODIE_726,Sybarite,Sybaryta
HEDONISM_WORD_FOODIE_726,Hedonism,Hedonizm
DISHES_WORD_FOODIE_726,Dishes,Dania
ROLE_WORD_OPERA_760,Role,Rola
DIVA_WORD_OPERA_760,Diva,Diwa
ACT_WORD_OPERA_760,Act,Akt
BAY_WORD_HARBOR_764,Bay,Zatoka
PIER_WORD_HARBOR_764,Pier,Molo
WHARF_WORD_HARBOR_764,Wharf,Nabrzeże
COAST_WORD_HARBOR_764,Coast,Wybrzeże
MARINA_WORD_HARBOR_764,Marina,Przystań
VESSEL_WORD_HARBOR_764,Vessel,Statek
BRICK_WORD_STREET_768,Lamp,Latarnia
DRIVER_WORD_STREET_768,Driver,Kierowca
CORNER_WORD_STREET_768,Corner,Róg
BIKE_WORD_STREET_768,Bike,Rower
LION_WORD_CHIMERA_795,Lion,Lew
GOAT_WORD_CHIMERA_795,Goat,Koza
SERPENT_WORD_CHIMERA_795,Serpent,Wąż
REINS_WORD_CARRIAGE_800,Reins,Lejce
HARNESS_WORD_CARRIAGE_800,Harness,Uprząż
COACHMAN_WORD_CARRIAGE_800,Coachman,Woźnica
CANTER_WORD_GAITS_810,Canter,Galop
GALLOP_WORD_GAITS_810,Gallop,Cwał
TROT_WORD_GAITS_810,Trot,Kłus
CORE_WORD_EARTH_831,Core,Jądro
MANTLE_WORD_EARTH_831,Mantle,Płaszcz
CRUST_WORD_EARTH_831,Crust,Skorupa
PAGANINI_WORD_VIOLINS_845,Paganini,Paganini
LUTHIER_WORD_VIOLINS_845,Luthier,Lutnik
FRET_WORD_VIOLINS_845,Bow,Smyczek
NOUN_WORD_GRAMMAR_861,Noun,Rzeczownik
VERB_WORD_GRAMMAR_861,Verb,Czasownik
ADVERB_WORD_GRAMMAR_861,Adverb,Przysłówek
CREST_WORD_COASTAL_882,Crest,Grzbiet fali
BREEZE_WORD_COASTAL_882,Breeze,Bryza
SURFING_WORD_COASTAL_882,Surfing,Surfing
SHINGLE_WORD_COASTAL_882,Shingle,Żwirowa plaża
SAND_WORD_COASTAL_882,Sand,Piasek
GROYNE_WORD_COASTAL_882,Groyne,Ostroga
TIDE_WORD_COASTAL_882,Tide,Przypływ
JETTY_WORD_COASTAL_882,Jetty,Pomost
TIRE_WORD_WHEEL_890,Tire,Opona
HUBCAP_WORD_WHEEL_890,Hubcap,Kołpak
STEER_WORD_WHEEL_890,Steer,Kierować
AXLE_WORD_WHEEL_890,Axle,Oś
FORTUNE_WORD_WHEEL_890,Rim,Felga
STEEL_WORD_INDUSTRY_921,Steel,Stal
GOODS_WORD_INDUSTRY_921,Goods,Towary
PRODUCE_WORD_INDUSTRY_921,Produce,Produkty
MEGA_WORD_PREFIX_922,Mega,Mega
NANO_WORD_PREFIX_922,Nano,Nano
DECA_WORD_PREFIX_922,Deca,Deka
SIAMESE_WORD_BREEDS_940,Siamese,Syjamski
SPHYNX_WORD_BREEDS_940,Sphynx,Sfinks
BIRMAN_WORD_BREEDS_940,Birman,Birmański
BENGAL_WORD_BREEDS_940,Bengal,Bengalski
ANGORA_WORD_BREEDS_940,Angora,Angora
BIG_BEN_WORD_LANDMARK_948,Big Ben,Big Ben
SPHINX_WORD_LANDMARK_948,Sphinx,Sfinks
COLOSSEUM_WORD_LANDMARK_948,Colosseum,Koloseum
PYRAMIDS_WORD_LANDMARK_948,Pyramids,Piramidy
NILE_WORD_RIVERS_959,Nile,Nil
AMAZON_WORD_RIVERS_959,Amazon,Amazonka
HUDSON_WORD_RIVERS_959,Hudson,Hudson
SURF_WORD_COAST_969,Surf,Fala
BEACH_WORD_COAST_969,Beach,Plaża
CLIFF_WORD_COAST_969,Cliff,Klif
CLEANSER_WORD_SKINCARE_984,Cleanser,Żel myjący
TONER_WORD_SKINCARE_984,Toner,Tonik
SERUM_WORD_SKINCARE_984,Serum,Serum
TEXTURE_WORD_SKINCARE_984,Texture,Tekstura
PORES_WORD_SKINCARE_984,Pores,Pory
RETINOL_WORD_SKINCARE_984,Retinol,Retinol
PEPTIDES_WORD_SKINCARE_984,Peptides,Peptydy
BLEMISH_WORD_SKINCARE_984,Blemish,Skaza
ROMANOV_WORD_DYNASTY_991,Romanov,Romanowowie
TUDOR_WORD_DYNASTY_991,Tudor,Tudorowie
KENNEDY_WORD_DYNASTY_991,Ottoman,Osmańscy
BOURBON_WORD_DYNASTY_991,Bourbon,Burbonowie
CLERIC_WORD_PRIEST_1019,Cleric,Duchowny
BIBLE_WORD_PRIEST_1019,Bible,Biblia
SAINT_WORD_PRIEST_1019,Saint,Święty
PREACHER_WORD_PRIEST_1019,Preacher,Kaznodzieja
JOURNEY_WORD_MAPS_1022,Journey,Podróż
LANDMARK_WORD_MAPS_1022,Landmark,Punkt orientacyjny
BORDER_WORD_MAPS_1022,Border,Granica
ATLAS_WORD_MAPS_1022,Atlas,Atlas
GLOBE_WORD_MAPS_1022,Globe,Globus
SCALE_WORD_MAPS_1022,Scale,Skala
TERRAIN_WORD_MAPS_1022,Terrain,Teren
CONTOUR_WORD_MAPS_1022,Contour,Warstwica
MELODY_WORD_SINGING_1054,Melody,Melodia
SONG_WORD_SINGING_1054,Song,Piosenka
PITCH_WORD_SINGING_1054,Pitch,Wysokość dźwięku
SOLOIST_WORD_SINGING_1054,Soloist,Solista
ARIA_WORD_SINGING_1054,Aria,Aria
CHOIR_WORD_SINGING_1054,Choir,Chór
HUMMING_WORD_SINGING_1054,Humming,Nucenie
TIMBRE_WORD_SINGING_1054,Timbre,Barwa głosu
GENE_WORD_GENETICS_1060,Gene,Gen
DNA_WORD_GENETICS_1060,DNA,DNA
GENOME_WORD_GENETICS_1060,Genome,Genom
TV_WORD_SCREEN_1030,TV,TV
ATM_WORD_SCREEN_1030,ATM,Bankomat
E_READER_WORD_SCREEN_1030,E-reader,Czytnik
BUZZER_WORD_ALARM_1031,Buzzer,Brzęczyk
BEEP_WORD_ALARM_1031,Beep,Sygnał
RUSH_WORD_ALARM_1031,Rush,Pośpiech
MAPLE_WORD_LEAVES_1055,Maple,Klon
OAK_WORD_LEAVES_1055,Oak,Dąb
PALM_WORD_LEAVES_1055,Palm,Palma
CHESTNUT_WORD_LEAVES_1055,Chestnut,Kasztan
ASH_WORD_LEAVES_1055,Ash,Jesion
POPLAR_WORD_LEAVES_1055,Poplar,Topola
PLATE_WORD_DISHWARE_829,Plate,Talerz
CUP_WORD_DISHWARE_829,Cup,Filiżanka
BOWL_WORD_DISHWARE_829,Bowl,Miska
SAUCER_WORD_DISHWARE_829,Saucer,Spodek
FROG_WORD_POND_830,Frog,Żaba
REED_WORD_POND_830,Reed,Trzcina
DUCK_WORD_POND_830,Duck,Kaczka
PAWN_PIC_CHESS_1,,
ROOK_PIC_CHESS_1,,
KNIGHT_PIC_CHESS_1,,
BISHOP_PIC_CHESS_1,,
QUEEN_PIC_CHESS_1,,
KING_PIC_CHESS_1,,
CHESSBOARD_PIC_CHESS_1,,
CHESS_CLOCK_PIC_CHESS_1,,
HOCKEY_PIC_SPORTS_2,,
SOCCER_PIC_SPORTS_2,,
BOXING_PIC_SPORTS_2,,
TENNIS_PIC_SPORTS_2,,
GOLF_PIC_SPORTS_2,,
RUGBY_PIC_SPORTS_2,,
CURLING_PIC_SPORTS_2,,
TABLE_TENNIS_PIC_SPORTS_2,,
TABLE_PIC_FURNITURE_3,,
SOFA_PIC_FURNITURE_3,,
CHAIR_PIC_FURNITURE_3,,
DESK_PIC_FURNITURE_3,,
BED_PIC_FURNITURE_3,,
WARDROBE_PIC_FURNITURE_3,,
BOOKSHELF_PIC_FURNITURE_3,,
DRESSERS_PIC_FURNITURE_3,,
ACE_OF_HEARTS_PIC_DECK_4,,
KING_HEARTS_PIC_DECK_4,,
QUEEN_HEARTS_PIC_DECK_4,,
JACK_HEARTS_PIC_DECK_4,,
10_HEARTS_PIC_DECK_4,,
9_HEARTS_PIC_DECK_4,,
8_HEARTS_PIC_DECK_4,,
7_HEARTS_PIC_DECK_4,,
ARIES_PIC_ZODIAC_5,,
TAURUS_PIC_ZODIAC_5,,
GEMINI_PIC_ZODIAC_5,,
CANCER_PIC_ZODIAC_5,,
LEO_PIC_ZODIAC_5,,
VIRGO_PIC_ZODIAC_5,,
LIBRA_PIC_ZODIAC_5,,
SAGITTARIUS_PIC_ZODIAC_5,,
PLIERS_PIC_TOOLBOX_6,,
WRENCH_PIC_TOOLBOX_6,,
DRILL_PIC_TOOLBOX_6,,
ADHESIVE_TAPE_PIC_TOOLBOX_6,,
SAW_PIC_TOOLBOX_6,,
CHISEL_PIC_TOOLBOX_6,,
CLAMP_PIC_TOOLBOX_6,,
HAMMER_PIC_TOOLBOX_6,,
GLOVES_PIC_GARMENTS_7,,
DRESS_PIC_GARMENTS_7,,
PANTS_PIC_GARMENTS_7,,
SHIRT_PIC_GARMENTS_7,,
PANTIES_PIC_GARMENTS_7,,
COAT_PIC_GARMENTS_7,,
JACKET_PIC_GARMENTS_7,,
SKIRT_PIC_GARMENTS_7,,
BROCCOLI_PIC_VEGGIE_8,,
CABBAGE_PIC_VEGGIE_8,,
POTATO_PIC_VEGGIE_8,,
CARROT_PIC_VEGGIE_8,,
BEETROOT_PIC_VEGGIE_8,,
CUCUMBER_PIC_VEGGIE_8,,
ONION_PIC_VEGGIE_8,,
EGGPLANT_PIC_VEGGIE_8,,
ORANGE_PIC_FRUITS_9,,
KIWI_PIC_FRUITS_9,,
BANANA_PIC_FRUITS_9,,
APPLE_PIC_FRUITS_9,,
POMEGRANATE_PIC_FRUITS_9,,
PEACH_PIC_FRUITS_9,,
PINEAPPLE_PIC_FRUITS_9,,
WATERMELON_PIC_FRUITS_9,,
CUSHION_PIC_CHAIR_10,,
THRONE_PIC_CHAIR_10,,
OTTOMAN_PIC_CHAIR_10,,
STOOL_PIC_CHAIR_10,,
ARMCHAIR_PIC_CHAIR_10,,
LOVESEAT_PIC_CHAIR_10,,
RECLINER_PIC_CHAIR_10,,
BEANBAG_PIC_CHAIR_10,,
KEPI_PIC_HATS_11,,
BERET_PIC_HATS_11,,
CAP_PIC_HATS_11,,
HAT_PIC_HATS_11,,
VISOR_PIC_HATS_11,,
TURBAN_PIC_HATS_11,,
SOMBRERO_PIC_HATS_11,,
PANAMA_HAT_PIC_HATS_11,,
ORGAN_PIC_PLAY_12,,
VIOLIN_PIC_PLAY_12,,
UKULELE_PIC_PLAY_12,,
DRUM_PIC_PLAY_12,,
PIANO_PIC_PLAY_12,,
FLUTE_PIC_PLAY_12,,
GUITAR_PIC_PLAY_12,,
CELLO_PIC_PLAY_12,,
BROOM_PIC_CLEANING_13,,
MOP_PIC_CLEANING_13,,
VACUUM_PIC_CLEANING_13,,
DUSTER_PIC_CLEANING_13,,
SPONGE_PIC_CLEANING_13,,
BUCKET_PIC_CLEANING_13,,
BIN_PIC_CLEANING_13,,
DUSTPAN_PIC_CLEANING_13,,
BOOTS_PIC_SHOES_14,,
HEELS_PIC_SHOES_14,,
FLATS_PIC_SHOES_14,,
OXFORDS_PIC_SHOES_14,,
WEDGES_PIC_SHOES_14,,
MONKS_PIC_SHOES_14,,
BROGUES_PIC_SHOES_14,,
DERBIES_PIC_SHOES_14,,
ITALY_PIC_MAP_15,,
INDIA_PIC_MAP_15,,
AUSTRALIA_PIC_MAP_15,,
FRANCE_PIC_MAP_15,,
USA_PIC_MAP_15,,
UK_PIC_MAP_15,,
SPAIN_PIC_MAP_15,,
JAPAN_PIC_MAP_15,,
DOVE_PIC_BIRD_16,,
EAGLE_PIC_BIRD_16,,
SWAN_PIC_BIRD_16,,
OWL_PIC_BIRD_16,,
HERON_PIC_BIRD_16,,
ROBIN_PIC_BIRD_16,,
FINCH_PIC_BIRD_16,,
VULTURE_PIC_BIRD_16,,
LOBSTER_PIC_SEAFOOD_17,,
OYSTER_PIC_SEAFOOD_17,,
MUSSEL_PIC_SEAFOOD_17,,
CRAB_PIC_SEAFOOD_17,,
SCALLOP_PIC_SEAFOOD_17,,
CONCH_PIC_SEAFOOD_17,,
SQUID_PIC_SEAFOOD_17,,
SHRIMP_PIC_SEAFOOD_17,,
TERRIER_PIC_DOGS_18,,
BEAGLE_PIC_DOGS_18,,
POODLE_PIC_DOGS_18,,
SPANIEL_PIC_DOGS_18,,
HUSKY_PIC_DOGS_18,,
COLLIE_PIC_DOGS_18,,
BULLDOG_PIC_DOGS_18,,
PUG_PIC_DOGS_18,,
PIZZA_PIC_EATS_19,,
TACO_PIC_EATS_19,,
FRIES_PIC_EATS_19,,
BURGER_PIC_EATS_19,,
KEBAB_PIC_EATS_19,,
SANDWICH_PIC_EATS_19,,
BURRITO_PIC_EATS_19,,
HOT_DOG_PIC_EATS_19,,
LIBRARY_PIC_BUILD_20,,
MUSEUM_PIC_BUILD_20,,
HOSPITAL_PIC_BUILD_20,,
SCHOOL_BUILDING_PIC_BUILD_20,,
HOTEL_PIC_BUILD_20,,
FACTORY_PIC_BUILD_20,,
STADIUM_PIC_BUILD_20,,
MALL_PIC_BUILD_20,,
TROLL_PIC_FOLKLORE_21,,
GOBLIN_PIC_FOLKLORE_21,,
OGRE_PIC_FOLKLORE_21,,
BANSHEE_PIC_FOLKLORE_21,,
UNICORN_PIC_FOLKLORE_21,,
FAIRY_PIC_FOLKLORE_21,,
GNOME_PIC_FOLKLORE_21,,
GENIE_PIC_FOLKLORE_21,,
APRICOT_PIC_DRUPES_22,,
PEACH_PIC_DRUPES_22,,
PLUM_PIC_DRUPES_22,,
CHERRY_PIC_DRUPES_22,,
MANGO_PIC_DRUPES_22,,
LOQUAT_PIC_DRUPES_22,,
OLIVE_PIC_DRUPES_22,,
LYCHEE_PIC_DRUPES_22,,
BLANKET_PIC_PICNIC_23,,
BASKET_PIC_PICNIC_23,,
SANDWICH_PIC_PICNIC_23,,
ANTS_PIC_PICNIC_23,,
JUICE_PIC_PICNIC_23,,
SUN_PIC_PICNIC_23,,
GRASS_PIC_PICNIC_23,,
CRACKERS_PIC_PICNIC_23,,
PROFITEROLE_PIC_PASTRY_24,,
PIE_PIC_PASTRY_24,,
CAKE_PIC_PASTRY_24,,
BRIOCHE_PIC_PASTRY_24,,
TART_PIC_PASTRY_24,,
SCONE_PIC_PASTRY_24,,
STRUDEL_PIC_PASTRY_24,,
BROWNIE_PIC_PASTRY_24,,
BUGLE_PIC_WIND_25,,
TUBA_PIC_WIND_25,,
FLUTE_PIC_WIND_25,,
SAX_PIC_WIND_25,,
HARMONICA_PIC_WIND_25,,
BAGPIPES_PIC_WIND_25,,
CLARINET_PIC_WIND_25,,
TRUMPET_PIC_WIND_25,,
BOOKSTORE_PIC_MALL_26,,
PHARMACY_PIC_MALL_26,,
SECURITY_PIC_MALL_26,,
JANITOR_PIC_MALL_26,,
CREDIT_CARD_PIC_MALL_26,,
CASH_PIC_MALL_26,,
PAPER_BAG_PIC_MALL_26,,
FITTING_ROOM_PIC_MALL_26,,
VIOLIN_PIC_STRINGS_27,,
GUITAR_PIC_STRINGS_27,,
CELLO_PIC_STRINGS_27,,
VIOLA_PIC_STRINGS_27,,
BANJO_PIC_STRINGS_27,,
HARP_PIC_STRINGS_27,,
UKULELE_PIC_STRINGS_27,,
MANDOLIN_PIC_STRINGS_27,,
NECKLACE_PIC_JEWELRY_28,,
EARRING_PIC_JEWELRY_28,,
DIAMOND_RING_PIC_JEWELRY_28,,
BRACELET_PIC_JEWELRY_28,,
ANKLET_PIC_JEWELRY_28,,
LOCKET_PIC_JEWELRY_28,,
DIADEM_PIC_JEWELRY_28,,
BROOCH_PIC_JEWELRY_28,,
DAISY_PIC_FLOWERS_29,,
LILY_PIC_FLOWERS_29,,
TULIP_PIC_FLOWERS_29,,
ROSE_PIC_FLOWERS_29,,
POPPY_PIC_FLOWERS_29,,
PEONY_PIC_FLOWERS_29,,
ASTER_PIC_FLOWERS_29,,
PANSY_PIC_FLOWERS_29,,
LIZARD_PIC_REPTILES_30,,
SNAKE_PIC_REPTILES_30,,
ALLIGATOR_PIC_REPTILES_30,,
GECKO_PIC_REPTILES_30,,
CHAMELEON_PIC_REPTILES_30,,
IGUANA_PIC_REPTILES_30,,
TURTLE_PIC_REPTILES_30,,
DINOSAUR_PIC_REPTILES_30,,
DIAMOND_PIC_GEMSTONE_31,,
RUBY_PIC_GEMSTONE_31,,
SAPPHIRE_PIC_GEMSTONE_31,,
EMERALD_PIC_GEMSTONE_31,,
CRYSTAL_PIC_GEMSTONE_31,,
GARNET_PIC_GEMSTONE_31,,
PERIDOT_PIC_GEMSTONE_31,,
OPAL_PIC_GEMSTONE_31,,
MOSQUITO_PIC_INSECTS_32,,
LADYBUG_PIC_INSECTS_32,,
MOTH_PIC_INSECTS_32,,
WASP_PIC_INSECTS_32,,
DRAGONFLY_PIC_INSECTS_32,,
ANT_PIC_INSECTS_32,,
CRICKET_PIC_INSECTS_32,,
MANTIS_PIC_INSECTS_32,,
BEAVER_PIC_RODENTS_33,,
MARMOT_PIC_RODENTS_33,,
NUTRIA_PIC_RODENTS_33,,
SQUIRREL_PIC_RODENTS_33,,
CAPYBARA_PIC_RODENTS_33,,
RAT_PIC_RODENTS_33,,
HAMSTER_PIC_RODENTS_33,,
GUINEA_PIG_PIC_RODENTS_33,,
COWBOY_HAT_PIC_WESTERN_34,,
COWBOY_BOOTS_PIC_WESTERN_34,,
LASSO_PIC_WESTERN_34,,
COWBOY_PIC_WESTERN_34,,
SHERIFF_PIC_WESTERN_34,,
BADGE_PIC_WESTERN_34,,
SALOON_PIC_WESTERN_34,,
CACTI_PIC_WESTERN_34,,
JOLLY_ROGER_PIC_PIRATE_35,,
PARROT_PIC_PIRATE_35,,
CUTLASS_PIC_PIRATE_35,,
CANNON_PIC_PIRATE_35,,
RUM_PIC_PIRATE_35,,
TREASURE_MAP_PIC_PIRATE_35,,
WOODEN_SHIP_S_WHEEL_PIC_PIRATE_35,,
TREASURE_CHEST_PIC_PIRATE_35,,
BUOY_PIC_BEACH_36,,
SEAGULL_PIC_BEACH_36,,
BAY_PIC_BEACH_36,,
SAND_PIC_BEACH_36,,
WAVES_PIC_BEACH_36,,
SHELLS_PIC_BEACH_36,,
BEACH_CHAIR_PIC_BEACH_36,,
BEACH_UMBRELLA_PIC_BEACH_36,,
PYRAMID_PIC_EGYPT_37,,
SPHINX_PIC_EGYPT_37,,
PHARAOH_S_MASK_PIC_EGYPT_37,,
MUMMY_PIC_EGYPT_37,,
SCARAB_PIC_EGYPT_37,,
NILE_RIVER_PIC_EGYPT_37,,
ANUBIS_PIC_EGYPT_37,,
HIEROGLYPHS_PIC_EGYPT_37,,
ASTRONAUT_PIC_SPACE_38,,
ROCKET_PIC_SPACE_38,,
UFO_PIC_SPACE_38,,
ALIEN_PIC_SPACE_38,,
SATURN_PIC_SPACE_38,,
SPACE_STATION_PIC_SPACE_38,,
GALAXY_PIC_SPACE_38,,
MARS_ROVER_PIC_SPACE_38,,
TUNA_PIC_SEA_FISH_39,,
MARLIN_PIC_SEA_FISH_39,,
COD_PIC_SEA_FISH_39,,
SARDINE_PIC_SEA_FISH_39,,
SHARK_PIC_SEA_FISH_39,,
SAWFISH_PIC_SEA_FISH_39,,
STINGRAY_PIC_SEA_FISH_39,,
CLOWNFISH_PIC_SEA_FISH_39,,
BALLOON_PIC_BIRTHDAY_40,,
CANDLE_PIC_BIRTHDAY_40,,
CAKE_PIC_BIRTHDAY_40,,
BOX_PIC_BIRTHDAY_40,,
CONFETTI_PIC_BIRTHDAY_40,,
BIRTHDAY_HAT_PIC_BIRTHDAY_40,,
PARTY_HORN_PIC_BIRTHDAY_40,,
BIRTHDAY_BANNER_PIC_BIRTHDAY_40,,
ELECTRIC_CAR_PIC_CHARGER_41,,
SMARTWATCH_PIC_CHARGER_41,,
LAPTOP_PIC_CHARGER_41,,
DIGITAL_CAMERA_PIC_CHARGER_41,,
POWER_BANK_PIC_CHARGER_41,,
ELECTRIC_TOOTHBRUSH_PIC_CHARGER_41,,
BLUETOOTH_HEADPHONES_PIC_CHARGER_41,,
DRONE_PIC_CHARGER_41,,
HELICOPTER_PIC_TRANSPORT_42,,
TRAIN_PIC_TRANSPORT_42,,
PLANE_PIC_TRANSPORT_42,,
TAXI_PIC_TRANSPORT_42,,
SCOOTER_PIC_TRANSPORT_42,,
DOUBLE_DECKER_BUS_PIC_TRANSPORT_42,,
MOTORBOAT_PIC_TRANSPORT_42,,
HOT_AIR_BALLOON_PIC_TRANSPORT_42,,
CAT_PIC_WHISKERS_43,,
DOG_PIC_WHISKERS_43,,
SEAL_PIC_WHISKERS_43,,
WALRUS_PIC_WHISKERS_43,,
OTTER_PIC_WHISKERS_43,,
SQUIRREL_PIC_WHISKERS_43,,
CATFISH_PIC_WHISKERS_43,,
LION_PIC_WHISKERS_43,,
BEEF_PIC_BURGER_44,,
BUN_PIC_BURGER_44,,
SAUCE_PIC_BURGER_44,,
CHEESE_PIC_BURGER_44,,
LETTUCE_PIC_BURGER_44,,
TOMATO_PIC_BURGER_44,,
PICKLE_PIC_BURGER_44,,
ONION_PIC_BURGER_44,,
SODA_PIC_DRINKS_45,,
ESPRESSO_PIC_DRINKS_45,,
LEMONADE_PIC_DRINKS_45,,
JUICE_PIC_DRINKS_45,,
TEA_PIC_DRINKS_45,,
MILK_PIC_DRINKS_45,,
BUBBLE_TEA_PIC_DRINKS_45,,
SPORTS_DRINK_PIC_DRINKS_45,,
CIRCLE_PIC_SHAPES_46,,
SQUARE_PIC_SHAPES_46,,
OVAL_PIC_SHAPES_46,,
OCTAGON_PIC_SHAPES_46,,
TRIANGLE_PIC_SHAPES_46,,
STAR_PIC_SHAPES_46,,
HEART_PIC_SHAPES_46,,
RHOMBUS_PIC_SHAPES_46,,
JEWELRY_PIC_LUXURY_47,,
WATCH_PIC_LUXURY_47,,
CLASSIC_HANDBAG_PIC_LUXURY_47,,
YACHT_PIC_LUXURY_47,,
PRIVATE_JET_PIC_LUXURY_47,,
SUPERCAR_PIC_LUXURY_47,,
ART_PAINTING_PIC_LUXURY_47,,
AMERICAN_EXPRESS_CENTURION_CARD_PIC_LUXURY_47,,
FOOL_PIC_TAROT_48,,
MOON_PIC_TAROT_48,,
MAGICIAN_PIC_TAROT_48,,
EMPRESS_PIC_TAROT_48,,
DEATH_PIC_TAROT_48,,
SUN_PIC_TAROT_48,,
STAR_PIC_TAROT_48,,
HANGED_MAN_PIC_TAROT_48,,
PACIFIER_PIC_BABIES_49,,
DIAPER_PIC_BABIES_49,,
RATTLE_PIC_BABIES_49,,
STROLLER_PIC_BABIES_49,,
BOTTLE_PIC_BABIES_49,,
BABY_BOWL_AND_SOFT_TIP_SPOON_PIC_BABIES_49,,
CRIB_PIC_BABIES_49,,
CAR_SEAT_PIC_BABIES_49,,
ROPE_PIC_SAILOR_50,,
FLAG_PIC_SAILOR_50,,
STORM_PIC_SAILOR_50,,
KNOT_PIC_SAILOR_50,,
SAILOR_HAT_PIC_SAILOR_50,,
SPYGLASS_PIC_SAILOR_50,,
SEXTANT_PIC_SAILOR_50,,
HARBOR_LIGHTHOUSE_PIC_SAILOR_50,,
GUM_PIC_CANDY_51,,
CHOCO_PIC_CANDY_51,,
FUDGE_PIC_CANDY_51,,
LOLLIPOP_PIC_CANDY_51,,
HARD_CANDY_PIC_CANDY_51,,
MARSHMALLOW_PIC_CANDY_51,,
TURKISH_DELIGHT_PIC_CANDY_51,,
COTTON_CANDY_PIC_CANDY_51,,
DOOR_PIC_KEYS_52,,
PADLOCK_PIC_KEYS_52,,
CAR_PIC_KEYS_52,,
SAFE_PIC_KEYS_52,,
SUITCASE_PIC_KEYS_52,,
STORAGE_LOCKER_PIC_KEYS_52,,
TREASURE_CHEST_PIC_KEYS_52,,
LOCKABLE_NOTEBOOK_PIC_KEYS_52,,
GRASS_PIC_LAWN_53,,
MOWER_PIC_LAWN_53,,
FOUR_LEAF_CLOVER_PIC_LAWN_53,,
SPRINKLER_PIC_LAWN_53,,
GARDENING_GLOVES_PIC_LAWN_53,,
LEAF_RAKE_PIC_LAWN_53,,
PICNIC_BLANKET_PIC_LAWN_53,,
FRISBEE_PIC_LAWN_53,,
CUBE_PIC_3D_54,,
SPHERE_PIC_3D_54,,
CONE_PIC_3D_54,,
TORUS_PIC_3D_54,,
SQUARE_PYRAMID_PIC_3D_54,,
CYLINDER_PIC_3D_54,,
OCTAHEDRON_PIC_3D_54,,
MOBIUS_STRIP_PIC_3D_54,,
BATS_PIC_VAMPIRE_55,,
FANGS_PIC_VAMPIRE_55,,
COFFIN_PIC_VAMPIRE_55,,
GARLIC_PIC_VAMPIRE_55,,
CAPE_PIC_VAMPIRE_55,,
CANDLE_AND_CANDLESTICK_PIC_VAMPIRE_55,,
GOTHIC_CASTLE_PIC_VAMPIRE_55,,
RED_ROSE_PIC_VAMPIRE_55,,
BIG_BEN_PIC_LANDMARK_56,,
STATUE_OF_LIBERTY_PIC_LANDMARK_56,,
COLOSSEUM_PIC_LANDMARK_56,,
PYRAMIDS_PIC_LANDMARK_56,,
GREAT_WALL_PIC_LANDMARK_56,,
EIFFEL_TOWER_PIC_LANDMARK_56,,
PARTHENON_PIC_LANDMARK_56,,
LEANING_TOWER_OF_PISA_PIC_LANDMARK_56,,
DUNES_PIC_DESERT_57,,
CACTI_PIC_DESERT_57,,
OASIS_PIC_DESERT_57,,
CAMEL_PIC_DESERT_57,,
LEATHER_WATER_CANTEEN_PIC_DESERT_57,,
GOGGLES_PIC_DESERT_57,,
FENNEC_FOX_PIC_DESERT_57,,
DESERT_TENT_PIC_DESERT_57,,
TEDDY_BEAR_PIC_TOYS_58,,
KITE_PIC_TOYS_58,,
LEGO_PIC_TOYS_58,,
GAMEPAD_PIC_TOYS_58,,
SPINNING_TOP_PIC_TOYS_58,,
JUMP_ROPE_PIC_TOYS_58,,
JIGSAW_PUZZLE_PIC_TOYS_58,,
BUILDING_BLOCKS_PIC_TOYS_58,,
EGGPLANT_PIC_PURPLE_59,,
VIOLET_PIC_PURPLE_59,,
PLUM_PIC_PURPLE_59,,
LAVENDER_PIC_PURPLE_59,,
PURPLE_GRAPES_PIC_PURPLE_59,,
PURPLE_MUG_PIC_PURPLE_59,,
AMETHYST_PIC_PURPLE_59,,
WISTERIA_PIC_PURPLE_59,,
BANANA_PIC_YELLOW_60,,
CORN_PIC_YELLOW_60,,
GOLD_PIC_YELLOW_60,,
CHEESE_PIC_YELLOW_60,,
RUBBER_DUCK_PIC_YELLOW_60,,
LEMON_PIC_YELLOW_60,,
YELLOW_GEMSTONE_PIC_YELLOW_60,,
YELLOW_ROSE_PIC_YELLOW_60,,
UMBRELLA_PIC_RAIN_61,,
RAINCOAT_PIC_RAIN_61,,
CLOUD_PIC_RAIN_61,,
PUDDLE_PIC_RAIN_61,,
RAIN_BOOTS_PIC_RAIN_61,,
LIGHTNING_PIC_RAIN_61,,
RAINBOW_PIC_RAIN_61,,
RAINY_WEATHER_ICON_PIC_RAIN_61,,
DUMBBELL_PIC_GYM_62,,
BARBELL_PIC_GYM_62,,
AIR_BIKE_PIC_GYM_62,,
KETTLEBELL_PIC_GYM_62,,
TREADMILL_PIC_GYM_62,,
EXERCISE_BALL_PIC_GYM_62,,
ELLIPTICAL_MACHINE_PIC_GYM_62,,
AB_ROLLER_PIC_GYM_62,,
SOCKS_PIC_PAIRS_63,,
TWINS_PIC_PAIRS_63,,
SKIS_PIC_PAIRS_63,,
GLOVES_PIC_PAIRS_63,,
SHOES_PIC_PAIRS_63,,
WINGS_PIC_PAIRS_63,,
EARBUDS_PIC_PAIRS_63,,
CHOPSTICKS_PIC_PAIRS_63,,
TENT_PIC_CAMPING_64,,
CAMPFIRE_PIC_CAMPING_64,,
HAMMOCK_PIC_CAMPING_64,,
SLEEPING_BAG_PIC_CAMPING_64,,
CAMP_CHAIR_PIC_CAMPING_64,,
CAMPING_LANTERN_PIC_CAMPING_64,,
MULTI_TOOL_PIC_CAMPING_64,,
INSECT_REPELLENT_PIC_CAMPING_64,,
CANDY_CANE_PIC_XMAS_65,,
CHRISTMAS_STOCKING_PIC_XMAS_65,,
SANTA_PIC_XMAS_65,,
CHRISTMAS_TREE_PIC_XMAS_65,,
FAIRY_LIGHTS_PIC_XMAS_65,,
REINDEER_PIC_XMAS_65,,
GINGERBREAD_HOUSE_PIC_XMAS_65,,
CHRISTMAS_GIFT_PIC_XMAS_65,,
STAMP_PIC_MAIL_66,,
PARCEL_PIC_MAIL_66,,
LETTER_PIC_MAIL_66,,
MAILBOX_PIC_MAIL_66,,
POSTMARK_PIC_MAIL_66,,
EMAIL_PIC_MAIL_66,,
CARRIER_PIGEON_PIC_MAIL_66,,
POSTMAN_PIC_MAIL_66,,
CHEF_S_HAT_PIC_CHEF_67,,
RESTAURANT_PIC_CHEF_67,,
DISH_PIC_CHEF_67,,
CHEF_S_JACKET_PIC_CHEF_67,,
PROFESSIONAL_OVEN_PIC_CHEF_67,,
CHEF_S_KNIFE_PIC_CHEF_67,,
WOK_PIC_CHEF_67,,
SPICE_JAR_PIC_CHEF_67,,
TV_PIC_SCREEN_68,,
LAPTOP_PIC_SCREEN_68,,
E_READER_PIC_SCREEN_68,,
SMARTPHONE_PIC_SCREEN_68,,
SMARTWATCH_PIC_SCREEN_68,,
HANDHELD_GAME_CONSOLE_PIC_SCREEN_68,,
MOVIE_SCREEN_PIC_SCREEN_68,,
CALCULATOR_PIC_SCREEN_68,,
STETHOSCOPE_PIC_TOOLS_69,,
WRENCH_PIC_TOOLS_69,,
PAINTBRUSH_PIC_TOOLS_69,,
GAVEL_PIC_TOOLS_69,,
MICROPHONE_PIC_TOOLS_69,,
HARD_HAT_PIC_TOOLS_69,,
TEACHING_POINTER_PIC_TOOLS_69,,
SCAPEL_PIC_TOOLS_69,,
STAPLER_PIC_SUPPLIES_70,,
TAPE_DISPENSER_PIC_SUPPLIES_70,,
PAPERCLIP_PIC_SUPPLIES_70,,
NOTEBOOK_PIC_SUPPLIES_70,,
RUBBER_STAMP_PIC_SUPPLIES_70,,
FILE_FOLDER_PIC_SUPPLIES_70,,
PENCIL_PIC_SUPPLIES_70,,
CALCULATOR_PIC_SUPPLIES_70,,
BOWL_PIC_UTENSILS_71,,
PLATE_PIC_UTENSILS_71,,
CHOPSTICKS_PIC_UTENSILS_71,,
SPOON_PIC_UTENSILS_71,,
FORK_PIC_UTENSILS_71,,
CUP_PIC_UTENSILS_71,,
DINNER_KNIFE_PIC_UTENSILS_71,,
PLACEMAT_PIC_UTENSILS_71,,
CANVAS_PIC_ARTS_72,,
PALETTE_PIC_ARTS_72,,
SCULPTURE_PIC_ARTS_72,,
CAMERA_PIC_ARTS_72,,
FILM_PIC_ARTS_72,,
SHEET_MUSIC_PIC_ARTS_72,,
STAGE_CURTAIN_PIC_ARTS_72,,
MASK_PIC_ARTS_72,,
COMPASS_PIC_SURVIVAL_73,,
FLASHLIGHT_PIC_SURVIVAL_73,,
TENT_PIC_SURVIVAL_73,,
MATCHES_PIC_SURVIVAL_73,,
MULTI_TOOL_PIC_SURVIVAL_73,,
WATER_BOTTLE_PIC_SURVIVAL_73,,
ROPE_PIC_SURVIVAL_73,,
FIRST_AID_KIT_PIC_SURVIVAL_73,,
FLOUR_PIC_BAKING_74,,
EGGS_PIC_BAKING_74,,
SUGAR_PIC_BAKING_74,,
BUTTER_PIC_BAKING_74,,
YEAST_PIC_BAKING_74,,
CHOCOLATE_CHIPS_PIC_BAKING_74,,
VANILLA_EXTRACT_PIC_BAKING_74,,
CREAM_PIC_BAKING_74,,
THERMOMETER_PIC_MEDICAL_75,,
MASK_PIC_MEDICAL_75,,
SYRINGE_PIC_MEDICAL_75,,
PILLS_PIC_MEDICAL_75,,
BANDAGE_PIC_MEDICAL_75,,
WHEELCHAIR_PIC_MEDICAL_75,,
BLOOD_PRESSURE_MONITOR_PIC_MEDICAL_75,,
FIRST_AID_KIT_PIC_MEDICAL_75,,
REUSABLE_BAG_PIC_ECO_ITEMS_76,,
BIODEGRADABLE_UTENSILS_PIC_ECO_ITEMS_76,,
SOLAR_PANEL_PIC_ECO_ITEMS_76,,
WINDMILL_PIC_ECO_ITEMS_76,,
RECYCLING_BIN_PIC_ECO_ITEMS_76,,
BICYCLE_PIC_ECO_ITEMS_76,,
WATER_SAVING_FAUCET_PIC_ECO_ITEMS_76,,
LED_LIGHT_PIC_ECO_ITEMS_76,,
WALL_CLOCK_PIC_DECOR_77,,
PHOTO_FRAME_PIC_DECOR_77,,
RUG_PIC_DECOR_77,,
VASE_PIC_DECOR_77,,
WALL_ART_PIC_DECOR_77,,
CURTAINS_PIC_DECOR_77,,
THROW_PILLOW_PIC_DECOR_77,,
SCENTED_CANDLE_PIC_DECOR_77,,
SURFBOARD_PIC_AQUATICS_78,,
DIVING_MASK_PIC_AQUATICS_78,,
KAYAK_PIC_AQUATICS_78,,
LIFE_RING_PIC_AQUATICS_78,,
WETSUIT_PIC_AQUATICS_78,,
SAILBOAT_PIC_AQUATICS_78,,
PADDLEBOARD_PIC_AQUATICS_78,,
LIFE_JACKET_PIC_AQUATICS_78,,
CHECKMARK_PIC_ICONS_79,,
CROSS_PIC_ICONS_79,,
CIRCLE_PIC_ICONS_79,,
ARROW_PIC_ICONS_79,,
HEART_PIC_ICONS_79,,
STAR_PIC_ICONS_79,,
LOCK_ICON_PIC_ICONS_79,,
ENVELOPE_ICON_PIC_ICONS_79,,
JACK_O_LANTERN_PIC_HALLOWEEN_80,,
GHOST_PIC_HALLOWEEN_80,,
BAT_PIC_HALLOWEEN_80,,
BLACK_CAT_PIC_HALLOWEEN_80,,
WITCH_HAT_PIC_HALLOWEEN_80,,
SPIDER_WEB_PIC_HALLOWEEN_80,,
CANDY_BUCKET_PIC_HALLOWEEN_80,,
SKELETON_PIC_HALLOWEEN_80,,
