id,basic_card_name_en,th-TH
DOG_WORD_PETS_2,Dog,สุนัข
HAMSTER_WORD_PETS_2,Hamster,แฮมสเตอร์
CAT_WORD_PETS_2,Cat,แมว
PARROT_WORD_PETS_2,Parrot,นกแก้ว
HOT_DOG_WORD_FOOD_3,Hot dog,ฮอทด็อก
PIZZA_WORD_FOOD_3,Pizza,พิซซ่า
BURGER_WORD_FOOD_3,Burger,เบอร์เกอร์
FRIES_WORD_FOOD_3,Fries,เฟรนช์ฟรายส์
PEONY_WORD_FLOWERS_4,Peony,โบตั๋น
LILY_WORD_FLOWERS_4,Lily,ลิลลี่
ROSE_WORD_FLOWERS_4,Rose,กุหลาบ
TULIP_WORD_FLOWERS_4,Tulip,ทิวลิป
WESTERN_WORD_CINEMA_6,Western,เวสเทิร์น
DRAMA_WORD_CINEMA_6,Drama,ดราม่า
COMEDY_WORD_CINEMA_6,Comedy,ตลก
HORROR_WORD_CINEMA_6,Horror,สยองขวัญ
POPCORN_WORD_CINEMA_6,Action,แอ็คชั่น
TICKET_WORD_CINEMA_6,Romance,โรแมนติก
BEEF_WORD_BURGER_8,Beef,เนื้อวัว
BUN_WORD_BURGER_8,Bun,ขนมปังกลม
SAUCE_WORD_BURGER_8,Sauce,ซอส
CHEESE_WORD_BURGER_8,Cheese,ชีส
PAGE_WORD_BOOK_9,Page,หน้า
PAPER_WORD_BOOK_9,Paper,กระดาษ
COVER_WORD_BOOK_9,Cover,ปก
ASIA_WORD_LANDMASS_10,Asia,เอเชีย
AFRICA_WORD_LANDMASS_10,Africa,แอฟริกา
EUROPE_WORD_LANDMASS_10,Europe,ยุโรป
SODA_WORD_DRINKS_16,Soda,โซดา
ESPRESSO_WORD_DRINKS_16,Espresso,เอสเพรสโซ
LEMONADE_WORD_DRINKS_16,Lemonade,น้ำมะนาว
JUICE_WORD_DRINKS_16,Juice,น้ำผลไม้
PAWN_WORD_CHESS_17,Pawn,เบี้ย
ROOK_WORD_CHESS_17,Rook,เรือ
BISHOP_WORD_CHESS_17,Bishop,โคน
QUEEN_WORD_CHESS_17,Queen,ควีน
SPRING_WORD_SEASONS_18,Spring,ฤดูใบไม้ผลิ
AUTUMN_WORD_SEASONS_18,Autumn,ฤดูใบไม้ร่วง
WINTER_WORD_SEASONS_18,Winter,ฤดูหนาว
SUMMER_WORD_SEASONS_18,Summer,ฤดูร้อน
ROD_WORD_FISHING_20,Rod,คันเบ็ด
BOBBER_WORD_FISHING_20,Bobber,ทุ่น
BAIT_WORD_FISHING_20,Bait,เหยื่อ
JAMAICA_WORD_ISLANDS_21,Jamaica,จาเมกา
ICELAND_WORD_ISLANDS_21,Iceland,ไอซ์แลนด์
SICILY_WORD_ISLANDS_21,Sicily,ซิซิลี
HAWAII_WORD_ISLANDS_21,Hawaii,ฮาวาย
BALI_WORD_ISLANDS_21,Bali,บาหลี
IBIZA_WORD_ISLANDS_21,Ibiza,อิบิซา
CRETE_WORD_ISLANDS_21,Crete,ครีต
BARBADOS_WORD_ISLANDS_21,Barbados,บาร์เบโดส
RUMBA_WORD_DANCES_24,Rumba,รุมบ้า
TANGO_WORD_DANCES_24,Tango,แทงโก้
SALSA_WORD_DANCES_24,Salsa,ซัลซ่า
WALTZ_WORD_DANCES_24,Waltz,วอลทซ์
SAMBA_WORD_DANCES_24,Samba,แซมบ้า
FLAMENCO_WORD_DANCES_24,Flamenco,ฟลาเมงโก
MOSQUITO_WORD_INSECTS_25,Mosquito,ยุง
LADYBUG_WORD_INSECTS_25,Ladybug,เต่าทอง
MOTH_WORD_INSECTS_25,Moth,ผีเสื้อกลางคืน
WASP_WORD_INSECTS_25,Wasp,ตัวต่อ
DRAGONFLY_WORD_INSECTS_25,Dragonfly,แมลงปอ
ANT_WORD_INSECTS_25,Ant,มด
METAL_WORD_MATERIAL_27,Metal,โลหะ
GLASS_WORD_MATERIAL_27,Glass,แก้ว
PLASTIC_WORD_MATERIAL_27,Plastic,พลาสติก
STONE_WORD_MATERIAL_27,Stone,หิน
TERMINAL_WORD_AIRPORT_29,Terminal,อาคารผู้โดยสาร
RUNWAY_WORD_AIRPORT_29,Runway,รันเวย์
GATE_WORD_AIRPORT_29,Gate,ประตูขึ้นเครื่อง
CREAM_WORD_DAIRY_30,Cream,ครีม
BUTTER_WORD_DAIRY_30,Butter,เนย
YOGURT_WORD_DAIRY_30,Yogurt,โยเกิร์ต
GOLDFISH_WORD_FISH_31,Goldfish,ปลาทอง
TUNA_WORD_FISH_31,Tuna,ทูน่า
MARLIN_WORD_FISH_31,Marlin,มาร์ลิน
SARDINE_WORD_FISH_31,Sardine,ซาร์ดีน
EEL_WORD_FISH_31,Eel,ปลาไหล
MACKEREL_WORD_FISH_31,Mackerel,ปลาแมคเคอเรล
GROUPER_WORD_FISH_31,Grouper,ปลาเก๋า
PERCH_WORD_FISH_31,Perch,ปลาเพิร์ช
ITALY_WORD_MAP_32,Italy,อิตาลี
INDIA_WORD_MAP_32,India,อินเดีย
AUSTRALIA_WORD_MAP_32,Australia,ออสเตรเลีย
FRANCE_WORD_MAP_32,France,ฝรั่งเศส
USA_WORD_MAP_32,USA,สหรัฐอเมริกา
UK_WORD_MAP_32,UK,สหราชอาณาจักร
CYPRUS_WORD_MAP_32,Cyprus,ไซปรัส
JAPAN_WORD_MAP_32,Japan,ญี่ปุ่น
ARMOR_WORD_KNIGHT_34,Armor,เกราะ
HELMET_WORD_KNIGHT_34,Helmet,หมวกเกราะ
SHIELD_WORD_KNIGHT_34,Shield,โล่
WEAPON_WORD_KNIGHT_34,Weapon,อาวุธ
DESTRIER_WORD_KNIGHT_34,Destrier,ม้าศึก
CHIVALRY_WORD_KNIGHT_34,Chivalry,อัศวินธรรม
SHOOTER_WORD_GAMER_36,Shooter,ชูตเตอร์
ARCADE_WORD_GAMER_36,Arcade,อาร์เคด
STRATEGY_WORD_GAMER_36,Strategy,กลยุทธ์
SCORE_WORD_GAMER_36,Score,คะแนน
DRYER_WORD_DEVICE_38,Dryer,เครื่องอบแห้ง
PRINTER_WORD_DEVICE_38,Printer,เครื่องพิมพ์
FAX_WORD_DEVICE_38,Fax,แฟกซ์
HEATER_WORD_DEVICE_38,Heater,เครื่องทำความร้อน
MANSION_WORD_HOUSE_40,Mansion,คฤหาสน์
PALACE_WORD_HOUSE_40,Palace,พระราชวัง
VILLA_WORD_HOUSE_40,Villa,วิลล่า
PILOT_WORD_JOBS_42,Pilot,นักบิน
MAILMAN_WORD_JOBS_42,Mailman,บุรุษไปรษณีย์
DOCTOR_WORD_JOBS_42,Doctor,หมอ
WELDER_WORD_JOBS_42,Welder,ช่างเชื่อม
ENGINEER_WORD_JOBS_42,Engineer,วิศวกร
PLUMBER_WORD_JOBS_42,Plumber,ช่างประปา
ACTOR_WORD_JOBS_42,Actor,นักแสดง
NURSE_WORD_JOBS_42,Nurse,พยาบาล
SANDALS_WORD_FOOTWEAR_46,Sandals,รองเท้าแตะ
UGGS_WORD_FOOTWEAR_46,Uggs,อั๊กส์
SLIPPERS_WORD_FOOTWEAR_46,Slippers,รองเท้าแตะ
CLOGS_WORD_FOOTWEAR_46,Clogs,รองเท้าไม้
LOAFERS_WORD_FOOTWEAR_46,Loafers,โลฟเฟอร์
SNEAKERS_WORD_FOOTWEAR_46,Sneakers,สนีกเกอร์
CAR_WORD_DRIVING_49,Car,รถยนต์
ROAD_WORD_DRIVING_49,Road,ถนน
SIGN_WORD_DRIVING_49,Sign,ป้าย
TRAFFIC_WORD_DRIVING_49,Traffic,จราจร
VESPUCCI_WORD_EXPLORER_51,Vespucci,เวสปุชชี
MAGELLAN_WORD_EXPLORER_51,Magellan,มาเจลลัน
COLUMBUS_WORD_EXPLORER_51,Columbus,โคลัมบัส
KICK_WORD_MOVEMENT_52,Kick,เตะ
WALK_WORD_MOVEMENT_52,Walk,เดิน
JUMP_WORD_MOVEMENT_52,Jump,กระโดด
SOLID_WORD_PHASE_57,Solid,ของแข็ง
LIQUID_WORD_PHASE_57,Liquid,ของเหลว
GAS_WORD_PHASE_57,Gas,แก๊ส
COMFY_WORD_COZY_58,Comfy,สบาย
WARM_WORD_COZY_58,Warm,อบอุ่น
SNUG_WORD_COZY_58,Snug,อุ่นสบาย
ARIES_WORD_ZODIAC_59,Aries,ราศีเมษ
TAURUS_WORD_ZODIAC_59,Taurus,ราศีพฤษภ
GEMINI_WORD_ZODIAC_59,Gemini,ราศีเมถุน
LEO_WORD_ZODIAC_59,Leo,ราศีสิงห์
VIRGO_WORD_ZODIAC_59,Virgo,ราศีกันย์
LIBRA_WORD_ZODIAC_59,Libra,ราศีตุลย์
SCORPIO_WORD_ZODIAC_59,Scorpio,ราศีพิจิก
PISCES_WORD_ZODIAC_59,Pisces,ราศีมีน
FRIGATE_WORD_SHIP_62,Frigate,เรือฟริเกต
CARAVEL_WORD_SHIP_62,Caravel,เรือคาราเวล
GALLEON_WORD_SHIP_62,Galleon,เรือกัลเลียน
BRIG_WORD_SHIP_62,Brig,เรือบริก
TANKER_WORD_SHIP_62,Tanker,เรือบรรทุกน้ำมัน
TUGBOAT_WORD_SHIP_62,Tugboat,เรือลากจูง
STAMP_WORD_MAILMAN_63,Stamp,แสตมป์
ENVELOPE_WORD_MAILMAN_63,Envelope,ซองจดหมาย
LETTER_WORD_MAILMAN_63,Letter,จดหมาย
MAIL_WORD_MAILMAN_63,Mail,ไปรษณีย์
SEAL_WORD_MAILMAN_63,Seal,ตราประทับ
INK_WORD_MAILMAN_63,Ink,หมึก
BUST_WORD_SCULPT_64,Bust,รูปครึ่งตัว
FIGURINE_WORD_SCULPT_64,Figurine,รูปปั้นจำลอง
STATUE_WORD_SCULPT_64,Statue,รูปปั้น
MONUMENT_WORD_SCULPT_64,Monument,อนุสาวรีย์
ENGLISH_WORD_LANGUAGE_70,English,อังกฤษ
ITALIAN_WORD_LANGUAGE_70,Italian,อิตาเลียน
HINDI_WORD_LANGUAGE_70,Hindi,ฮินดี
JAPANESE_WORD_LANGUAGE_70,Japanese,ญี่ปุ่น
HEBREW_WORD_LANGUAGE_70,Hebrew,ฮีบรู
DANISH_WORD_LANGUAGE_70,Danish,เดนิช
LATIN_WORD_LANGUAGE_70,Latin,ละติน
POLISH_WORD_LANGUAGE_70,Polish,โปลิช
LENS_WORD_CAMERA_73,Lens,เลนส์
FLASH_WORD_CAMERA_73,Flash,แฟลช
ZOOM_WORD_CAMERA_73,Zoom,ซูม
FILTER_WORD_CAMERA_73,Filter,ฟิลเตอร์
SHUTTER_WORD_CAMERA_73,Shutter,ชัตเตอร์
EXPOSURE_WORD_CAMERA_73,Exposure,การรับแสง
MIST_WORD_FOG_76,Mist,หมอก
HAZE_WORD_FOG_76,Haze,หมอกจาง
SMOG_WORD_FOG_76,Smog,หมอกควัน
VAPOR_WORD_FOG_76,Vapor,ไอน้ำ
SLEET_WORD_SNOW_77,Sleet,ฝนน้ำแข็ง
FLAKE_WORD_SNOW_77,Flake,เกล็ดหิมะ
ICEBERG_WORD_SNOW_77,Frost,น้ำค้างแข็ง
HEDGEHOG_WORD_SPIKY_78,Hedgehog,เม่น
CACTUS_WORD_SPIKY_78,Cactus,กระบองเพชร
DURIAN_WORD_SPIKY_78,Durian,ทุเรียน
DOVE_WORD_BIRDS_80,Dove,นกพิราบ
EAGLE_WORD_BIRDS_80,Eagle,นกอินทรี
SWAN_WORD_BIRDS_80,Swan,หงส์
OWL_WORD_BIRDS_80,Owl,นกฮูก
HERON_WORD_BIRDS_80,Heron,นกกระสา
ROBIN_WORD_BIRDS_80,Robin,โรบิน
FINCH_WORD_BIRDS_80,Finch,ฟินช์
VULTURE_WORD_BIRDS_80,Vulture,อีแร้ง
SARTRE_WORD_MINDS_82,Sartre,ซาร์ตร์
DANTE_WORD_MINDS_82,Dante,ดันเต
PLATO_WORD_MINDS_82,Plato,เพลโต
SOCRATES_WORD_MINDS_82,Socrates,โสกราตีส
GALILEO_WORD_MINDS_82,Galileo,กาลิเลโอ
KANT_WORD_MINDS_82,Kant,คานท์
PUCK_WORD_HOCKEY_86,Puck,พัค
PENALTY_WORD_HOCKEY_86,Penalty,จุดโทษ
GOAL_WORD_HOCKEY_86,Goal,ประตู
RINK_WORD_HOCKEY_86,Rink,ลานน้ำแข็ง
COUPLE_WORD_DATE_87,Couple,คู่รัก
TUXEDO_WORD_DATE_87,Wine,ไวน์
FLOWERS_WORD_DATE_87,Flowers,ดอกไม้
TEETH_WORD_SAW_88,Teeth,ฟัน
BLADE_WORD_SAW_88,Blade,ใบมีด
NOTCH_WORD_SAW_88,Notch,รอยบาก
OLDMAN_WORD_ACTOR_89,Oldman,โอลด์แมน
PITT_WORD_ACTOR_89,Pitt,พิตต์
EASTWOOD_WORD_ACTOR_89,Eastwood,อีสต์วูด
HANKS_WORD_ACTOR_89,Hanks,แฮงค์ส
CROWE_WORD_ACTOR_89,Crowe,โครว์
CRUISE_WORD_ACTOR_89,Cruise,ครูซ
DICAPRIO_WORD_ACTOR_89,DiCaprio,ดิคาปริโอ
WAHLBERG_WORD_ACTOR_89,Wahlberg,วอลเบิร์ก
MERCURY_WORD_PLANET_90,Mercury,ดาวพุธ
JUPITER_WORD_PLANET_90,Jupiter,ดาวพฤหัสบดี
SATURN_WORD_PLANET_90,Saturn,ดาวเสาร์
URANUS_WORD_PLANET_90,Uranus,ดาวยูเรนัส
NEPTUNE_WORD_PLANET_90,Neptune,ดาวเนปจูน
MARS_WORD_PLANET_90,Mars,ดาวอังคาร
EARTH_WORD_PLANET_90,Earth,โลก
VENUS_WORD_PLANET_90,Venus,ดาวศุกร์
BIOLOGY_WORD_LESSONS_94,Biology,ชีววิทยา
PHYSICS_WORD_LESSONS_94,Physics,ฟิสิกส์
GEOMETRY_WORD_LESSONS_94,Geometry,เรขาคณิต
ALGEBRA_WORD_LESSONS_94,Algebra,พีชคณิต
HISTORY_WORD_LESSONS_94,History,ประวัติศาสตร์
CALCULUS_WORD_LESSONS_94,Calculus,แคลคูลัส
TABLETS_WORD_PILLS_99,Tablets,ยาเม็ด
CAPSULES_WORD_PILLS_99,Capsules,แคปซูล
LOZENGES_WORD_PILLS_99,Lozenges,ยาอม
CLOUDS_WORD_RAINY_100,Clouds,เมฆ
SHOWERS_WORD_RAINY_100,Showers,ฝนตก
PUDDLES_WORD_RAINY_100,Puddles,แอ่งน้ำ
CIABATTA_WORD_BREADS_102,Ciabatta,ชาบัตตา
BAGUETTE_WORD_BREADS_102,Baguette,บาแก็ตต์
FOCACCIA_WORD_BREADS_102,Focaccia,โฟคัชชา
PITA_WORD_BREADS_102,Pita,พิตา
CHALLAH_WORD_BREADS_102,Challah,ฮัลลาห์
TORTILLA_WORD_BREADS_102,Tortilla,ตอร์ตียา
BRIOCHE_WORD_BREADS_102,Brioche,บริยอช
AREPA_WORD_BREADS_102,Arepa,อาเรปา
GYRUS_WORD_BRAIN_106,Gyrus,ไจรัส
CORTEX_WORD_BRAIN_106,Cortex,คอร์เท็กซ์
LOBE_WORD_BRAIN_106,Lobe,พูสมอง
HYDROGEN_WORD_ELEMENTS_107,Hydrogen,ไฮโดรเจน
NITROGEN_WORD_ELEMENTS_107,Nitrogen,ไนโตรเจน
SULFUR_WORD_ELEMENTS_107,Sulfur,กำมะถัน
CARBON_WORD_ELEMENTS_107,Carbon,คาร์บอน
SODIUM_WORD_ELEMENTS_107,Sodium,โซเดียม
SILICON_WORD_ELEMENTS_107,Silicon,ซิลิคอน
IODINE_WORD_ELEMENTS_107,Iodine,ไอโอดีน
OXYGEN_WORD_ELEMENTS_107,Oxygen,ออกซิเจน
BRIE_WORD_CHEESE_108,Brie,บรี
FETA_WORD_CHEESE_108,Feta,เฟต้า
GOUDA_WORD_CHEESE_108,Gouda,เกาดา
CHEDDAR_WORD_CHEESE_108,Cheddar,เชดดาร์
PARMESAN_WORD_CHEESE_108,Parmesan,พาร์เมซาน
RICOTTA_WORD_CHEESE_108,Ricotta,ริคอตตา
EDAM_WORD_CHEESE_108,Edam,เอดัม
DORBLU_WORD_CHEESE_108,Swiss,สวิส
WORKOUT_WORD_FITNESS_110,Workout,ออกกำลังกาย
YOGA_WORD_FITNESS_110,Yoga,โยคะ
PILATES_WORD_FITNESS_110,Pilates,พิลาทิส
JOGGING_WORD_FITNESS_110,Jogging,วิ่งจ๊อกกิ้ง
GYM_WORD_FITNESS_110,Gym,ยิม
CARDIO_WORD_FITNESS_110,Cardio,คาร์ดิโอ
BICEPS_WORD_MUSCLES_112,Biceps,ไบเซ็ปส์
DELTOIDS_WORD_MUSCLES_112,Deltoids,เดลทอยด์
ABS_WORD_MUSCLES_112,Abs,หน้าท้อง
TRICEPS_WORD_MUSCLES_112,Triceps,ไตรเซ็ปส์
SCARAB_WORD_EGYPT_114,Scarab,แมลงทับ
PHARAOH_WORD_EGYPT_114,Pharaoh,ฟาโรห์
PAPYRUS_WORD_EGYPT_114,Papyrus,กระดาษปาปิรุส
PYRAMID_WORD_EGYPT_114,Pyramid,พีระมิด
MULBERRY_WORD_BERRY_116,Mulberry,มัลเบอร์รี
BILBERRY_WORD_BERRY_116,Bilberry,บิลเบอร์รี
BARBERRY_WORD_BERRY_116,Barberry,บาร์เบอร์รี
ATHENS_WORD_CAPITALS_119,Athens,เอเธนส์
PRAGUE_WORD_CAPITALS_119,Prague,ปราก
MADRID_WORD_CAPITALS_119,Madrid,มาดริด
RIYADH_WORD_CAPITALS_119,Riyadh,ริยาด
OTTAWA_WORD_CAPITALS_119,Ottawa,ออตตาวา
ROME_WORD_CAPITALS_119,Rome,โรม
OSLO_WORD_CAPITALS_119,Oslo,ออสโล
CAIRO_WORD_CAPITALS_119,Cairo,ไคโร
POWDER_WORD_MAKEUP_120,Powder,แป้ง
SPONGE_WORD_MAKEUP_120,Sponge,ฟองน้ำ
PALETTE_WORD_MAKEUP_120,Palette,พาเลตต์
SERUM_WORD_MAKEUP_120,Serum,เซรั่ม
PEEL_WORD_MAKEUP_120,Peel,พีล
BLUSH_WORD_MAKEUP_120,Blush,บลัชออน
SAVATE_WORD_COMBAT_121,Savate,ซาวาเต
JUDO_WORD_COMBAT_121,Judo,ยูโด
KARATE_WORD_COMBAT_121,Karate,คาราเต้
KUNG_FU_WORD_COMBAT_121,Kung fu,กังฟู
SUMO_WORD_COMBAT_121,Sumo,ซูโม่
SILAT_WORD_COMBAT_121,Silat,ซีลัต
CHORDS_WORD_GUITAR_122,Chords,คอร์ด
PICKUPS_WORD_GUITAR_122,Pickups,ปิ๊กอัพ
STRINGS_WORD_GUITAR_122,Strings,สาย
RIFFS_WORD_GUITAR_122,Riffs,ริฟฟ์
POINTE_WORD_BALLET_125,Pointe,ปวงต์
TUTU_WORD_BALLET_125,Tutu,ทูทู่
BARRE_WORD_BALLET_125,Barre,บาร์
ALLIANCE_WORD_UNITE_126,Alliance,พันธมิตร
LEAGUE_WORD_UNITE_126,League,สันนิบาต
UNION_WORD_UNITE_126,Union,สหภาพ
JEWELRY_WORD_LUXURY_133,Jewelry,เครื่องเพชร
WATCH_WORD_LUXURY_133,Watch,นาฬิกา
CAVIAR_WORD_LUXURY_133,Caviar,คาเวียร์
YACHT_WORD_LUXURY_133,Yacht,เรือยอร์ช
SAVANNA_WORD_BIOMES_135,Savanna,ทุ่งหญ้าสะวันนา
TUNDRA_WORD_BIOMES_135,Tundra,ทุนดรา
TAIGA_WORD_BIOMES_135,Taiga,ไทกา
SRIRACHA_WORD_SPICY_136,Sriracha,ศรีราชา
WASABI_WORD_SPICY_136,Wasabi,วาซาบิ
HABANERO_WORD_SPICY_136,Habanero,ฮาบาเนโร
COCKPIT_WORD_PLANE_139,Cockpit,ห้องนักบิน
SEATBELT_WORD_PLANE_139,Seatbelt,เข็มขัดนิรภัย
WINGS_WORD_PLANE_139,Wings,ปีก
ENGINE_WORD_PLANE_139,Engine,เครื่องยนต์
RUDDER_WORD_PLANE_139,Rudder,หางเสือ
FUSELAGE_WORD_PLANE_139,Fuselage,ลำตัว
AILERON_WORD_PLANE_139,Aileron,ปีกเสริม
FLY_WORD_PLANE_139,Fly,บิน
BEAVER_WORD_RODENTS_141,Beaver,บีเวอร์
MARMOT_WORD_RODENTS_141,Marmot,มาร์มอต
NUTRIA_WORD_RODENTS_141,Nutria,นูเทรีย
SQUIRREL_WORD_RODENTS_141,Squirrel,กระรอก
CAPYBARA_WORD_RODENTS_141,Capybara,คาปิบารา
RAT_WORD_RODENTS_141,Rat,หนู
SOLAR_WORD_ENERGY_145,Solar,พลังแสงอาทิตย์
NUCLEAR_WORD_ENERGY_145,Nuclear,นิวเคลียร์
KINETIC_WORD_ENERGY_145,Kinetic,จลน์
THERMAL_WORD_ENERGY_145,Thermal,ความร้อน
ESSAY_WORD_ARTICLES_147,Essay,เรียงความ
REVIEW_WORD_ARTICLES_147,Review,บทวิจารณ์
OPINION_WORD_ARTICLES_147,Opinion,ความเห็น
TSUNAMI_WORD_DISASTER_148,Tsunami,สึนามิ
TORNADO_WORD_DISASTER_148,Tornado,ทอร์นาโด
FLOOD_WORD_DISASTER_148,Flood,น้ำท่วม
GORILLA_WORD_PRIMATES_149,Gorilla,กอริลลา
GIBBON_WORD_PRIMATES_149,Gibbon,ชะนี
BABOON_WORD_PRIMATES_149,Baboon,บาบูน
LEMUR_WORD_PRIMATES_149,Lemur,ลีเมอร์
MACAQUE_WORD_PRIMATES_149,Macaque,ลิงแสม
SIMIAN_WORD_PRIMATES_149,Simian,วานร
MANDRILL_WORD_PRIMATES_149,Mandrill,แมนดริล
TARSIER_WORD_PRIMATES_149,Tarsier,ทาร์เซียร์
PYTHON_WORD_CODING_150,Python,ไพทอน
JAVA_WORD_CODING_150,Java,จาวา
RUBY_WORD_CODING_150,Ruby,รูบี้
SWIFT_WORD_CODING_150,Swift,สวิฟท์
SCRIPT_WORD_CODING_150,Script,สคริปต์
PHP_WORD_CODING_150,PHP,พีเอชพี
SQL_WORD_CODING_150,SQL,เอสคิวแอล
BUGS_WORD_CODING_150,Bugs,บั๊ก
LYRICS_WORD_RAP_151,Lyrics,เนื้อเพลง
VERSE_WORD_RAP_151,Verse,บทกลอน
RHYME_WORD_RAP_151,Rhyme,สัมผัส
PUNCH_WORD_RAP_151,Punch,พันช์ไลน์
NIAGARA_WORD_WATER_152,Niagara,ไนแอการา
VICTORIA_WORD_WATER_152,Victoria,วิกตอเรีย
YOSEMITE_WORD_WATER_152,Yosemite,โยเซมิตี
HAVASU_WORD_WATER_152,Havasu,ฮาวาซู
YO_YO_WORD_TOYS_154,Yo-yo,โยโย่
SPINNER_WORD_TOYS_154,Spinner,สปินเนอร์
DOLL_WORD_TOYS_154,Doll,ตุ๊กตา
SERGEANT_WORD_ARMY_156,Sergeant,จ่า
MAJOR_WORD_ARMY_156,Major,พันตรี
GENERAL_WORD_ARMY_156,General,นายพล
COLONEL_WORD_ARMY_156,Colonel,พันเอก
PRIVATE_WORD_ARMY_156,Private,พลทหาร
CORPORAL_WORD_ARMY_156,Corporal,สิบตรี
CAPTAIN_WORD_ARMY_156,Captain,ร้อยเอก
RANK_WORD_ARMY_156,Rank,ยศ
ZEN_WORD_MEDITATE_160,Zen,เซน
BREATH_WORD_MEDITATE_160,Breath,ลมหายใจ
PEACE_WORD_MEDITATE_160,Peace,สันติ
MANTRA_WORD_MEDITATE_160,Mantra,มนตรา
FAMOUS_WORD_FAME_161,Famous,มีชื่อเสียง
ICONIC_WORD_FAME_161,Iconic,เป็นสัญลักษณ์
POPULAR_WORD_FAME_161,Popular,เป็นที่นิยม
RENOWN_WORD_FAME_161,Renown,กิตติศัพท์
SYNTAX_WORD_LINGUIST_162,Syntax,วากยสัมพันธ์
POLYGLOT_WORD_LINGUIST_162,Polyglot,ผู้รู้หลายภาษา
GRAMMAR_WORD_LINGUIST_162,Grammar,ไวยากรณ์
SCHOLAR_WORD_LINGUIST_162,Scholar,นักวิชาการ
EASTER_WORD_HOLIDAY_163,Easter,อีสเตอร์
NEW_YEAR_WORD_HOLIDAY_163,New Year,ปีใหม่
FLAG_DAY_WORD_HOLIDAY_163,Flag Day,วันธงชาติ
DUMBBELL_WORD_GYM_164,Dumbbell,ดัมเบล
BARBELL_WORD_GYM_164,Barbell,บาร์เบล
AIR_BIKE_WORD_GYM_164,Air bike,แอร์ไบค์
PERICLES_WORD_WILLIAM_165,Pericles,เพริคลีส
MACBETH_WORD_WILLIAM_165,Macbeth,แม็คเบ็ธ
HAMLET_WORD_WILLIAM_165,Hamlet,แฮมเล็ต
OTHELLO_WORD_WILLIAM_165,Othello,โอเทลโล
JULIET_WORD_WILLIAM_165,Juliet,จูเลียต
ROMEO_WORD_WILLIAM_165,Romeo,โรมิโอ
TEMPEST_WORD_WILLIAM_165,Tempest,พายุ
HENRY_V_WORD_WILLIAM_165,Henry V,เฮนรี่ที่ 5
WOLF_WORD_CANINES_168,Wolf,หมาป่า
COYOTE_WORD_CANINES_168,Coyote,โคโยตี้
DINGO_WORD_CANINES_168,Dingo,ดิงโก
JACKAL_WORD_CANINES_168,Jackal,หมาจิ้งจอก
FOX_WORD_CANINES_168,Fox,สุนัขจิ้งจอก
DHOLE_WORD_CANINES_168,Dhole,หมาใน
HARVARD_WORD_STUDIES_169,Harvard,ฮาร์วาร์ด
STANFORD_WORD_STUDIES_169,Stanford,สแตนฟอร์ด
OXFORD_WORD_STUDIES_169,Oxford,อ็อกซ์ฟอร์ด
YALE_WORD_STUDIES_169,Yale,เยล
SORBONNE_WORD_STUDIES_169,Sorbonne,ซอร์บอนน์
MIT_WORD_STUDIES_169,MIT,เอ็มไอที
LEMON_WORD_CITRUS_173,Lemon,เลมอน
LIME_WORD_CITRUS_173,Lime,มะนาว
POMELO_WORD_CITRUS_173,Pomelo,ส้มโอ
GLIDER_WORD_AIRCRAFT_174,Glider,เครื่องร่อน
JETLINER_WORD_AIRCRAFT_174,Jetliner,เครื่องบินเจ็ต
AIRPLANE_WORD_AIRCRAFT_174,Airplane,เครื่องบิน
MERLOT_WORD_GRAPE_177,Merlot,เมอร์โลต์
RIESLING_WORD_GRAPE_177,Riesling,รีสลิง
SHIRAZ_WORD_GRAPE_177,Shiraz,ชีราซ
GRENACHE_WORD_GRAPE_177,Grenache,เกรนาช
MUSCAT_WORD_GRAPE_177,Muscat,มัสคัท
MALBEC_WORD_GRAPE_177,Malbec,มัลเบ็ค
AMANITA_WORD_MUSHROOM_178,Amanita,อะมานิตา
PORCINI_WORD_MUSHROOM_178,Porcini,พอร์ชินี
RUSSULA_WORD_MUSHROOM_178,Russula,รัสซูลา
TRUFFLE_WORD_MUSHROOM_178,Truffle,ทรัฟเฟิล
ENOKI_WORD_MUSHROOM_178,Enoki,เห็ดเข็มทอง
SHIITAKE_WORD_MUSHROOM_178,Shiitake,เห็ดหอม
WALRUS_WORD_ARCTIC_180,Walrus,วอลรัส
POLAR_BEAR_WORD_ARCTIC_180,Polar bear,หมีขั้วโลก
SNOWY_OWL_WORD_ARCTIC_180,Snowy owl,นกฮูกหิมะ
REINDEER_WORD_ARCTIC_180,Reindeer,กวางเรนเดียร์
PIT_STOP_WORD_RACING_182,Pit stop,พิตสต็อป
FINISH_WORD_RACING_182,Finish,เส้นชัย
SPEEDWAY_WORD_RACING_182,Speedway,สปีดเวย์
ASSIST_WORD_HELP_183,Assist,ช่วยเหลือ
SUPPORT_WORD_HELP_183,Support,สนับสนุน
DONATE_WORD_HELP_183,Donate,บริจาค
OPAL_WORD_GEMSTONE_186,Opal,โอปอล
RUBY_WORD_GEMSTONE_186,Ruby,ทับทิม
TOPAZ_WORD_GEMSTONE_186,Topaz,บุษราคัม
SAPPHIRE_WORD_GEMSTONE_186,Sapphire,ไพลิน
GARNET_WORD_GEMSTONE_186,Garnet,โกเมน
DIAMOND_WORD_GEMSTONE_186,Diamond,เพชร
ONYX_WORD_GEMSTONE_186,Onyx,นิล
AGATE_WORD_GEMSTONE_186,Agate,อาเกต
ORION_WORD_PATTERN_188,Orion,นายพราน
PERSEUS_WORD_PATTERN_188,Perseus,เพอร์ซิอัส
DRACO_WORD_PATTERN_188,Draco,มังกร
SCORPIUS_WORD_PATTERN_188,Scorpius,แมงป่อง
CYGNUS_WORD_PATTERN_188,Cygnus,หงส์
SERPENS_WORD_PATTERN_188,Serpens,งู
GASOLINE_WORD_FUELS_190,Gasoline,น้ำมันเบนซิน
DIESEL_WORD_FUELS_190,Diesel,ดีเซล
COAL_WORD_FUELS_190,Coal,ถ่านหิน
PROPANE_WORD_FUELS_190,Propane,โพรเพน
KEROSENE_WORD_FUELS_190,Kerosene,น้ำมันก๊าด
VOTER_WORD_ELECT_193,Voter,ผู้มีสิทธิเลือกตั้ง
BALLOT_WORD_ELECT_193,Ballot,บัตรเลือกตั้ง
CAMPAIGN_WORD_ELECT_193,Campaign,หาเสียง
TURNOUT_WORD_ELECT_193,Turnout,ผู้ไปใช้สิทธิ์
KING_WORD_CROWN_194,King,กษัตริย์
EMPEROR_WORD_CROWN_194,Emperor,จักรพรรดิ
MAHARAJA_WORD_CROWN_194,Maharaja,มหาราชา
KENNEDY_WORD_LEADER_196,Washington,วอชิงตัน
CLINTON_WORD_LEADER_196,Jefferson,เจฟเฟอร์สัน
LINCOLN_WORD_LEADER_196,Lincoln,ลินคอล์น
REAGAN_WORD_LEADER_196,Roosevelt,รูสเวลต์
BUSH_WORD_LEADER_196,Wilson,วิลสัน
OBAMA_WORD_LEADER_196,Jackson,แจ็คสัน
ADAMS_WORD_LEADER_196,Adams,อดัมส์
BIDEN_WORD_LEADER_196,Madison,เมดิสัน
SOFT_BUN_WORD_HOT_DOG_201,Soft bun,ขนมปังนิ่ม
SAUSAGE_WORD_HOT_DOG_201,Sausage,ไส้กรอก
KETCHUP_WORD_HOT_DOG_201,Ketchup,ซอสมะเขือเทศ
DECODE_WORD_CIPHER_208,Decode,ถอดรหัส
ENCODE_WORD_CIPHER_208,Encode,เข้ารหัส
KEYWORD_WORD_CIPHER_208,Keyword,คำสำคัญ
PASSWORD_WORD_CIPHER_208,Password,รหัสผ่าน
HARMONY_WORD_SYMPHONY_210,Harmony,ความกลมกลืน
OVERTURE_WORD_SYMPHONY_210,Overture,โอเวอร์เจอร์
MELODY_WORD_SYMPHONY_210,Melody,ท่วงทำนอง
PHOTO_WORD_ARTWORKS_211,Photo,ภาพถ่าย
DRAWING_WORD_ARTWORKS_211,Drawing,ภาพวาด
PAINTING_WORD_ARTWORKS_211,Painting,จิตรกรรม
HAMMER_WORD_AUCTION_215,Hammer,ค้อน
LOT_WORD_AUCTION_215,Lot,ล็อต
BID_WORD_AUCTION_215,Bid,ประมูล
PRICE_WORD_AUCTION_215,Price,ราคา
CATALOG_WORD_AUCTION_215,Catalog,แค็ตตาล็อก
BIDDER_WORD_AUCTION_215,Bidder,ผู้ประมูล
EXCELSA_WORD_BEANS_219,Excelsa,เอ็กเซลซ่า
ROBUSTA_WORD_BEANS_219,Robusta,โรบัสตา
LIBERICA_WORD_BEANS_219,Liberica,ลิเบอริกา
ARABICA_WORD_BEANS_219,Arabica,อาราบิกา
TENT_WORD_CAMPING_221,Tent,เต็นท์
CAMPFIRE_WORD_CAMPING_221,Campfire,กองไฟ
HAMMOCK_WORD_CAMPING_221,Hammock,เปลญวน
ORGAN_WORD_PLAY_223,Organ,ออร์แกน
VIOLIN_WORD_PLAY_223,Violin,ไวโอลิน
UKULELE_WORD_PLAY_223,Ukulele,อูคูเลเล
DRUM_WORD_PLAY_223,Drum,กลอง
PIANO_WORD_PLAY_223,Piano,เปียโน
FLUTE_WORD_PLAY_223,Flute,ฟลุต
GUITAR_WORD_PLAY_223,Guitar,กีตาร์
CELLO_WORD_PLAY_223,Cello,เชลโล
BANK_WORD_FINANCE_227,Bank,ธนาคาร
INCOME_WORD_FINANCE_227,Income,รายได้
EXPENSE_WORD_FINANCE_227,Expense,รายจ่าย
MONEY_WORD_FINANCE_227,Money,เงิน
KINGDOM_WORD_MEDIEVAL_228,Kingdom,อาณาจักร
LORD_WORD_MEDIEVAL_228,Lord,ขุนนาง
KNIGHT_WORD_MEDIEVAL_228,Knight,อัศวิน
CASTLE_WORD_MEDIEVAL_228,Castle,ปราสาท
GLASSES_WORD_OPTICS_229,Glasses,แว่นตา
LENS_WORD_OPTICS_229,Lens,เลนส์
MONOCLE_WORD_OPTICS_229,Monocle,โมโนเคิล
SPYGLASS_WORD_OPTICS_229,Spyglass,กล้องส่องทางไกล
SIGNPOST_WORD_NAVIGATE_230,Signpost,ป้ายบอกทาง
SEXTANT_WORD_NAVIGATE_230,Sextant,เซ็กซ์แทนต์
COMPASS_WORD_NAVIGATE_230,Compass,เข็มทิศ
PLAYPEN_WORD_TODDLER_231,Playpen,คอกเด็ก
NAP_TIME_WORD_TODDLER_231,Nap time,เวลานอนกลางวัน
PACIFIER_WORD_TODDLER_231,Pacifier,จุกนมหลอก
CAPRINE_WORD_FAMILIES_234,Caprine,ตระกูลแพะ
OVINE_WORD_FAMILIES_234,Ovine,ตระกูลแกะ
FELINE_WORD_FAMILIES_234,Feline,ตระกูลแมว
EQUINE_WORD_FAMILIES_234,Equine,ตระกูลม้า
CANINE_WORD_FAMILIES_234,Canine,ตระกูลสุนัข
MURINE_WORD_FAMILIES_234,Murine,ตระกูลหนู
PORCINE_WORD_FAMILIES_234,Porcine,ตระกูลหมู
BOVINE_WORD_FAMILIES_234,Bovine,ตระกูลวัว
ALTAIR_WORD_STARS_236,Altair,ดาวอัลแทร์
POLARIS_WORD_STARS_236,Polaris,ดาวเหนือ
SIRIUS_WORD_STARS_236,Sirius,ดาวซิริอุส
VEGA_WORD_STARS_236,Vega,ดาวเวกา
RIGEL_WORD_STARS_236,Rigel,ดาวไรเจล
ALKAID_WORD_STARS_236,Alkaid,ดาวอัลคาอิด
NEURAL_WORD_AI_238,Neural,นิวรอล
DATASET_WORD_AI_238,Dataset,ชุดข้อมูล
CHATBOT_WORD_AI_238,Chatbot,แชตบอต
AGENT_WORD_AI_238,Agent,เอเจนต์
MATRIX_WORD_AI_238,Matrix,เมทริกซ์
CORTEX_WORD_AI_238,Cortex,คอร์เท็กซ์
REGION_WORD_DIVISION_242,Region,ภูมิภาค
COUNTRY_WORD_DIVISION_242,Country,ประเทศ
STATE_WORD_DIVISION_242,State,รัฐ
CITY_WORD_DIVISION_242,City,เมือง
DIALOGUE_WORD_SPEAK_244,Dialogue,บทสนทนา
DEBATE_WORD_SPEAK_244,Debate,อภิปราย
ARGUMENT_WORD_SPEAK_244,Argument,ข้อโต้แย้ง
WAVY_WORD_HAIR_245,Wavy,ลอน
CURLY_WORD_HAIR_245,Curly,หยิก
COILY_WORD_HAIR_245,Coily,หยิกงอ
SPRAIN_WORD_INJURIES_249,Sprain,เคล็ด
FRACTURE_WORD_INJURIES_249,Fracture,กระดูกหัก
BRUISE_WORD_INJURIES_249,Bruise,ฟกช้ำ
WOUND_WORD_INJURIES_249,Wound,บาดแผล
HEADACHE_WORD_FLU_251,Headache,ปวดหัว
PILLS_WORD_FLU_251,Pills,ยาเม็ด
COUGH_WORD_FLU_251,Cough,ไอ
GYPSUM_WORD_MINERALS_253,Gypsum,ยิปซัม
CALCITE_WORD_MINERALS_253,Calcite,แคลไซต์
AZURITE_WORD_MINERALS_253,Azurite,อะซูไรต์
MICA_WORD_MINERALS_253,Mica,ไมกา
MARBLE_WORD_MINERALS_253,Marble,หินอ่อน
QUARTZ_WORD_MINERALS_253,Quartz,ควอตซ์
LIME_WORD_MINERALS_253,Lime,หินปูน
BERYL_WORD_MINERALS_253,Beryl,เบริล
DECAY_WORD_RADIATE_257,Decay,การสลายตัว
FALLOUT_WORD_RADIATE_257,Fallout,กัมมันตภาพตกค้าง
CURIE_WORD_RADIATE_257,Curie,คูรี
X_RAYS_WORD_RADIATE_257,X-rays,เอ็กซ์เรย์
GLUCAGON_WORD_HORMONES_259,Glucagon,กลูคากอน
CORTISOL_WORD_HORMONES_259,Cortisol,คอร์ติซอล
INSULIN_WORD_HORMONES_259,Insulin,อินซูลิน
GASTRIN_WORD_HORMONES_259,Gastrin,แกสตริน
IRIS_WORD_EYE_260,Iris,ม่านตา
PUPIL_WORD_EYE_260,Pupil,รูม่านตา
RETINA_WORD_EYE_260,Retina,จอประสาทตา
DIG_WORD_SHOVEL_261,Dig,ขุด
EXCAVATE_WORD_SHOVEL_261,Excavate,ขุดค้น
UNEARTH_WORD_SHOVEL_261,Unearth,ค้นพบ
ALNICO_WORD_ALLOY_264,Alnico,อัลนิโค
AMALGAM_WORD_ALLOY_264,Amalgam,อะมัลกัม
BRASS_WORD_ALLOY_264,Brass,ทองเหลือง
BRONZE_WORD_ALLOY_264,Bronze,ทองสัมฤทธิ์
NICHROME_WORD_ALLOY_264,Nichrome,นิโครม
TUNGSTEN_WORD_ALLOY_264,Pewter,พิวเตอร์
NITINOL_WORD_ALLOY_264,Nitinol,ไนทินอล
STELLITE_WORD_ALLOY_264,Stellite,สเตลไลต์
DIWALI_WORD_FESTIVAL_270,Diwali,ดีวาลี
HOLI_WORD_FESTIVAL_270,Holi,โฮลี
SONGKRAN_WORD_FESTIVAL_270,Songkran,สงกรานต์
THULIUM_WORD_METAL_272,Thulium,ทูเลียม
HOLMIUM_WORD_METAL_272,Holmium,โฮลเมียม
IRIDIUM_WORD_METAL_272,Iridium,อิริเดียม
RHODIUM_WORD_METAL_272,Rhodium,โรเดียม
YTTRIUM_WORD_METAL_272,Yttrium,อิตเทรียม
LUTETIUM_WORD_METAL_272,Lutetium,ลูทีเชียม
EUROPIUM_WORD_METAL_272,Europium,ยูโรเพียม
ERBIUM_WORD_METAL_272,Erbium,เออร์เบียม
INSIGNIA_WORD_ARTIFACT_276,Insignia,เครื่องหมาย
RELIC_WORD_ARTIFACT_276,Relic,วัตถุโบราณ
SIGIL_WORD_ARTIFACT_276,Sigil,ตราสัญลักษณ์
TOTEM_WORD_ARTIFACT_276,Totem,เสาโทเทม
AMULET_WORD_ARTIFACT_276,Amulet,เครื่องราง
VASE_WORD_ARTIFACT_276,Vase,แจกัน
GUARD_WORD_DEFENSE_277,Guard,ยาม
CCTV_WORD_DEFENSE_277,CCTV,กล้องวงจรปิด
SECURITY_WORD_DEFENSE_277,Security,ความปลอดภัย
PATROL_WORD_DEFENSE_277,Patrol,ลาดตระเวน
ATOM_WORD_PARTICLE_281,Atom,อะตอม
ELECTRON_WORD_PARTICLE_281,Electron,อิเล็กตรอน
NEUTRON_WORD_PARTICLE_281,Neutron,นิวตรอน
HARLEM_WORD_NEW_YORK_287,Harlem,ฮาร์เลม
SOHO_WORD_NEW_YORK_287,Soho,โซโห
TRIBECA_WORD_NEW_YORK_287,Tribeca,ไทรเบกา
ASTORIA_WORD_NEW_YORK_287,Astoria,แอสทอเรีย
BRONX_WORD_NEW_YORK_287,Bronx,บรองซ์
QUEENS_WORD_NEW_YORK_287,Queens,ควีนส์
BARNACLE_WORD_NO_BONES_289,Barnacle,เพรียง
SPIDER_WORD_NO_BONES_289,Spider,แมงมุม
SQUID_WORD_NO_BONES_289,Squid,ปลาหมึก
STARFISH_WORD_NO_BONES_289,Starfish,ปลาดาว
WORM_WORD_NO_BONES_289,Worm,หนอน
FABLE_WORD_LEGENDS_291,Fable,นิทาน
SAGA_WORD_LEGENDS_291,Saga,มหากาพย์
TALE_WORD_LEGENDS_291,Tale,เรื่องเล่า
EPIC_WORD_LEGENDS_291,Epic,วีรคาถา
MYTH_WORD_LEGENDS_291,Myth,ตำนาน
HI_WORD_HELLO_295,Hi,สวัสดี
HOWDY_WORD_HELLO_295,Howdy,ว่าไง
HEY_WORD_HELLO_295,Hey,เฮ้
DEGREE_WORD_PHD_296,Degree,ปริญญา
THESIS_WORD_PHD_296,Thesis,วิทยานิพนธ์
RESEARCH_WORD_PHD_296,Research,วิจัย
CONSENT_WORD_OK_SIGN_301,Consent,ยินยอม
OKAY_WORD_OK_SIGN_301,Okay,โอเค
YES_WORD_OK_SIGN_301,Yes,ใช่
SCALES_WORD_JUSTICE_310,Scales,ตาชั่ง
GAVEL_WORD_JUSTICE_310,Gavel,ค้อนผู้พิพากษา
LAW_WORD_JUSTICE_310,Law,กฎหมาย
COURT_WORD_JUSTICE_310,Court,ศาล
INMATE_WORD_PRISONER_312,Inmate,นักโทษ
FELON_WORD_PRISONER_312,Felon,ผู้ต้องโทษ
DETAINEE_WORD_PRISONER_312,Detainee,ผู้ถูกคุมขัง
METEOR_WORD_SPACE_314,Meteor,ดาวตก
ECLIPSE_WORD_SPACE_314,Eclipse,สุริยุปราคา
AURORA_WORD_SPACE_314,Aurora,แสงเหนือ
PULSAR_WORD_SPACE_314,Pulsar,พัลซาร์
QUASAR_WORD_SPACE_314,Quasar,เควซาร์
NEBULA_WORD_SPACE_314,Nebula,เนบิวลา
NOVA_WORD_SPACE_314,Nova,โนวา
ASTEROID_WORD_SPACE_314,Asteroid,ดาวเคราะห์น้อย
GAMBLER_WORD_WESTERN_317,Gambler,นักพนัน
SHERIFF_WORD_WESTERN_317,Sheriff,นายอำเภอ
COWBOY_WORD_WESTERN_317,Cowboy,คาวบอย
LASSO_WORD_WESTERN_317,Lasso,บ่วงบาศก์
SALOON_WORD_WESTERN_317,Saloon,ซาลูน
RODEO_WORD_WESTERN_317,Rodeo,โรดิโอ
SECURE_WORD_LOCK_321,Secure,ปลอดภัย
STURDY_WORD_LOCK_321,Sturdy,แข็งแรง
TRUSTY_WORD_LOCK_321,Trusty,ไว้ใจได้
THIGH_WORD_LEGS_322,Thigh,ต้นขา
KNEE_WORD_LEGS_322,Knee,หัวเข่า
ANKLE_WORD_LEGS_322,Ankle,ข้อเท้า
RA_WORD_PYRAMIDS_330,Ra,รา
OSIRIS_WORD_PYRAMIDS_330,Osiris,โอซิริส
ANUBIS_WORD_PYRAMIDS_330,Anubis,อนูบิส
RAMSES_WORD_PYRAMIDS_330,Ramses,รามเสส
PICKAXE_WORD_SHAFT_331,Pickaxe,จอบขุด
MINE_WORD_SHAFT_331,Mine,เหมือง
CART_WORD_SHAFT_331,Cart,รถเข็น
PADDOCK_WORD_FARMING_333,Paddock,คอกสัตว์
COMPOST_WORD_FARMING_333,Compost,ปุ๋ยหมัก
FALLOW_WORD_FARMING_333,Fallow,ที่รกร้าง
CROP_WORD_FARMING_333,Crop,พืชผล
HAY_WORD_FARMING_333,Hay,ฟางข้าว
HARVEST_WORD_FARMING_333,Harvest,เก็บเกี่ยว
TOPSOIL_WORD_FARMING_333,Topsoil,หน้าดิน
GRAIN_WORD_FARMING_333,Grain,ธัญพืช
SLEDDING_WORD_SLIDING_339,Sledding,เลื่อนหิมะ
SKELETON_WORD_SLIDING_339,Skeleton,สเกเลตัน
SKIING_WORD_SLIDING_339,Skiing,สกี
SKATING_WORD_SLIDING_339,Skating,สเก็ต
LUGE_WORD_SLIDING_339,Luge,ลูจ
OIL_WORD_PAINTING_340,Oil,สีน้ำมัน
ACRYLIC_WORD_PAINTING_340,Acrylic,อะคริลิก
GOUACHE_WORD_PAINTING_340,Gouache,กวอช
TEMPERA_WORD_PAINTING_340,Tempera,เทมเพอรา
FRESCO_WORD_PAINTING_340,Fresco,เฟรสโก
RISOTTO_WORD_RICE_342,Risotto,ริซอตโต
CONGEE_WORD_RICE_342,Congee,โจ๊ก
PAELLA_WORD_RICE_342,Paella,ปาเอย่า
SUSHI_WORD_RICE_342,Sushi,ซูชิ
ROMANCE_WORD_HEART_344,Romance,โรแมนซ์
COUPLE_WORD_HEART_344,Couple,คู่รัก
PASSION_WORD_HEART_344,Passion,หลงใหล
VANS_WORD_HIPPIE_349,Vans,รถตู้
COMMUNE_WORD_HIPPIE_349,Commune,ชุมชน
FREEDOM_WORD_HIPPIE_349,Freedom,เสรีภาพ
DRONE_WORD_ROBOT_354,Drone,โดรน
ROBOVAC_WORD_ROBOT_354,Robovac,หุ่นยนต์ดูดฝุ่น
NANOBOT_WORD_ROBOT_354,Nanobot,นาโนบอต
CYBORG_WORD_ROBOT_354,Cyborg,ไซบอร์ก
ANDROID_WORD_ROBOT_354,Android,แอนดรอยด์
MACHINE_WORD_ROBOT_354,Machine,เครื่องจักร
SIGMA_WORD_GREECE_359,Sigma,ซิกมา
DELTA_WORD_GREECE_359,Delta,เดลตา
KAPPA_WORD_GREECE_359,Kappa,แคปปา
MOTION_WORD_DYNAMICS_360,Motion,การเคลื่อนที่
INERTIA_WORD_DYNAMICS_360,Inertia,ความเฉื่อย
VELOCITY_WORD_DYNAMICS_360,Velocity,ความเร็ว
ONTARIO_WORD_LAKES_365,Ontario,ออนแทรีโอ
SUPERIOR_WORD_LAKES_365,Superior,สุพีเรีย
TITICACA_WORD_LAKES_365,Titicaca,ติติกากา
BAIKAL_WORD_LAKES_365,Baikal,ไบคาล
MICHIGAN_WORD_LAKES_365,Michigan,มิชิแกน
HURON_WORD_LAKES_365,Huron,ฮิวรอน
ATOM_WORD_NUCLEAR_366,Atom,อะตอม
NEUTRON_WORD_NUCLEAR_366,Neutron,นิวตรอน
PROTON_WORD_NUCLEAR_366,Proton,โปรตอน
ELECTRON_WORD_NUCLEAR_366,Electron,อิเล็กตรอน
MILAN_WORD_ITALY_376,Milan,มิลาน
ROME_WORD_ITALY_376,Rome,โรม
VENICE_WORD_ITALY_376,Venice,เวนิส
FLORENCE_WORD_ITALY_376,Florence,ฟลอเรนซ์
THIS_WORD_POINTING_379,This,นี่
THAT_WORD_POINTING_379,That,นั่น
THOSE_WORD_POINTING_379,Those,เหล่านั้น
NORMAL_WORD_SKIN_380,Normal,ปกติ
DRY_WORD_SKIN_380,Dry,แห้ง
OILY_WORD_SKIN_380,Oily,มัน
LIBRARY_WORD_BUILD_384,Library,ห้องสมุด
MUSEUM_WORD_BUILD_384,Museum,พิพิธภัณฑ์
HOSPITAL_WORD_BUILD_384,Hospital,โรงพยาบาล
SCHOOL_BUILDING_WORD_BUILD_384,School building,อาคารเรียน
HOTEL_WORD_BUILD_384,Hotel,โรงแรม
FACTORY_WORD_BUILD_384,Factory,โรงงาน
STADIUM_WORD_BUILD_384,Stadium,สนามกีฬา
MALL_WORD_BUILD_384,Mall,ห้างสรรพสินค้า
MONARCHY_WORD_POLICIES_394,Monarchy,ราชาธิปไตย
TYRANNY_WORD_POLICIES_394,Tyranny,ทรราชย์
ANARCHY_WORD_POLICIES_394,Anarchy,อนาธิปไตย
POWER_WORD_STRENGTH_401,Power,พลัง
FORCE_WORD_STRENGTH_401,Force,แรง
MIGHT_WORD_STRENGTH_401,Might,อำนาจ
TEXT_WORD_MESSAGE_407,Text,ข้อความ
EMAIL_WORD_MESSAGE_407,Email,อีเมล
LETTER_WORD_MESSAGE_407,Letter,จดหมาย
FAX_WORD_MESSAGE_407,Fax,แฟกซ์
DUALISM_WORD_VIEWS_410,Dualism,ทวินิยม
STOICISM_WORD_VIEWS_410,Stoicism,สโตอิก
NIHILISM_WORD_VIEWS_410,Nihilism,สุญนิยม
LUNGS_WORD_ORGANS_412,Lungs,ปอด
KIDNEY_WORD_ORGANS_412,Kidney,ไต
STOMACH_WORD_ORGANS_412,Stomach,กระเพาะอาหาร
LIVER_WORD_ORGANS_412,Liver,ตับ
BLADDER_WORD_ORGANS_412,Bladder,กระเพาะปัสสาวะ
SPLEEN_WORD_ORGANS_412,Spleen,ม้าม
HEART_WORD_ORGANS_412,Heart,หัวใจ
PANCREAS_WORD_ORGANS_412,Pancreas,ตับอ่อน
FOOL_WORD_TAROT_417,Fool,คนโง่
MOON_WORD_TAROT_417,Moon,พระจันทร์
MAGICIAN_WORD_TAROT_417,Magician,นักมายากล
EMPRESS_WORD_TAROT_417,Empress,จักรพรรดินี
SOPRANO_WORD_VOICES_439,Soprano,โซปราโน
TENOR_WORD_VOICES_439,Tenor,เทเนอร์
BARITONE_WORD_VOICES_439,Baritone,บาริโทน
BASS_WORD_VOICES_439,Bass,เบส
ALTO_WORD_VOICES_439,Alto,อัลโต
SONNET_WORD_POETRY_440,Sonnet,ซอนเน็ต
HAIKU_WORD_POETRY_440,Haiku,ไฮกุ
ODE_WORD_POETRY_440,Ode,บทสรรเสริญ
BALLAD_WORD_POETRY_440,Ballad,เพลงบัลลาด
ACROSTIC_WORD_POETRY_440,Acrostic,อะโครสติก
SUPPER_WORD_MEALS_444,Supper,อาหารเย็น
LUNCH_WORD_MEALS_444,Lunch,มื้อกลางวัน
DINNER_WORD_MEALS_444,Dinner,มื้อค่ำ
CAULDRON_WORD_ALCHEMY_445,Cauldron,หม้อต้ม
ELIXIR_WORD_ALCHEMY_445,Elixir,ยาอายุวัฒนะ
POTION_WORD_ALCHEMY_445,Potion,ยาวิเศษ
RITUAL_WORD_PAGANISM_469,Ritual,พิธีกรรม
TOTEM_WORD_PAGANISM_469,Totem,โทเทม
IDOL_WORD_PAGANISM_469,Idol,เทวรูป
ALTAR_WORD_PAGANISM_469,Altar,แท่นบูชา
CURRENT_WORD_PRESENT_470,Current,ปัจจุบัน
NOW_WORD_PRESENT_470,Now,ตอนนี้
TODAY_WORD_PRESENT_470,Today,วันนี้
CODE_WORD_SECRET_471,Code,รหัส
AGENT_WORD_SECRET_471,Agent,สายลับ
WORD_WORD_SECRET_471,Identity,ตัวตน
DONKEY_WORD_EQUIDAE_475,Donkey,ลา
MULE_WORD_EQUIDAE_475,Mule,ล่อ
MUSTANG_WORD_EQUIDAE_475,Mustang,มัสแตง
HORSE_WORD_EQUIDAE_475,Horse,ม้า
ZEBRA_WORD_EQUIDAE_475,Zebra,ม้าลาย
PONY_WORD_EQUIDAE_475,Pony,ม้าแคระ
COWHIDE_WORD_LEATHER_480,Cowhide,หนังวัว
NUBUCK_WORD_LEATHER_480,Nubuck,หนังนูบัค
SUEDE_WORD_LEATHER_480,Suede,หนังกลับ
TOWER_WORD_CASTLE_485,Tower,หอคอย
MOAT_WORD_CASTLE_485,Moat,คูน้ำ
DUNGEON_WORD_CASTLE_485,Dungeon,คุกใต้ดิน
BASTION_WORD_CASTLE_485,Bastion,ป้อมปราการ
RAMPART_WORD_CASTLE_485,Rampart,กำแพงเมือง
TURRET_WORD_CASTLE_485,Turret,ป้อมสังเกตการณ์
PARAPET_WORD_CASTLE_485,Parapet,เชิงเทิน
CITADEL_WORD_CASTLE_485,Citadel,ป้อมปราการ
LCD_WORD_DISPLAY_486,LCD,แอลซีดี
LED_WORD_DISPLAY_486,LED,แอลอีดี
OLED_WORD_DISPLAY_486,OLED,โอแอลอีดี
CRT_WORD_DISPLAY_486,CRT,ซีอาร์ที
PLASMA_WORD_DISPLAY_486,Plasma,พลาสมา
AMOLED_WORD_DISPLAY_486,AMOLED,อะโมเลด
MAYANS_WORD_CULTURES_487,Mayans,มายา
AZTECS_WORD_CULTURES_487,Aztecs,แอซเท็ก
ROMANS_WORD_CULTURES_487,Romans,โรมัน
GREEKS_WORD_CULTURES_487,Greeks,กรีก
CELTS_WORD_CULTURES_487,Celts,เซลต์
VIKINGS_WORD_CULTURES_487,Vikings,ไวกิ้ง
SAMURAI_WORD_WARRIORS_491,Samurai,ซามูไร
SHINOBI_WORD_WARRIORS_491,Shinobi,ชิโนบิ
RONIN_WORD_WARRIORS_491,Ronin,โรนิน
ASSASSIN_WORD_WARRIORS_491,Assassin,นักฆ่า
NINJA_WORD_WARRIORS_491,Ninja,นินจา
DECEIVE_WORD_LIE_492,Deceive,หลอกลวง
DELUDE_WORD_LIE_492,Delude,ลวง
FALSIFY_WORD_LIE_492,Falsify,ปลอมแปลง
MISLEAD_WORD_LIE_492,Mislead,ชักจูง
OBOE_WORD_VIOLIN_508,Oboe,โอโบ
CLARINET_WORD_VIOLIN_508,Clarinet,คลาริเน็ต
FLUTE_WORD_VIOLIN_508,Flute,ฟลุต
CELLO_WORD_VIOLIN_508,Cello,เชลโล
MATE_WORD_ANAGRAM_511,Mate,เพื่อน
TEAM_WORD_ANAGRAM_511,Team,ทีม
MEAT_WORD_ANAGRAM_511,Meat,เนื้อ
BONGO_WORD_DRUM_518,Bongo,บองโก
DJEMBE_WORD_DRUM_518,Djembe,เจมเบ
TABLA_WORD_DRUM_518,Tabla,ตับลา
ASHIKO_WORD_DRUM_518,Ashiko,อาชิโก
TRIUMPH_WORD_WREATH_544,Triumph,ชัยชนะ
VICTORY_WORD_WREATH_544,Victory,มีชัย
SUCCESS_WORD_WREATH_544,Success,ความสำเร็จ
YOGA_WORD_ZEN_549,Yoga,โยคะ
RINZAI_WORD_ZEN_549,Rinzai,รินไซ
DHARMA_WORD_ZEN_549,Dharma,ธรรมะ
ROUTER_WORD_NETWORK_588,Router,เราเตอร์
SERVER_WORD_NETWORK_588,Server,เซิร์ฟเวอร์
GATEWAY_WORD_NETWORK_588,Gateway,เกตเวย์
ETHERNET_WORD_NETWORK_588,Ethernet,อีเทอร์เน็ต
PACKET_WORD_NETWORK_588,Packet,แพ็กเก็ต
DUTY_WORD_CUSTOMS_592,Duty,ภาษี
IMPORT_WORD_CUSTOMS_592,Import,นำเข้า
BORDER_WORD_CUSTOMS_592,Border,ชายแดน
EXPORT_WORD_CUSTOMS_592,Export,ส่งออก
PAYMENT_WORD_MORTGAGE_595,Payment,การชำระเงิน
INTEREST_WORD_MORTGAGE_595,Interest,ดอกเบี้ย
RATE_WORD_MORTGAGE_595,Rate,อัตรา
MIX_WORD_CONCRETE_601,Mix,ผสม
TROWEL_WORD_CONCRETE_601,Trowel,เกรียง
SCREED_WORD_CONCRETE_601,Screed,ปาดปูน
SATIRE_WORD_MEMES_620,Satire,เสียดสี
PARODY_WORD_MEMES_620,Parody,ล้อเลียน
TROLLING_WORD_MEMES_620,Trolling,โทรลลิง
METHANE_WORD_ALKANES_641,Methane,มีเทน
ETHANE_WORD_ALKANES_641,Ethane,อีเทน
PROPANE_WORD_ALKANES_641,Propane,โพรเพน
BUTANE_WORD_ALKANES_641,Butane,บิวเทน
ASSESS_WORD_EVALUATE_651,Assess,ประเมิน
ESTIMATE_WORD_EVALUATE_651,Estimate,ประมาณการ
ANALYZE_WORD_EVALUATE_651,Analyze,วิเคราะห์
HUNT_WORD_QUEST_680,Hunt,ล่า
INQUIRY_WORD_QUEST_680,Inquiry,สืบค้น
PURSUIT_WORD_QUEST_680,Pursuit,ไล่ตาม
GOATEE_WORD_BEARDS_681,Goatee,เคราแพะ
BALBO_WORD_BEARDS_681,Balbo,บัลโบ
DUCKTAIL_WORD_BEARDS_681,Ducktail,ดั๊กเทล
SYNERGY_WORD_YINYANG_721,Synergy,ประสานพลัง
DUALITY_WORD_YINYANG_721,Duality,ทวิภาวะ
HARMONY_WORD_YINYANG_721,Harmony,ความกลมกลืน
GOURMET_WORD_FOODIE_726,Gourmet,นักชิม
EPICURE_WORD_FOODIE_726,Epicure,คอลิ้นทอง
TASTE_WORD_FOODIE_726,Taste,รสชาติ
SYBARITE_WORD_FOODIE_726,Sybarite,นักสุขนิยม
HEDONISM_WORD_FOODIE_726,Hedonism,สุขนิยม
DISHES_WORD_FOODIE_726,Dishes,อาหาร
ROLE_WORD_OPERA_760,Role,บทบาท
DIVA_WORD_OPERA_760,Diva,ดีว่า
ACT_WORD_OPERA_760,Act,องก์
BAY_WORD_HARBOR_764,Bay,อ่าว
PIER_WORD_HARBOR_764,Pier,ท่าเรือ
WHARF_WORD_HARBOR_764,Wharf,ท่าเทียบเรือ
COAST_WORD_HARBOR_764,Coast,ชายฝั่ง
MARINA_WORD_HARBOR_764,Marina,มารีน่า
VESSEL_WORD_HARBOR_764,Vessel,เรือ
BRICK_WORD_STREET_768,Lamp,โคมไฟ
DRIVER_WORD_STREET_768,Driver,คนขับ
CORNER_WORD_STREET_768,Corner,มุม
BIKE_WORD_STREET_768,Bike,จักรยาน
LION_WORD_CHIMERA_795,Lion,สิงโต
GOAT_WORD_CHIMERA_795,Goat,แพะ
SERPENT_WORD_CHIMERA_795,Serpent,อสรพิษ
REINS_WORD_CARRIAGE_800,Reins,สายบังเหียน
HARNESS_WORD_CARRIAGE_800,Harness,สายรัด
COACHMAN_WORD_CARRIAGE_800,Coachman,คนขับรถม้า
CANTER_WORD_GAITS_810,Canter,วิ่งเหยาะ
GALLOP_WORD_GAITS_810,Gallop,ควบม้า
TROT_WORD_GAITS_810,Trot,เดินเร็ว
CORE_WORD_EARTH_831,Core,แกนโลก
MANTLE_WORD_EARTH_831,Mantle,เนื้อโลก
CRUST_WORD_EARTH_831,Crust,เปลือกโลก
PAGANINI_WORD_VIOLINS_845,Paganini,ปากานินี
LUTHIER_WORD_VIOLINS_845,Luthier,ช่างทำไวโอลิน
FRET_WORD_VIOLINS_845,Bow,คันชัก
NOUN_WORD_GRAMMAR_861,Noun,คำนาม
VERB_WORD_GRAMMAR_861,Verb,คำกริยา
ADVERB_WORD_GRAMMAR_861,Adverb,คำวิเศษณ์
CREST_WORD_COASTAL_882,Crest,ยอดคลื่น
BREEZE_WORD_COASTAL_882,Breeze,สายลม
SURFING_WORD_COASTAL_882,Surfing,เซิร์ฟ
SHINGLE_WORD_COASTAL_882,Shingle,กรวด
SAND_WORD_COASTAL_882,Sand,ทราย
GROYNE_WORD_COASTAL_882,Groyne,เขื่อนกั้นคลื่น
TIDE_WORD_COASTAL_882,Tide,น้ำขึ้นน้ำลง
JETTY_WORD_COASTAL_882,Jetty,สะพานท่าเรือ
TIRE_WORD_WHEEL_890,Tire,ยางรถ
HUBCAP_WORD_WHEEL_890,Hubcap,ฝาครอบล้อ
STEER_WORD_WHEEL_890,Steer,พวงมาลัย
AXLE_WORD_WHEEL_890,Axle,เพลา
FORTUNE_WORD_WHEEL_890,Rim,ขอบล้อ
STEEL_WORD_INDUSTRY_921,Steel,เหล็กกล้า
GOODS_WORD_INDUSTRY_921,Goods,สินค้า
PRODUCE_WORD_INDUSTRY_921,Produce,ผลิต
MEGA_WORD_PREFIX_922,Mega,เมกะ
NANO_WORD_PREFIX_922,Nano,นาโน
DECA_WORD_PREFIX_922,Deca,เดคา
SIAMESE_WORD_BREEDS_940,Siamese,สยาม
SPHYNX_WORD_BREEDS_940,Sphynx,สฟิงซ์
BIRMAN_WORD_BREEDS_940,Birman,เบอร์แมน
BENGAL_WORD_BREEDS_940,Bengal,เบงกอล
ANGORA_WORD_BREEDS_940,Angora,แองโกรา
BIG_BEN_WORD_LANDMARK_948,Big Ben,บิ๊กเบน
SPHINX_WORD_LANDMARK_948,Sphinx,สฟิงซ์
COLOSSEUM_WORD_LANDMARK_948,Colosseum,โคลอสเซียม
PYRAMIDS_WORD_LANDMARK_948,Pyramids,พีระมิด
NILE_WORD_RIVERS_959,Nile,ไนล์
AMAZON_WORD_RIVERS_959,Amazon,แอมะซอน
HUDSON_WORD_RIVERS_959,Hudson,ฮัดสัน
SURF_WORD_COAST_969,Surf,คลื่น
BEACH_WORD_COAST_969,Beach,ชายหาด
CLIFF_WORD_COAST_969,Cliff,หน้าผา
CLEANSER_WORD_SKINCARE_984,Cleanser,คลีนเซอร์
TONER_WORD_SKINCARE_984,Toner,โทนเนอร์
SERUM_WORD_SKINCARE_984,Serum,เซรั่ม
TEXTURE_WORD_SKINCARE_984,Texture,เนื้อผิว
PORES_WORD_SKINCARE_984,Pores,รูขุมขน
RETINOL_WORD_SKINCARE_984,Retinol,เรตินอล
PEPTIDES_WORD_SKINCARE_984,Peptides,เปปไทด์
BLEMISH_WORD_SKINCARE_984,Blemish,จุดด่างดำ
ROMANOV_WORD_DYNASTY_991,Romanov,โรมานอฟ
TUDOR_WORD_DYNASTY_991,Tudor,ทิวดอร์
KENNEDY_WORD_DYNASTY_991,Ottoman,ออตโตมัน
BOURBON_WORD_DYNASTY_991,Bourbon,บูร์บง
CLERIC_WORD_PRIEST_1019,Cleric,นักบวช
BIBLE_WORD_PRIEST_1019,Bible,พระคัมภีร์
SAINT_WORD_PRIEST_1019,Saint,นักบุญ
PREACHER_WORD_PRIEST_1019,Preacher,นักเทศน์
JOURNEY_WORD_MAPS_1022,Journey,การเดินทาง
LANDMARK_WORD_MAPS_1022,Landmark,สถานที่สำคัญ
BORDER_WORD_MAPS_1022,Border,ชายแดน
ATLAS_WORD_MAPS_1022,Atlas,แผนที่โลก
GLOBE_WORD_MAPS_1022,Globe,ลูกโลก
SCALE_WORD_MAPS_1022,Scale,มาตราส่วน
TERRAIN_WORD_MAPS_1022,Terrain,ภูมิประเทศ
CONTOUR_WORD_MAPS_1022,Contour,เส้นชั้นความสูง
MELODY_WORD_SINGING_1054,Melody,ท่วงทำนอง
SONG_WORD_SINGING_1054,Song,เพลง
PITCH_WORD_SINGING_1054,Pitch,ระดับเสียง
SOLOIST_WORD_SINGING_1054,Soloist,นักร้องเดี่ยว
ARIA_WORD_SINGING_1054,Aria,อารีอา
CHOIR_WORD_SINGING_1054,Choir,คณะนักร้อง
HUMMING_WORD_SINGING_1054,Humming,ฮัมเพลง
TIMBRE_WORD_SINGING_1054,Timbre,น้ำเสียง
GENE_WORD_GENETICS_1060,Gene,ยีน
DNA_WORD_GENETICS_1060,DNA,ดีเอ็นเอ
GENOME_WORD_GENETICS_1060,Genome,จีโนม
TV_WORD_SCREEN_1030,TV,ทีวี
ATM_WORD_SCREEN_1030,ATM,ตู้เอทีเอ็ม
E_READER_WORD_SCREEN_1030,E-reader,อีรีดเดอร์
BUZZER_WORD_ALARM_1031,Buzzer,ออดเตือน
BEEP_WORD_ALARM_1031,Beep,เสียงบี๊บ
RUSH_WORD_ALARM_1031,Rush,เร่งรีบ
MAPLE_WORD_LEAVES_1055,Maple,เมเปิ้ล
OAK_WORD_LEAVES_1055,Oak,โอ๊ก
PALM_WORD_LEAVES_1055,Palm,ปาล์ม
CHESTNUT_WORD_LEAVES_1055,Chestnut,เกาลัด
ASH_WORD_LEAVES_1055,Ash,แอช
POPLAR_WORD_LEAVES_1055,Poplar,ป็อปลาร์
PLATE_WORD_DISHWARE_829,Plate,จาน
CUP_WORD_DISHWARE_829,Cup,ถ้วย
BOWL_WORD_DISHWARE_829,Bowl,ชาม
SAUCER_WORD_DISHWARE_829,Saucer,จานรอง
FROG_WORD_POND_830,Frog,กบ
REED_WORD_POND_830,Reed,กก
DUCK_WORD_POND_830,Duck,เป็ด
PAWN_PIC_CHESS_1,,
ROOK_PIC_CHESS_1,,
KNIGHT_PIC_CHESS_1,,
BISHOP_PIC_CHESS_1,,
QUEEN_PIC_CHESS_1,,
KING_PIC_CHESS_1,,
CHESSBOARD_PIC_CHESS_1,,
CHESS_CLOCK_PIC_CHESS_1,,
HOCKEY_PIC_SPORTS_2,,
SOCCER_PIC_SPORTS_2,,
BOXING_PIC_SPORTS_2,,
TENNIS_PIC_SPORTS_2,,
GOLF_PIC_SPORTS_2,,
RUGBY_PIC_SPORTS_2,,
CURLING_PIC_SPORTS_2,,
TABLE_TENNIS_PIC_SPORTS_2,,
TABLE_PIC_FURNITURE_3,,
SOFA_PIC_FURNITURE_3,,
CHAIR_PIC_FURNITURE_3,,
DESK_PIC_FURNITURE_3,,
BED_PIC_FURNITURE_3,,
WARDROBE_PIC_FURNITURE_3,,
BOOKSHELF_PIC_FURNITURE_3,,
DRESSERS_PIC_FURNITURE_3,,
ACE_OF_HEARTS_PIC_DECK_4,,
KING_HEARTS_PIC_DECK_4,,
QUEEN_HEARTS_PIC_DECK_4,,
JACK_HEARTS_PIC_DECK_4,,
10_HEARTS_PIC_DECK_4,,
9_HEARTS_PIC_DECK_4,,
8_HEARTS_PIC_DECK_4,,
7_HEARTS_PIC_DECK_4,,
ARIES_PIC_ZODIAC_5,,
TAURUS_PIC_ZODIAC_5,,
GEMINI_PIC_ZODIAC_5,,
CANCER_PIC_ZODIAC_5,,
LEO_PIC_ZODIAC_5,,
VIRGO_PIC_ZODIAC_5,,
LIBRA_PIC_ZODIAC_5,,
SAGITTARIUS_PIC_ZODIAC_5,,
PLIERS_PIC_TOOLBOX_6,,
WRENCH_PIC_TOOLBOX_6,,
DRILL_PIC_TOOLBOX_6,,
ADHESIVE_TAPE_PIC_TOOLBOX_6,,
SAW_PIC_TOOLBOX_6,,
CHISEL_PIC_TOOLBOX_6,,
CLAMP_PIC_TOOLBOX_6,,
HAMMER_PIC_TOOLBOX_6,,
GLOVES_PIC_GARMENTS_7,,
DRESS_PIC_GARMENTS_7,,
PANTS_PIC_GARMENTS_7,,
SHIRT_PIC_GARMENTS_7,,
PANTIES_PIC_GARMENTS_7,,
COAT_PIC_GARMENTS_7,,
JACKET_PIC_GARMENTS_7,,
SKIRT_PIC_GARMENTS_7,,
BROCCOLI_PIC_VEGGIE_8,,
CABBAGE_PIC_VEGGIE_8,,
POTATO_PIC_VEGGIE_8,,
CARROT_PIC_VEGGIE_8,,
BEETROOT_PIC_VEGGIE_8,,
CUCUMBER_PIC_VEGGIE_8,,
ONION_PIC_VEGGIE_8,,
EGGPLANT_PIC_VEGGIE_8,,
ORANGE_PIC_FRUITS_9,,
KIWI_PIC_FRUITS_9,,
BANANA_PIC_FRUITS_9,,
APPLE_PIC_FRUITS_9,,
POMEGRANATE_PIC_FRUITS_9,,
PEACH_PIC_FRUITS_9,,
PINEAPPLE_PIC_FRUITS_9,,
WATERMELON_PIC_FRUITS_9,,
CUSHION_PIC_CHAIR_10,,
THRONE_PIC_CHAIR_10,,
OTTOMAN_PIC_CHAIR_10,,
STOOL_PIC_CHAIR_10,,
ARMCHAIR_PIC_CHAIR_10,,
LOVESEAT_PIC_CHAIR_10,,
RECLINER_PIC_CHAIR_10,,
BEANBAG_PIC_CHAIR_10,,
KEPI_PIC_HATS_11,,
BERET_PIC_HATS_11,,
CAP_PIC_HATS_11,,
HAT_PIC_HATS_11,,
VISOR_PIC_HATS_11,,
TURBAN_PIC_HATS_11,,
SOMBRERO_PIC_HATS_11,,
PANAMA_HAT_PIC_HATS_11,,
ORGAN_PIC_PLAY_12,,
VIOLIN_PIC_PLAY_12,,
UKULELE_PIC_PLAY_12,,
DRUM_PIC_PLAY_12,,
PIANO_PIC_PLAY_12,,
FLUTE_PIC_PLAY_12,,
GUITAR_PIC_PLAY_12,,
CELLO_PIC_PLAY_12,,
BROOM_PIC_CLEANING_13,,
MOP_PIC_CLEANING_13,,
VACUUM_PIC_CLEANING_13,,
DUSTER_PIC_CLEANING_13,,
SPONGE_PIC_CLEANING_13,,
BUCKET_PIC_CLEANING_13,,
BIN_PIC_CLEANING_13,,
DUSTPAN_PIC_CLEANING_13,,
BOOTS_PIC_SHOES_14,,
HEELS_PIC_SHOES_14,,
FLATS_PIC_SHOES_14,,
OXFORDS_PIC_SHOES_14,,
WEDGES_PIC_SHOES_14,,
MONKS_PIC_SHOES_14,,
BROGUES_PIC_SHOES_14,,
DERBIES_PIC_SHOES_14,,
ITALY_PIC_MAP_15,,
INDIA_PIC_MAP_15,,
AUSTRALIA_PIC_MAP_15,,
FRANCE_PIC_MAP_15,,
USA_PIC_MAP_15,,
UK_PIC_MAP_15,,
SPAIN_PIC_MAP_15,,
JAPAN_PIC_MAP_15,,
DOVE_PIC_BIRD_16,,
EAGLE_PIC_BIRD_16,,
SWAN_PIC_BIRD_16,,
OWL_PIC_BIRD_16,,
HERON_PIC_BIRD_16,,
ROBIN_PIC_BIRD_16,,
FINCH_PIC_BIRD_16,,
VULTURE_PIC_BIRD_16,,
LOBSTER_PIC_SEAFOOD_17,,
OYSTER_PIC_SEAFOOD_17,,
MUSSEL_PIC_SEAFOOD_17,,
CRAB_PIC_SEAFOOD_17,,
SCALLOP_PIC_SEAFOOD_17,,
CONCH_PIC_SEAFOOD_17,,
SQUID_PIC_SEAFOOD_17,,
SHRIMP_PIC_SEAFOOD_17,,
TERRIER_PIC_DOGS_18,,
BEAGLE_PIC_DOGS_18,,
POODLE_PIC_DOGS_18,,
SPANIEL_PIC_DOGS_18,,
HUSKY_PIC_DOGS_18,,
COLLIE_PIC_DOGS_18,,
BULLDOG_PIC_DOGS_18,,
PUG_PIC_DOGS_18,,
PIZZA_PIC_EATS_19,,
TACO_PIC_EATS_19,,
FRIES_PIC_EATS_19,,
BURGER_PIC_EATS_19,,
KEBAB_PIC_EATS_19,,
SANDWICH_PIC_EATS_19,,
BURRITO_PIC_EATS_19,,
HOT_DOG_PIC_EATS_19,,
LIBRARY_PIC_BUILD_20,,
MUSEUM_PIC_BUILD_20,,
HOSPITAL_PIC_BUILD_20,,
SCHOOL_BUILDING_PIC_BUILD_20,,
HOTEL_PIC_BUILD_20,,
FACTORY_PIC_BUILD_20,,
STADIUM_PIC_BUILD_20,,
MALL_PIC_BUILD_20,,
TROLL_PIC_FOLKLORE_21,,
GOBLIN_PIC_FOLKLORE_21,,
OGRE_PIC_FOLKLORE_21,,
BANSHEE_PIC_FOLKLORE_21,,
UNICORN_PIC_FOLKLORE_21,,
FAIRY_PIC_FOLKLORE_21,,
GNOME_PIC_FOLKLORE_21,,
GENIE_PIC_FOLKLORE_21,,
APRICOT_PIC_DRUPES_22,,
PEACH_PIC_DRUPES_22,,
PLUM_PIC_DRUPES_22,,
CHERRY_PIC_DRUPES_22,,
MANGO_PIC_DRUPES_22,,
LOQUAT_PIC_DRUPES_22,,
OLIVE_PIC_DRUPES_22,,
LYCHEE_PIC_DRUPES_22,,
BLANKET_PIC_PICNIC_23,,
BASKET_PIC_PICNIC_23,,
SANDWICH_PIC_PICNIC_23,,
ANTS_PIC_PICNIC_23,,
JUICE_PIC_PICNIC_23,,
SUN_PIC_PICNIC_23,,
GRASS_PIC_PICNIC_23,,
CRACKERS_PIC_PICNIC_23,,
PROFITEROLE_PIC_PASTRY_24,,
PIE_PIC_PASTRY_24,,
CAKE_PIC_PASTRY_24,,
BRIOCHE_PIC_PASTRY_24,,
TART_PIC_PASTRY_24,,
SCONE_PIC_PASTRY_24,,
STRUDEL_PIC_PASTRY_24,,
BROWNIE_PIC_PASTRY_24,,
BUGLE_PIC_WIND_25,,
TUBA_PIC_WIND_25,,
FLUTE_PIC_WIND_25,,
SAX_PIC_WIND_25,,
HARMONICA_PIC_WIND_25,,
BAGPIPES_PIC_WIND_25,,
CLARINET_PIC_WIND_25,,
TRUMPET_PIC_WIND_25,,
BOOKSTORE_PIC_MALL_26,,
PHARMACY_PIC_MALL_26,,
SECURITY_PIC_MALL_26,,
JANITOR_PIC_MALL_26,,
CREDIT_CARD_PIC_MALL_26,,
CASH_PIC_MALL_26,,
PAPER_BAG_PIC_MALL_26,,
FITTING_ROOM_PIC_MALL_26,,
VIOLIN_PIC_STRINGS_27,,
GUITAR_PIC_STRINGS_27,,
CELLO_PIC_STRINGS_27,,
VIOLA_PIC_STRINGS_27,,
BANJO_PIC_STRINGS_27,,
HARP_PIC_STRINGS_27,,
UKULELE_PIC_STRINGS_27,,
MANDOLIN_PIC_STRINGS_27,,
NECKLACE_PIC_JEWELRY_28,,
EARRING_PIC_JEWELRY_28,,
DIAMOND_RING_PIC_JEWELRY_28,,
BRACELET_PIC_JEWELRY_28,,
ANKLET_PIC_JEWELRY_28,,
LOCKET_PIC_JEWELRY_28,,
DIADEM_PIC_JEWELRY_28,,
BROOCH_PIC_JEWELRY_28,,
DAISY_PIC_FLOWERS_29,,
LILY_PIC_FLOWERS_29,,
TULIP_PIC_FLOWERS_29,,
ROSE_PIC_FLOWERS_29,,
POPPY_PIC_FLOWERS_29,,
PEONY_PIC_FLOWERS_29,,
ASTER_PIC_FLOWERS_29,,
PANSY_PIC_FLOWERS_29,,
LIZARD_PIC_REPTILES_30,,
SNAKE_PIC_REPTILES_30,,
ALLIGATOR_PIC_REPTILES_30,,
GECKO_PIC_REPTILES_30,,
CHAMELEON_PIC_REPTILES_30,,
IGUANA_PIC_REPTILES_30,,
TURTLE_PIC_REPTILES_30,,
DINOSAUR_PIC_REPTILES_30,,
DIAMOND_PIC_GEMSTONE_31,,
RUBY_PIC_GEMSTONE_31,,
SAPPHIRE_PIC_GEMSTONE_31,,
EMERALD_PIC_GEMSTONE_31,,
CRYSTAL_PIC_GEMSTONE_31,,
GARNET_PIC_GEMSTONE_31,,
PERIDOT_PIC_GEMSTONE_31,,
OPAL_PIC_GEMSTONE_31,,
MOSQUITO_PIC_INSECTS_32,,
LADYBUG_PIC_INSECTS_32,,
MOTH_PIC_INSECTS_32,,
WASP_PIC_INSECTS_32,,
DRAGONFLY_PIC_INSECTS_32,,
ANT_PIC_INSECTS_32,,
CRICKET_PIC_INSECTS_32,,
MANTIS_PIC_INSECTS_32,,
BEAVER_PIC_RODENTS_33,,
MARMOT_PIC_RODENTS_33,,
NUTRIA_PIC_RODENTS_33,,
SQUIRREL_PIC_RODENTS_33,,
CAPYBARA_PIC_RODENTS_33,,
RAT_PIC_RODENTS_33,,
HAMSTER_PIC_RODENTS_33,,
GUINEA_PIG_PIC_RODENTS_33,,
COWBOY_HAT_PIC_WESTERN_34,,
COWBOY_BOOTS_PIC_WESTERN_34,,
LASSO_PIC_WESTERN_34,,
COWBOY_PIC_WESTERN_34,,
SHERIFF_PIC_WESTERN_34,,
BADGE_PIC_WESTERN_34,,
SALOON_PIC_WESTERN_34,,
CACTI_PIC_WESTERN_34,,
JOLLY_ROGER_PIC_PIRATE_35,,
PARROT_PIC_PIRATE_35,,
CUTLASS_PIC_PIRATE_35,,
CANNON_PIC_PIRATE_35,,
RUM_PIC_PIRATE_35,,
TREASURE_MAP_PIC_PIRATE_35,,
WOODEN_SHIP_S_WHEEL_PIC_PIRATE_35,,
TREASURE_CHEST_PIC_PIRATE_35,,
BUOY_PIC_BEACH_36,,
SEAGULL_PIC_BEACH_36,,
BAY_PIC_BEACH_36,,
SAND_PIC_BEACH_36,,
WAVES_PIC_BEACH_36,,
SHELLS_PIC_BEACH_36,,
BEACH_CHAIR_PIC_BEACH_36,,
BEACH_UMBRELLA_PIC_BEACH_36,,
PYRAMID_PIC_EGYPT_37,,
SPHINX_PIC_EGYPT_37,,
PHARAOH_S_MASK_PIC_EGYPT_37,,
MUMMY_PIC_EGYPT_37,,
SCARAB_PIC_EGYPT_37,,
NILE_RIVER_PIC_EGYPT_37,,
ANUBIS_PIC_EGYPT_37,,
HIEROGLYPHS_PIC_EGYPT_37,,
ASTRONAUT_PIC_SPACE_38,,
ROCKET_PIC_SPACE_38,,
UFO_PIC_SPACE_38,,
ALIEN_PIC_SPACE_38,,
SATURN_PIC_SPACE_38,,
SPACE_STATION_PIC_SPACE_38,,
GALAXY_PIC_SPACE_38,,
MARS_ROVER_PIC_SPACE_38,,
TUNA_PIC_SEA_FISH_39,,
MARLIN_PIC_SEA_FISH_39,,
COD_PIC_SEA_FISH_39,,
SARDINE_PIC_SEA_FISH_39,,
SHARK_PIC_SEA_FISH_39,,
SAWFISH_PIC_SEA_FISH_39,,
STINGRAY_PIC_SEA_FISH_39,,
CLOWNFISH_PIC_SEA_FISH_39,,
BALLOON_PIC_BIRTHDAY_40,,
CANDLE_PIC_BIRTHDAY_40,,
CAKE_PIC_BIRTHDAY_40,,
BOX_PIC_BIRTHDAY_40,,
CONFETTI_PIC_BIRTHDAY_40,,
BIRTHDAY_HAT_PIC_BIRTHDAY_40,,
PARTY_HORN_PIC_BIRTHDAY_40,,
BIRTHDAY_BANNER_PIC_BIRTHDAY_40,,
ELECTRIC_CAR_PIC_CHARGER_41,,
SMARTWATCH_PIC_CHARGER_41,,
LAPTOP_PIC_CHARGER_41,,
DIGITAL_CAMERA_PIC_CHARGER_41,,
POWER_BANK_PIC_CHARGER_41,,
ELECTRIC_TOOTHBRUSH_PIC_CHARGER_41,,
BLUETOOTH_HEADPHONES_PIC_CHARGER_41,,
DRONE_PIC_CHARGER_41,,
HELICOPTER_PIC_TRANSPORT_42,,
TRAIN_PIC_TRANSPORT_42,,
PLANE_PIC_TRANSPORT_42,,
TAXI_PIC_TRANSPORT_42,,
SCOOTER_PIC_TRANSPORT_42,,
DOUBLE_DECKER_BUS_PIC_TRANSPORT_42,,
MOTORBOAT_PIC_TRANSPORT_42,,
HOT_AIR_BALLOON_PIC_TRANSPORT_42,,
CAT_PIC_WHISKERS_43,,
DOG_PIC_WHISKERS_43,,
SEAL_PIC_WHISKERS_43,,
WALRUS_PIC_WHISKERS_43,,
OTTER_PIC_WHISKERS_43,,
SQUIRREL_PIC_WHISKERS_43,,
CATFISH_PIC_WHISKERS_43,,
LION_PIC_WHISKERS_43,,
BEEF_PIC_BURGER_44,,
BUN_PIC_BURGER_44,,
SAUCE_PIC_BURGER_44,,
CHEESE_PIC_BURGER_44,,
LETTUCE_PIC_BURGER_44,,
TOMATO_PIC_BURGER_44,,
PICKLE_PIC_BURGER_44,,
ONION_PIC_BURGER_44,,
SODA_PIC_DRINKS_45,,
ESPRESSO_PIC_DRINKS_45,,
LEMONADE_PIC_DRINKS_45,,
JUICE_PIC_DRINKS_45,,
TEA_PIC_DRINKS_45,,
MILK_PIC_DRINKS_45,,
BUBBLE_TEA_PIC_DRINKS_45,,
SPORTS_DRINK_PIC_DRINKS_45,,
CIRCLE_PIC_SHAPES_46,,
SQUARE_PIC_SHAPES_46,,
OVAL_PIC_SHAPES_46,,
OCTAGON_PIC_SHAPES_46,,
TRIANGLE_PIC_SHAPES_46,,
STAR_PIC_SHAPES_46,,
HEART_PIC_SHAPES_46,,
RHOMBUS_PIC_SHAPES_46,,
JEWELRY_PIC_LUXURY_47,,
WATCH_PIC_LUXURY_47,,
CLASSIC_HANDBAG_PIC_LUXURY_47,,
YACHT_PIC_LUXURY_47,,
PRIVATE_JET_PIC_LUXURY_47,,
SUPERCAR_PIC_LUXURY_47,,
ART_PAINTING_PIC_LUXURY_47,,
AMERICAN_EXPRESS_CENTURION_CARD_PIC_LUXURY_47,,
FOOL_PIC_TAROT_48,,
MOON_PIC_TAROT_48,,
MAGICIAN_PIC_TAROT_48,,
EMPRESS_PIC_TAROT_48,,
DEATH_PIC_TAROT_48,,
SUN_PIC_TAROT_48,,
STAR_PIC_TAROT_48,,
HANGED_MAN_PIC_TAROT_48,,
PACIFIER_PIC_BABIES_49,,
DIAPER_PIC_BABIES_49,,
RATTLE_PIC_BABIES_49,,
STROLLER_PIC_BABIES_49,,
BOTTLE_PIC_BABIES_49,,
BABY_BOWL_AND_SOFT_TIP_SPOON_PIC_BABIES_49,,
CRIB_PIC_BABIES_49,,
CAR_SEAT_PIC_BABIES_49,,
ROPE_PIC_SAILOR_50,,
FLAG_PIC_SAILOR_50,,
STORM_PIC_SAILOR_50,,
KNOT_PIC_SAILOR_50,,
SAILOR_HAT_PIC_SAILOR_50,,
SPYGLASS_PIC_SAILOR_50,,
SEXTANT_PIC_SAILOR_50,,
HARBOR_LIGHTHOUSE_PIC_SAILOR_50,,
GUM_PIC_CANDY_51,,
CHOCO_PIC_CANDY_51,,
FUDGE_PIC_CANDY_51,,
LOLLIPOP_PIC_CANDY_51,,
HARD_CANDY_PIC_CANDY_51,,
MARSHMALLOW_PIC_CANDY_51,,
TURKISH_DELIGHT_PIC_CANDY_51,,
COTTON_CANDY_PIC_CANDY_51,,
DOOR_PIC_KEYS_52,,
PADLOCK_PIC_KEYS_52,,
CAR_PIC_KEYS_52,,
SAFE_PIC_KEYS_52,,
SUITCASE_PIC_KEYS_52,,
STORAGE_LOCKER_PIC_KEYS_52,,
TREASURE_CHEST_PIC_KEYS_52,,
LOCKABLE_NOTEBOOK_PIC_KEYS_52,,
GRASS_PIC_LAWN_53,,
MOWER_PIC_LAWN_53,,
FOUR_LEAF_CLOVER_PIC_LAWN_53,,
SPRINKLER_PIC_LAWN_53,,
GARDENING_GLOVES_PIC_LAWN_53,,
LEAF_RAKE_PIC_LAWN_53,,
PICNIC_BLANKET_PIC_LAWN_53,,
FRISBEE_PIC_LAWN_53,,
CUBE_PIC_3D_54,,
SPHERE_PIC_3D_54,,
CONE_PIC_3D_54,,
TORUS_PIC_3D_54,,
SQUARE_PYRAMID_PIC_3D_54,,
CYLINDER_PIC_3D_54,,
OCTAHEDRON_PIC_3D_54,,
MOBIUS_STRIP_PIC_3D_54,,
BATS_PIC_VAMPIRE_55,,
FANGS_PIC_VAMPIRE_55,,
COFFIN_PIC_VAMPIRE_55,,
GARLIC_PIC_VAMPIRE_55,,
CAPE_PIC_VAMPIRE_55,,
CANDLE_AND_CANDLESTICK_PIC_VAMPIRE_55,,
GOTHIC_CASTLE_PIC_VAMPIRE_55,,
RED_ROSE_PIC_VAMPIRE_55,,
BIG_BEN_PIC_LANDMARK_56,,
STATUE_OF_LIBERTY_PIC_LANDMARK_56,,
COLOSSEUM_PIC_LANDMARK_56,,
PYRAMIDS_PIC_LANDMARK_56,,
GREAT_WALL_PIC_LANDMARK_56,,
EIFFEL_TOWER_PIC_LANDMARK_56,,
PARTHENON_PIC_LANDMARK_56,,
LEANING_TOWER_OF_PISA_PIC_LANDMARK_56,,
DUNES_PIC_DESERT_57,,
CACTI_PIC_DESERT_57,,
OASIS_PIC_DESERT_57,,
CAMEL_PIC_DESERT_57,,
LEATHER_WATER_CANTEEN_PIC_DESERT_57,,
GOGGLES_PIC_DESERT_57,,
FENNEC_FOX_PIC_DESERT_57,,
DESERT_TENT_PIC_DESERT_57,,
TEDDY_BEAR_PIC_TOYS_58,,
KITE_PIC_TOYS_58,,
LEGO_PIC_TOYS_58,,
GAMEPAD_PIC_TOYS_58,,
SPINNING_TOP_PIC_TOYS_58,,
JUMP_ROPE_PIC_TOYS_58,,
JIGSAW_PUZZLE_PIC_TOYS_58,,
BUILDING_BLOCKS_PIC_TOYS_58,,
EGGPLANT_PIC_PURPLE_59,,
VIOLET_PIC_PURPLE_59,,
PLUM_PIC_PURPLE_59,,
LAVENDER_PIC_PURPLE_59,,
PURPLE_GRAPES_PIC_PURPLE_59,,
PURPLE_MUG_PIC_PURPLE_59,,
AMETHYST_PIC_PURPLE_59,,
WISTERIA_PIC_PURPLE_59,,
BANANA_PIC_YELLOW_60,,
CORN_PIC_YELLOW_60,,
GOLD_PIC_YELLOW_60,,
CHEESE_PIC_YELLOW_60,,
RUBBER_DUCK_PIC_YELLOW_60,,
LEMON_PIC_YELLOW_60,,
YELLOW_GEMSTONE_PIC_YELLOW_60,,
YELLOW_ROSE_PIC_YELLOW_60,,
UMBRELLA_PIC_RAIN_61,,
RAINCOAT_PIC_RAIN_61,,
CLOUD_PIC_RAIN_61,,
PUDDLE_PIC_RAIN_61,,
RAIN_BOOTS_PIC_RAIN_61,,
LIGHTNING_PIC_RAIN_61,,
RAINBOW_PIC_RAIN_61,,
RAINY_WEATHER_ICON_PIC_RAIN_61,,
DUMBBELL_PIC_GYM_62,,
BARBELL_PIC_GYM_62,,
AIR_BIKE_PIC_GYM_62,,
KETTLEBELL_PIC_GYM_62,,
TREADMILL_PIC_GYM_62,,
EXERCISE_BALL_PIC_GYM_62,,
ELLIPTICAL_MACHINE_PIC_GYM_62,,
AB_ROLLER_PIC_GYM_62,,
SOCKS_PIC_PAIRS_63,,
TWINS_PIC_PAIRS_63,,
SKIS_PIC_PAIRS_63,,
GLOVES_PIC_PAIRS_63,,
SHOES_PIC_PAIRS_63,,
WINGS_PIC_PAIRS_63,,
EARBUDS_PIC_PAIRS_63,,
CHOPSTICKS_PIC_PAIRS_63,,
TENT_PIC_CAMPING_64,,
CAMPFIRE_PIC_CAMPING_64,,
HAMMOCK_PIC_CAMPING_64,,
SLEEPING_BAG_PIC_CAMPING_64,,
CAMP_CHAIR_PIC_CAMPING_64,,
CAMPING_LANTERN_PIC_CAMPING_64,,
MULTI_TOOL_PIC_CAMPING_64,,
INSECT_REPELLENT_PIC_CAMPING_64,,
CANDY_CANE_PIC_XMAS_65,,
CHRISTMAS_STOCKING_PIC_XMAS_65,,
SANTA_PIC_XMAS_65,,
CHRISTMAS_TREE_PIC_XMAS_65,,
FAIRY_LIGHTS_PIC_XMAS_65,,
REINDEER_PIC_XMAS_65,,
GINGERBREAD_HOUSE_PIC_XMAS_65,,
CHRISTMAS_GIFT_PIC_XMAS_65,,
STAMP_PIC_MAIL_66,,
PARCEL_PIC_MAIL_66,,
LETTER_PIC_MAIL_66,,
MAILBOX_PIC_MAIL_66,,
POSTMARK_PIC_MAIL_66,,
EMAIL_PIC_MAIL_66,,
CARRIER_PIGEON_PIC_MAIL_66,,
POSTMAN_PIC_MAIL_66,,
CHEF_S_HAT_PIC_CHEF_67,,
RESTAURANT_PIC_CHEF_67,,
DISH_PIC_CHEF_67,,
CHEF_S_JACKET_PIC_CHEF_67,,
PROFESSIONAL_OVEN_PIC_CHEF_67,,
CHEF_S_KNIFE_PIC_CHEF_67,,
WOK_PIC_CHEF_67,,
SPICE_JAR_PIC_CHEF_67,,
TV_PIC_SCREEN_68,,
LAPTOP_PIC_SCREEN_68,,
E_READER_PIC_SCREEN_68,,
SMARTPHONE_PIC_SCREEN_68,,
SMARTWATCH_PIC_SCREEN_68,,
HANDHELD_GAME_CONSOLE_PIC_SCREEN_68,,
MOVIE_SCREEN_PIC_SCREEN_68,,
CALCULATOR_PIC_SCREEN_68,,
STETHOSCOPE_PIC_TOOLS_69,,
WRENCH_PIC_TOOLS_69,,
PAINTBRUSH_PIC_TOOLS_69,,
GAVEL_PIC_TOOLS_69,,
MICROPHONE_PIC_TOOLS_69,,
HARD_HAT_PIC_TOOLS_69,,
TEACHING_POINTER_PIC_TOOLS_69,,
SCAPEL_PIC_TOOLS_69,,
STAPLER_PIC_SUPPLIES_70,,
TAPE_DISPENSER_PIC_SUPPLIES_70,,
PAPERCLIP_PIC_SUPPLIES_70,,
NOTEBOOK_PIC_SUPPLIES_70,,
RUBBER_STAMP_PIC_SUPPLIES_70,,
FILE_FOLDER_PIC_SUPPLIES_70,,
PENCIL_PIC_SUPPLIES_70,,
CALCULATOR_PIC_SUPPLIES_70,,
BOWL_PIC_UTENSILS_71,,
PLATE_PIC_UTENSILS_71,,
CHOPSTICKS_PIC_UTENSILS_71,,
SPOON_PIC_UTENSILS_71,,
FORK_PIC_UTENSILS_71,,
CUP_PIC_UTENSILS_71,,
DINNER_KNIFE_PIC_UTENSILS_71,,
PLACEMAT_PIC_UTENSILS_71,,
CANVAS_PIC_ARTS_72,,
PALETTE_PIC_ARTS_72,,
SCULPTURE_PIC_ARTS_72,,
CAMERA_PIC_ARTS_72,,
FILM_PIC_ARTS_72,,
SHEET_MUSIC_PIC_ARTS_72,,
STAGE_CURTAIN_PIC_ARTS_72,,
MASK_PIC_ARTS_72,,
COMPASS_PIC_SURVIVAL_73,,
FLASHLIGHT_PIC_SURVIVAL_73,,
TENT_PIC_SURVIVAL_73,,
MATCHES_PIC_SURVIVAL_73,,
MULTI_TOOL_PIC_SURVIVAL_73,,
WATER_BOTTLE_PIC_SURVIVAL_73,,
ROPE_PIC_SURVIVAL_73,,
FIRST_AID_KIT_PIC_SURVIVAL_73,,
FLOUR_PIC_BAKING_74,,
EGGS_PIC_BAKING_74,,
SUGAR_PIC_BAKING_74,,
BUTTER_PIC_BAKING_74,,
YEAST_PIC_BAKING_74,,
CHOCOLATE_CHIPS_PIC_BAKING_74,,
VANILLA_EXTRACT_PIC_BAKING_74,,
CREAM_PIC_BAKING_74,,
THERMOMETER_PIC_MEDICAL_75,,
MASK_PIC_MEDICAL_75,,
SYRINGE_PIC_MEDICAL_75,,
PILLS_PIC_MEDICAL_75,,
BANDAGE_PIC_MEDICAL_75,,
WHEELCHAIR_PIC_MEDICAL_75,,
BLOOD_PRESSURE_MONITOR_PIC_MEDICAL_75,,
FIRST_AID_KIT_PIC_MEDICAL_75,,
REUSABLE_BAG_PIC_ECO_ITEMS_76,,
BIODEGRADABLE_UTENSILS_PIC_ECO_ITEMS_76,,
SOLAR_PANEL_PIC_ECO_ITEMS_76,,
WINDMILL_PIC_ECO_ITEMS_76,,
RECYCLING_BIN_PIC_ECO_ITEMS_76,,
BICYCLE_PIC_ECO_ITEMS_76,,
WATER_SAVING_FAUCET_PIC_ECO_ITEMS_76,,
LED_LIGHT_PIC_ECO_ITEMS_76,,
WALL_CLOCK_PIC_DECOR_77,,
PHOTO_FRAME_PIC_DECOR_77,,
RUG_PIC_DECOR_77,,
VASE_PIC_DECOR_77,,
WALL_ART_PIC_DECOR_77,,
CURTAINS_PIC_DECOR_77,,
THROW_PILLOW_PIC_DECOR_77,,
SCENTED_CANDLE_PIC_DECOR_77,,
SURFBOARD_PIC_AQUATICS_78,,
DIVING_MASK_PIC_AQUATICS_78,,
KAYAK_PIC_AQUATICS_78,,
LIFE_RING_PIC_AQUATICS_78,,
WETSUIT_PIC_AQUATICS_78,,
SAILBOAT_PIC_AQUATICS_78,,
PADDLEBOARD_PIC_AQUATICS_78,,
LIFE_JACKET_PIC_AQUATICS_78,,
CHECKMARK_PIC_ICONS_79,,
CROSS_PIC_ICONS_79,,
CIRCLE_PIC_ICONS_79,,
ARROW_PIC_ICONS_79,,
HEART_PIC_ICONS_79,,
STAR_PIC_ICONS_79,,
LOCK_ICON_PIC_ICONS_79,,
ENVELOPE_ICON_PIC_ICONS_79,,
JACK_O_LANTERN_PIC_HALLOWEEN_80,,
GHOST_PIC_HALLOWEEN_80,,
BAT_PIC_HALLOWEEN_80,,
BLACK_CAT_PIC_HALLOWEEN_80,,
WITCH_HAT_PIC_HALLOWEEN_80,,
SPIDER_WEB_PIC_HALLOWEEN_80,,
CANDY_BUCKET_PIC_HALLOWEEN_80,,
SKELETON_PIC_HALLOWEEN_80,,