id,basic_card_name_en,tr-TR
DOG_WORD_PETS_2,Dog,Köpek
HAMSTER_WORD_PETS_2,Hamster,Hamster
CAT_WORD_PETS_2,Cat,Kedi
PARROT_WORD_PETS_2,Parrot,Papağan
HOT_DOG_WORD_FOOD_3,Hot dog,Sosisli
PIZZA_WORD_FOOD_3,Pizza,Pizza
BURGER_WORD_FOOD_3,Burger,Burger
FRIES_WORD_FOOD_3,Fries,Patates kızartması
PEONY_WORD_FLOWERS_4,Peony,Şakayık
LILY_WORD_FLOWERS_4,Lily,Zambak
ROSE_WORD_FLOWERS_4,Rose,Gül
TULIP_WORD_FLOWERS_4,Tulip,Lale
WESTERN_WORD_CINEMA_6,Western,Western
DRAMA_WORD_CINEMA_6,Drama,Dram
COMEDY_WORD_CINEMA_6,Comedy,Komedi
HORROR_WORD_CINEMA_6,Horror,Korku
POPCORN_WORD_CINEMA_6,Action,Aksiyon
TICKET_WORD_CINEMA_6,Romance,Romantik
BEEF_WORD_BURGER_8,Beef,Sığır eti
BUN_WORD_BURGER_8,Bun,Ekmek
SAUCE_WORD_BURGER_8,Sauce,Sos
CHEESE_WORD_BURGER_8,Cheese,Peynir
PAGE_WORD_BOOK_9,Page,Sayfa
PAPER_WORD_BOOK_9,Paper,Kâğıt
COVER_WORD_BOOK_9,Cover,Kapak
ASIA_WORD_LANDMASS_10,Asia,Asya
AFRICA_WORD_LANDMASS_10,Africa,Afrika
EUROPE_WORD_LANDMASS_10,Europe,Avrupa
SODA_WORD_DRINKS_16,Soda,Soda
ESPRESSO_WORD_DRINKS_16,Espresso,Espresso
LEMONADE_WORD_DRINKS_16,Lemonade,Limonata
JUICE_WORD_DRINKS_16,Juice,Meyve suyu
PAWN_WORD_CHESS_17,Pawn,Piyon
ROOK_WORD_CHESS_17,Rook,Kale
BISHOP_WORD_CHESS_17,Bishop,Fil
QUEEN_WORD_CHESS_17,Queen,Vezir
SPRING_WORD_SEASONS_18,Spring,İlkbahar
AUTUMN_WORD_SEASONS_18,Autumn,Sonbahar
WINTER_WORD_SEASONS_18,Winter,Kış
SUMMER_WORD_SEASONS_18,Summer,Yaz
ROD_WORD_FISHING_20,Rod,Olta
BOBBER_WORD_FISHING_20,Bobber,Şamandıra
BAIT_WORD_FISHING_20,Bait,Yem
JAMAICA_WORD_ISLANDS_21,Jamaica,Jamaika
ICELAND_WORD_ISLANDS_21,Iceland,İzlanda
SICILY_WORD_ISLANDS_21,Sicily,Sicilya
HAWAII_WORD_ISLANDS_21,Hawaii,Hawaii
BALI_WORD_ISLANDS_21,Bali,Bali
IBIZA_WORD_ISLANDS_21,Ibiza,İbiza
CRETE_WORD_ISLANDS_21,Crete,Girit
BARBADOS_WORD_ISLANDS_21,Barbados,Barbados
RUMBA_WORD_DANCES_24,Rumba,Rumba
TANGO_WORD_DANCES_24,Tango,Tango
SALSA_WORD_DANCES_24,Salsa,Salsa
WALTZ_WORD_DANCES_24,Waltz,Vals
SAMBA_WORD_DANCES_24,Samba,Samba
FLAMENCO_WORD_DANCES_24,Flamenco,Flamenko
MOSQUITO_WORD_INSECTS_25,Mosquito,Sivrisinek
LADYBUG_WORD_INSECTS_25,Ladybug,Uğur böceği
MOTH_WORD_INSECTS_25,Moth,Güve
WASP_WORD_INSECTS_25,Wasp,Yaban arısı
DRAGONFLY_WORD_INSECTS_25,Dragonfly,Yusufçuk
ANT_WORD_INSECTS_25,Ant,Karınca
METAL_WORD_MATERIAL_27,Metal,Metal
GLASS_WORD_MATERIAL_27,Glass,Cam
PLASTIC_WORD_MATERIAL_27,Plastic,Plastik
STONE_WORD_MATERIAL_27,Stone,Taş
TERMINAL_WORD_AIRPORT_29,Terminal,Terminal
RUNWAY_WORD_AIRPORT_29,Runway,Pist
GATE_WORD_AIRPORT_29,Gate,Kapı
CREAM_WORD_DAIRY_30,Cream,Krema
BUTTER_WORD_DAIRY_30,Butter,Tereyağı
YOGURT_WORD_DAIRY_30,Yogurt,Yoğurt
GOLDFISH_WORD_FISH_31,Goldfish,Japon balığı
TUNA_WORD_FISH_31,Tuna,Ton balığı
MARLIN_WORD_FISH_31,Marlin,Marlin
SARDINE_WORD_FISH_31,Sardine,Sardalya
EEL_WORD_FISH_31,Eel,Yılan balığı
MACKEREL_WORD_FISH_31,Mackerel,Uskumru
GROUPER_WORD_FISH_31,Grouper,Orfoz
PERCH_WORD_FISH_31,Perch,Levrek
ITALY_WORD_MAP_32,Italy,İtalya
INDIA_WORD_MAP_32,India,Hindistan
AUSTRALIA_WORD_MAP_32,Australia,Avustralya
FRANCE_WORD_MAP_32,France,Fransa
USA_WORD_MAP_32,USA,ABD
UK_WORD_MAP_32,UK,İngiltere
CYPRUS_WORD_MAP_32,Cyprus,Kıbrıs
JAPAN_WORD_MAP_32,Japan,Japonya
ARMOR_WORD_KNIGHT_34,Armor,Zırh
HELMET_WORD_KNIGHT_34,Helmet,Miğfer
SHIELD_WORD_KNIGHT_34,Shield,Kalkan
WEAPON_WORD_KNIGHT_34,Weapon,Silah
DESTRIER_WORD_KNIGHT_34,Destrier,Savaş atı
CHIVALRY_WORD_KNIGHT_34,Chivalry,Şövalyelik
SHOOTER_WORD_GAMER_36,Shooter,Nişancı
ARCADE_WORD_GAMER_36,Arcade,Atari
STRATEGY_WORD_GAMER_36,Strategy,Strateji
SCORE_WORD_GAMER_36,Score,Skor
DRYER_WORD_DEVICE_38,Dryer,Kurutma makinesi
PRINTER_WORD_DEVICE_38,Printer,Yazıcı
FAX_WORD_DEVICE_38,Fax,Faks
HEATER_WORD_DEVICE_38,Heater,Isıtıcı
MANSION_WORD_HOUSE_40,Mansion,Konak
PALACE_WORD_HOUSE_40,Palace,Saray
VILLA_WORD_HOUSE_40,Villa,Villa
PILOT_WORD_JOBS_42,Pilot,Pilot
MAILMAN_WORD_JOBS_42,Mailman,Postacı
DOCTOR_WORD_JOBS_42,Doctor,Doktor
WELDER_WORD_JOBS_42,Welder,Kaynakçı
ENGINEER_WORD_JOBS_42,Engineer,Mühendis
PLUMBER_WORD_JOBS_42,Plumber,Tesisatçı
ACTOR_WORD_JOBS_42,Actor,Aktör
NURSE_WORD_JOBS_42,Nurse,Hemşire
SANDALS_WORD_FOOTWEAR_46,Sandals,Sandaletler
UGGS_WORD_FOOTWEAR_46,Uggs,Ugg botlar
SLIPPERS_WORD_FOOTWEAR_46,Slippers,Terlikler
CLOGS_WORD_FOOTWEAR_46,Clogs,Takunya
LOAFERS_WORD_FOOTWEAR_46,Loafers,Mokasen
SNEAKERS_WORD_FOOTWEAR_46,Sneakers,Spor ayakkabı
CAR_WORD_DRIVING_49,Car,Araba
ROAD_WORD_DRIVING_49,Road,Yol
SIGN_WORD_DRIVING_49,Sign,Tabela
TRAFFIC_WORD_DRIVING_49,Traffic,Trafik
VESPUCCI_WORD_EXPLORER_51,Vespucci,Vespucci
MAGELLAN_WORD_EXPLORER_51,Magellan,Macellan
COLUMBUS_WORD_EXPLORER_51,Columbus,Kolomb
KICK_WORD_MOVEMENT_52,Kick,Tekme
WALK_WORD_MOVEMENT_52,Walk,Yürüme
JUMP_WORD_MOVEMENT_52,Jump,Zıplama
SOLID_WORD_PHASE_57,Solid,Katı
LIQUID_WORD_PHASE_57,Liquid,Sıvı
GAS_WORD_PHASE_57,Gas,Gaz
COMFY_WORD_COZY_58,Comfy,Rahat
WARM_WORD_COZY_58,Warm,Sıcak
SNUG_WORD_COZY_58,Snug,Konforlu
ARIES_WORD_ZODIAC_59,Aries,Koç
TAURUS_WORD_ZODIAC_59,Taurus,Boğa
GEMINI_WORD_ZODIAC_59,Gemini,İkizler
LEO_WORD_ZODIAC_59,Leo,Aslan
VIRGO_WORD_ZODIAC_59,Virgo,Başak
LIBRA_WORD_ZODIAC_59,Libra,Terazi
SCORPIO_WORD_ZODIAC_59,Scorpio,Akrep
PISCES_WORD_ZODIAC_59,Pisces,Balık
FRIGATE_WORD_SHIP_62,Frigate,Firkateyn
CARAVEL_WORD_SHIP_62,Caravel,Karavel
GALLEON_WORD_SHIP_62,Galleon,Kalyon
BRIG_WORD_SHIP_62,Brig,Brik
TANKER_WORD_SHIP_62,Tanker,Tanker
TUGBOAT_WORD_SHIP_62,Tugboat,Römorkör
STAMP_WORD_MAILMAN_63,Stamp,Pul
ENVELOPE_WORD_MAILMAN_63,Envelope,Zarf
LETTER_WORD_MAILMAN_63,Letter,Mektup
MAIL_WORD_MAILMAN_63,Mail,Posta
SEAL_WORD_MAILMAN_63,Seal,Mühür
INK_WORD_MAILMAN_63,Ink,Mürekkep
BUST_WORD_SCULPT_64,Bust,Büst
FIGURINE_WORD_SCULPT_64,Figurine,Figürin
STATUE_WORD_SCULPT_64,Statue,Heykel
MONUMENT_WORD_SCULPT_64,Monument,Anıt
ENGLISH_WORD_LANGUAGE_70,English,İngilizce
ITALIAN_WORD_LANGUAGE_70,Italian,İtalyanca
HINDI_WORD_LANGUAGE_70,Hindi,Hintçe
JAPANESE_WORD_LANGUAGE_70,Japanese,Japonca
HEBREW_WORD_LANGUAGE_70,Hebrew,İbranice
DANISH_WORD_LANGUAGE_70,Danish,Danca
LATIN_WORD_LANGUAGE_70,Latin,Latince
POLISH_WORD_LANGUAGE_70,Polish,Lehçe
LENS_WORD_CAMERA_73,Lens,Lens
FLASH_WORD_CAMERA_73,Flash,Flaş
ZOOM_WORD_CAMERA_73,Zoom,Yakınlaştırma
FILTER_WORD_CAMERA_73,Filter,Filtre
SHUTTER_WORD_CAMERA_73,Shutter,Deklanşör
EXPOSURE_WORD_CAMERA_73,Exposure,Pozlama
MIST_WORD_FOG_76,Mist,Sis
HAZE_WORD_FOG_76,Haze,Pus
SMOG_WORD_FOG_76,Smog,Duman
VAPOR_WORD_FOG_76,Vapor,Buhar
SLEET_WORD_SNOW_77,Sleet,Karla karışık yağmur
FLAKE_WORD_SNOW_77,Flake,Kar tanesi
ICEBERG_WORD_SNOW_77,Frost,Kırağı
HEDGEHOG_WORD_SPIKY_78,Hedgehog,Kirpi
CACTUS_WORD_SPIKY_78,Cactus,Kaktüs
DURIAN_WORD_SPIKY_78,Durian,Durian
DOVE_WORD_BIRDS_80,Dove,Güvercin
EAGLE_WORD_BIRDS_80,Eagle,Kartal
SWAN_WORD_BIRDS_80,Swan,Kuğu
OWL_WORD_BIRDS_80,Owl,Baykuş
HERON_WORD_BIRDS_80,Heron,Balıkçıl
ROBIN_WORD_BIRDS_80,Robin,Kızılgerdan
FINCH_WORD_BIRDS_80,Finch,İspinoz
VULTURE_WORD_BIRDS_80,Vulture,Akbaba
SARTRE_WORD_MINDS_82,Sartre,Sartre
DANTE_WORD_MINDS_82,Dante,Dante
PLATO_WORD_MINDS_82,Plato,Platon
SOCRATES_WORD_MINDS_82,Socrates,Sokrates
GALILEO_WORD_MINDS_82,Galileo,Galileo
KANT_WORD_MINDS_82,Kant,Kant
PUCK_WORD_HOCKEY_86,Puck,Pak
PENALTY_WORD_HOCKEY_86,Penalty,Penaltı
GOAL_WORD_HOCKEY_86,Goal,Gol
RINK_WORD_HOCKEY_86,Rink,Buz pisti
COUPLE_WORD_DATE_87,Couple,Çift
TUXEDO_WORD_DATE_87,Wine,Şarap
FLOWERS_WORD_DATE_87,Flowers,Çiçekler
TEETH_WORD_SAW_88,Teeth,Dişler
BLADE_WORD_SAW_88,Blade,Bıçak
NOTCH_WORD_SAW_88,Notch,Çentik
OLDMAN_WORD_ACTOR_89,Oldman,Oldman
PITT_WORD_ACTOR_89,Pitt,Pitt
EASTWOOD_WORD_ACTOR_89,Eastwood,Eastwood
HANKS_WORD_ACTOR_89,Hanks,Hanks
CROWE_WORD_ACTOR_89,Crowe,Crowe
CRUISE_WORD_ACTOR_89,Cruise,Cruise
DICAPRIO_WORD_ACTOR_89,DiCaprio,DiCaprio
WAHLBERG_WORD_ACTOR_89,Wahlberg,Wahlberg
MERCURY_WORD_PLANET_90,Mercury,Merkür
JUPITER_WORD_PLANET_90,Jupiter,Jüpiter
SATURN_WORD_PLANET_90,Saturn,Satürn
URANUS_WORD_PLANET_90,Uranus,Uranüs
NEPTUNE_WORD_PLANET_90,Neptune,Neptün
MARS_WORD_PLANET_90,Mars,Mars
EARTH_WORD_PLANET_90,Earth,Dünya
VENUS_WORD_PLANET_90,Venus,Venüs
BIOLOGY_WORD_LESSONS_94,Biology,Biyoloji
PHYSICS_WORD_LESSONS_94,Physics,Fizik
GEOMETRY_WORD_LESSONS_94,Geometry,Geometri
ALGEBRA_WORD_LESSONS_94,Algebra,Cebir
HISTORY_WORD_LESSONS_94,History,Tarih
CALCULUS_WORD_LESSONS_94,Calculus,Kalkülüs
TABLETS_WORD_PILLS_99,Tablets,Tabletler
CAPSULES_WORD_PILLS_99,Capsules,Kapsüller
LOZENGES_WORD_PILLS_99,Lozenges,Pastiller
CLOUDS_WORD_RAINY_100,Clouds,Bulutlar
SHOWERS_WORD_RAINY_100,Showers,Sağanak
PUDDLES_WORD_RAINY_100,Puddles,Su birikintileri
CIABATTA_WORD_BREADS_102,Ciabatta,Ciabatta
BAGUETTE_WORD_BREADS_102,Baguette,Baget
FOCACCIA_WORD_BREADS_102,Focaccia,Focaccia
PITA_WORD_BREADS_102,Pita,Pide
CHALLAH_WORD_BREADS_102,Challah,Challah
TORTILLA_WORD_BREADS_102,Tortilla,Tortilla
BRIOCHE_WORD_BREADS_102,Brioche,Brioche
AREPA_WORD_BREADS_102,Arepa,Arepa
GYRUS_WORD_BRAIN_106,Gyrus,Kıvrım
CORTEX_WORD_BRAIN_106,Cortex,Korteks
LOBE_WORD_BRAIN_106,Lobe,Lob
HYDROGEN_WORD_ELEMENTS_107,Hydrogen,Hidrojen
NITROGEN_WORD_ELEMENTS_107,Nitrogen,Azot
SULFUR_WORD_ELEMENTS_107,Sulfur,Kükürt
CARBON_WORD_ELEMENTS_107,Carbon,Karbon
SODIUM_WORD_ELEMENTS_107,Sodium,Sodyum
SILICON_WORD_ELEMENTS_107,Silicon,Silikon
IODINE_WORD_ELEMENTS_107,Iodine,İyot
OXYGEN_WORD_ELEMENTS_107,Oxygen,Oksijen
BRIE_WORD_CHEESE_108,Brie,Brie
FETA_WORD_CHEESE_108,Feta,Beyaz peynir
GOUDA_WORD_CHEESE_108,Gouda,Gouda
CHEDDAR_WORD_CHEESE_108,Cheddar,Çedar
PARMESAN_WORD_CHEESE_108,Parmesan,Parmezan
RICOTTA_WORD_CHEESE_108,Ricotta,Ricotta
EDAM_WORD_CHEESE_108,Edam,Edam
DORBLU_WORD_CHEESE_108,Swiss,İsviçre peyniri
WORKOUT_WORD_FITNESS_110,Workout,Antrenman
YOGA_WORD_FITNESS_110,Yoga,Yoga
PILATES_WORD_FITNESS_110,Pilates,Pilates
JOGGING_WORD_FITNESS_110,Jogging,Koşu
GYM_WORD_FITNESS_110,Gym,Spor salonu
CARDIO_WORD_FITNESS_110,Cardio,Kardiyo
BICEPS_WORD_MUSCLES_112,Biceps,Biseps
DELTOIDS_WORD_MUSCLES_112,Deltoids,Deltoid
ABS_WORD_MUSCLES_112,Abs,Karın kası
TRICEPS_WORD_MUSCLES_112,Triceps,Triseps
SCARAB_WORD_EGYPT_114,Scarab,Bok böceği
PHARAOH_WORD_EGYPT_114,Pharaoh,Firavun
PAPYRUS_WORD_EGYPT_114,Papyrus,Papirüs
PYRAMID_WORD_EGYPT_114,Pyramid,Piramit
MULBERRY_WORD_BERRY_116,Mulberry,Dut
BILBERRY_WORD_BERRY_116,Bilberry,Yaban mersini
BARBERRY_WORD_BERRY_116,Barberry,Kadın tuzluğu
ATHENS_WORD_CAPITALS_119,Athens,Atina
PRAGUE_WORD_CAPITALS_119,Prague,Prag
MADRID_WORD_CAPITALS_119,Madrid,Madrid
RIYADH_WORD_CAPITALS_119,Riyadh,Riyad
OTTAWA_WORD_CAPITALS_119,Ottawa,Ottawa
ROME_WORD_CAPITALS_119,Rome,Roma
OSLO_WORD_CAPITALS_119,Oslo,Oslo
CAIRO_WORD_CAPITALS_119,Cairo,Kahire
POWDER_WORD_MAKEUP_120,Powder,Pudra
SPONGE_WORD_MAKEUP_120,Sponge,Sünger
PALETTE_WORD_MAKEUP_120,Palette,Palet
SERUM_WORD_MAKEUP_120,Serum,Serum
PEEL_WORD_MAKEUP_120,Peel,Peeling
BLUSH_WORD_MAKEUP_120,Blush,Allık
SAVATE_WORD_COMBAT_121,Savate,Savate
JUDO_WORD_COMBAT_121,Judo,Judo
KARATE_WORD_COMBAT_121,Karate,Karate
KUNG_FU_WORD_COMBAT_121,Kung fu,Kung fu
SUMO_WORD_COMBAT_121,Sumo,Sumo
SILAT_WORD_COMBAT_121,Silat,Silat
CHORDS_WORD_GUITAR_122,Chords,Akorlar
PICKUPS_WORD_GUITAR_122,Pickups,Manyetikler
STRINGS_WORD_GUITAR_122,Strings,Teller
RIFFS_WORD_GUITAR_122,Riffs,Rifler
POINTE_WORD_BALLET_125,Pointe,Puan
TUTU_WORD_BALLET_125,Tutu,Tütü
BARRE_WORD_BALLET_125,Barre,Barre
ALLIANCE_WORD_UNITE_126,Alliance,İttifak
LEAGUE_WORD_UNITE_126,League,Lig
UNION_WORD_UNITE_126,Union,Birlik
JEWELRY_WORD_LUXURY_133,Jewelry,Mücevher
WATCH_WORD_LUXURY_133,Watch,Saat
CAVIAR_WORD_LUXURY_133,Caviar,Havyar
YACHT_WORD_LUXURY_133,Yacht,Yat
SAVANNA_WORD_BIOMES_135,Savanna,Savan
TUNDRA_WORD_BIOMES_135,Tundra,Tundra
TAIGA_WORD_BIOMES_135,Taiga,Tayga
SRIRACHA_WORD_SPICY_136,Sriracha,Sriracha
WASABI_WORD_SPICY_136,Wasabi,Wasabi
HABANERO_WORD_SPICY_136,Habanero,Habanero
COCKPIT_WORD_PLANE_139,Cockpit,Kokpit
SEATBELT_WORD_PLANE_139,Seatbelt,Emniyet kemeri
WINGS_WORD_PLANE_139,Wings,Kanatlar
ENGINE_WORD_PLANE_139,Engine,Motor
RUDDER_WORD_PLANE_139,Rudder,Dümen
FUSELAGE_WORD_PLANE_139,Fuselage,Gövde
AILERON_WORD_PLANE_139,Aileron,Kanatçık
FLY_WORD_PLANE_139,Fly,Uçmak
BEAVER_WORD_RODENTS_141,Beaver,Kunduz
MARMOT_WORD_RODENTS_141,Marmot,Dağ sıçanı
NUTRIA_WORD_RODENTS_141,Nutria,Nutria
SQUIRREL_WORD_RODENTS_141,Squirrel,Sincap
CAPYBARA_WORD_RODENTS_141,Capybara,Kapibara
RAT_WORD_RODENTS_141,Rat,Sıçan
SOLAR_WORD_ENERGY_145,Solar,Güneş
NUCLEAR_WORD_ENERGY_145,Nuclear,Nükleer
KINETIC_WORD_ENERGY_145,Kinetic,Kinetik
THERMAL_WORD_ENERGY_145,Thermal,Termal
ESSAY_WORD_ARTICLES_147,Essay,Deneme
REVIEW_WORD_ARTICLES_147,Review,İnceleme
OPINION_WORD_ARTICLES_147,Opinion,Görüş
TSUNAMI_WORD_DISASTER_148,Tsunami,Tsunami
TORNADO_WORD_DISASTER_148,Tornado,Kasırga
FLOOD_WORD_DISASTER_148,Flood,Sel
GORILLA_WORD_PRIMATES_149,Gorilla,Goril
GIBBON_WORD_PRIMATES_149,Gibbon,Gibon
BABOON_WORD_PRIMATES_149,Baboon,Babun
LEMUR_WORD_PRIMATES_149,Lemur,Lemur
MACAQUE_WORD_PRIMATES_149,Macaque,Makak
SIMIAN_WORD_PRIMATES_149,Simian,Maymun
MANDRILL_WORD_PRIMATES_149,Mandrill,Mandril
TARSIER_WORD_PRIMATES_149,Tarsier,Tarsier
PYTHON_WORD_CODING_150,Python,Python
JAVA_WORD_CODING_150,Java,Java
RUBY_WORD_CODING_150,Ruby,Ruby
SWIFT_WORD_CODING_150,Swift,Swift
SCRIPT_WORD_CODING_150,Script,Script
PHP_WORD_CODING_150,PHP,PHP
SQL_WORD_CODING_150,SQL,SQL
BUGS_WORD_CODING_150,Bugs,Hatalar
LYRICS_WORD_RAP_151,Lyrics,Sözler
VERSE_WORD_RAP_151,Verse,Dize
RHYME_WORD_RAP_151,Rhyme,Kafiye
PUNCH_WORD_RAP_151,Punch,Vuruş
NIAGARA_WORD_WATER_152,Niagara,Niagara
VICTORIA_WORD_WATER_152,Victoria,Victoria
YOSEMITE_WORD_WATER_152,Yosemite,Yosemite
HAVASU_WORD_WATER_152,Havasu,Havasu
YO_YO_WORD_TOYS_154,Yo-yo,Yoyo
SPINNER_WORD_TOYS_154,Spinner,Topaç
DOLL_WORD_TOYS_154,Doll,Bebek
SERGEANT_WORD_ARMY_156,Sergeant,Çavuş
MAJOR_WORD_ARMY_156,Major,Binbaşı
GENERAL_WORD_ARMY_156,General,General
COLONEL_WORD_ARMY_156,Colonel,Albay
PRIVATE_WORD_ARMY_156,Private,Er
CORPORAL_WORD_ARMY_156,Corporal,Onbaşı
CAPTAIN_WORD_ARMY_156,Captain,Yüzbaşı
RANK_WORD_ARMY_156,Rank,Rütbe
ZEN_WORD_MEDITATE_160,Zen,Zen
BREATH_WORD_MEDITATE_160,Breath,Nefes
PEACE_WORD_MEDITATE_160,Peace,Huzur
MANTRA_WORD_MEDITATE_160,Mantra,Mantra
FAMOUS_WORD_FAME_161,Famous,Ünlü
ICONIC_WORD_FAME_161,Iconic,İkonik
POPULAR_WORD_FAME_161,Popular,Popüler
RENOWN_WORD_FAME_161,Renown,Şöhret
SYNTAX_WORD_LINGUIST_162,Syntax,Söz dizimi
POLYGLOT_WORD_LINGUIST_162,Polyglot,Poliglot
GRAMMAR_WORD_LINGUIST_162,Grammar,Dilbilgisi
SCHOLAR_WORD_LINGUIST_162,Scholar,Bilgin
EASTER_WORD_HOLIDAY_163,Easter,Paskalya
NEW_YEAR_WORD_HOLIDAY_163,New Year,Yılbaşı
FLAG_DAY_WORD_HOLIDAY_163,Flag Day,Bayrak Günü
DUMBBELL_WORD_GYM_164,Dumbbell,Dambıl
BARBELL_WORD_GYM_164,Barbell,Halter
AIR_BIKE_WORD_GYM_164,Air bike,Air bike
PERICLES_WORD_WILLIAM_165,Pericles,Perikles
MACBETH_WORD_WILLIAM_165,Macbeth,Macbeth
HAMLET_WORD_WILLIAM_165,Hamlet,Hamlet
OTHELLO_WORD_WILLIAM_165,Othello,Othello
JULIET_WORD_WILLIAM_165,Juliet,Juliet
ROMEO_WORD_WILLIAM_165,Romeo,Romeo
TEMPEST_WORD_WILLIAM_165,Tempest,Fırtına
HENRY_V_WORD_WILLIAM_165,Henry V,V. Henry
WOLF_WORD_CANINES_168,Wolf,Kurt
COYOTE_WORD_CANINES_168,Coyote,Çakal
DINGO_WORD_CANINES_168,Dingo,Dingo
JACKAL_WORD_CANINES_168,Jackal,Çakal
FOX_WORD_CANINES_168,Fox,Tilki
DHOLE_WORD_CANINES_168,Dhole,Kızıl kurt
HARVARD_WORD_STUDIES_169,Harvard,Harvard
STANFORD_WORD_STUDIES_169,Stanford,Stanford
OXFORD_WORD_STUDIES_169,Oxford,Oxford
YALE_WORD_STUDIES_169,Yale,Yale
SORBONNE_WORD_STUDIES_169,Sorbonne,Sorbonne
MIT_WORD_STUDIES_169,MIT,MIT
LEMON_WORD_CITRUS_173,Lemon,Limon
LIME_WORD_CITRUS_173,Lime,Misket limonu
POMELO_WORD_CITRUS_173,Pomelo,Pomelo
GLIDER_WORD_AIRCRAFT_174,Glider,Planör
JETLINER_WORD_AIRCRAFT_174,Jetliner,Jet uçak
AIRPLANE_WORD_AIRCRAFT_174,Airplane,Uçak
MERLOT_WORD_GRAPE_177,Merlot,Merlot
RIESLING_WORD_GRAPE_177,Riesling,Riesling
SHIRAZ_WORD_GRAPE_177,Shiraz,Şiraz
GRENACHE_WORD_GRAPE_177,Grenache,Grenache
MUSCAT_WORD_GRAPE_177,Muscat,Misket
MALBEC_WORD_GRAPE_177,Malbec,Malbec
AMANITA_WORD_MUSHROOM_178,Amanita,Ağu mantarı
PORCINI_WORD_MUSHROOM_178,Porcini,Porcini
RUSSULA_WORD_MUSHROOM_178,Russula,Güveymantar
TRUFFLE_WORD_MUSHROOM_178,Truffle,Trüf
ENOKI_WORD_MUSHROOM_178,Enoki,Enoki
SHIITAKE_WORD_MUSHROOM_178,Shiitake,Shiitake
WALRUS_WORD_ARCTIC_180,Walrus,Mors
POLAR_BEAR_WORD_ARCTIC_180,Polar bear,Kutup ayısı
SNOWY_OWL_WORD_ARCTIC_180,Snowy owl,Kar baykuşu
REINDEER_WORD_ARCTIC_180,Reindeer,Ren geyiği
PIT_STOP_WORD_RACING_182,Pit stop,Pit stop
FINISH_WORD_RACING_182,Finish,Bitiş
SPEEDWAY_WORD_RACING_182,Speedway,Yarış pisti
ASSIST_WORD_HELP_183,Assist,Yardım
SUPPORT_WORD_HELP_183,Support,Destek
DONATE_WORD_HELP_183,Donate,Bağış
OPAL_WORD_GEMSTONE_186,Opal,Opal
RUBY_WORD_GEMSTONE_186,Ruby,Yakut
TOPAZ_WORD_GEMSTONE_186,Topaz,Topaz
SAPPHIRE_WORD_GEMSTONE_186,Sapphire,Safir
GARNET_WORD_GEMSTONE_186,Garnet,Lal taşı
DIAMOND_WORD_GEMSTONE_186,Diamond,Elmas
ONYX_WORD_GEMSTONE_186,Onyx,Oniks
AGATE_WORD_GEMSTONE_186,Agate,Akik
ORION_WORD_PATTERN_188,Orion,Orion
PERSEUS_WORD_PATTERN_188,Perseus,Perseus
DRACO_WORD_PATTERN_188,Draco,Draco
SCORPIUS_WORD_PATTERN_188,Scorpius,Akrep
CYGNUS_WORD_PATTERN_188,Cygnus,Kuğu
SERPENS_WORD_PATTERN_188,Serpens,Yılan
GASOLINE_WORD_FUELS_190,Gasoline,Benzin
DIESEL_WORD_FUELS_190,Diesel,Dizel
COAL_WORD_FUELS_190,Coal,Kömür
PROPANE_WORD_FUELS_190,Propane,Propan
KEROSENE_WORD_FUELS_190,Kerosene,Gazyağı
VOTER_WORD_ELECT_193,Voter,Seçmen
BALLOT_WORD_ELECT_193,Ballot,Oy pusulası
CAMPAIGN_WORD_ELECT_193,Campaign,Kampanya
TURNOUT_WORD_ELECT_193,Turnout,Katılım
KING_WORD_CROWN_194,King,Kral
EMPEROR_WORD_CROWN_194,Emperor,İmparator
MAHARAJA_WORD_CROWN_194,Maharaja,Mahraca
KENNEDY_WORD_LEADER_196,Washington,Washington
CLINTON_WORD_LEADER_196,Jefferson,Jefferson
LINCOLN_WORD_LEADER_196,Lincoln,Lincoln
REAGAN_WORD_LEADER_196,Roosevelt,Roosevelt
BUSH_WORD_LEADER_196,Wilson,Wilson
OBAMA_WORD_LEADER_196,Jackson,Jackson
ADAMS_WORD_LEADER_196,Adams,Adams
BIDEN_WORD_LEADER_196,Madison,Madison
SOFT_BUN_WORD_HOT_DOG_201,Soft bun,Yumuşak ekmek
SAUSAGE_WORD_HOT_DOG_201,Sausage,Sosis
KETCHUP_WORD_HOT_DOG_201,Ketchup,Ketçap
DECODE_WORD_CIPHER_208,Decode,Çözmek
ENCODE_WORD_CIPHER_208,Encode,Şifrelemek
KEYWORD_WORD_CIPHER_208,Keyword,Anahtar kelime
PASSWORD_WORD_CIPHER_208,Password,Şifre
HARMONY_WORD_SYMPHONY_210,Harmony,Armoni
OVERTURE_WORD_SYMPHONY_210,Overture,Uvertür
MELODY_WORD_SYMPHONY_210,Melody,Melodi
PHOTO_WORD_ARTWORKS_211,Photo,Fotoğraf
DRAWING_WORD_ARTWORKS_211,Drawing,Çizim
PAINTING_WORD_ARTWORKS_211,Painting,Tablo
HAMMER_WORD_AUCTION_215,Hammer,Çekiç
LOT_WORD_AUCTION_215,Lot,Lot
BID_WORD_AUCTION_215,Bid,Teklif
PRICE_WORD_AUCTION_215,Price,Fiyat
CATALOG_WORD_AUCTION_215,Catalog,Katalog
BIDDER_WORD_AUCTION_215,Bidder,Teklif veren
EXCELSA_WORD_BEANS_219,Excelsa,Excelsa
ROBUSTA_WORD_BEANS_219,Robusta,Robusta
LIBERICA_WORD_BEANS_219,Liberica,Liberica
ARABICA_WORD_BEANS_219,Arabica,Arabica
TENT_WORD_CAMPING_221,Tent,Çadır
CAMPFIRE_WORD_CAMPING_221,Campfire,Kamp ateşi
HAMMOCK_WORD_CAMPING_221,Hammock,Hamak
ORGAN_WORD_PLAY_223,Organ,Org
VIOLIN_WORD_PLAY_223,Violin,Keman
UKULELE_WORD_PLAY_223,Ukulele,Ukulele
DRUM_WORD_PLAY_223,Drum,Davul
PIANO_WORD_PLAY_223,Piano,Piyano
FLUTE_WORD_PLAY_223,Flute,Flüt
GUITAR_WORD_PLAY_223,Guitar,Gitar
CELLO_WORD_PLAY_223,Cello,Çello
BANK_WORD_FINANCE_227,Bank,Banka
INCOME_WORD_FINANCE_227,Income,Gelir
EXPENSE_WORD_FINANCE_227,Expense,Gider
MONEY_WORD_FINANCE_227,Money,Para
KINGDOM_WORD_MEDIEVAL_228,Kingdom,Krallık
LORD_WORD_MEDIEVAL_228,Lord,Lord
KNIGHT_WORD_MEDIEVAL_228,Knight,Şövalye
CASTLE_WORD_MEDIEVAL_228,Castle,Kale
GLASSES_WORD_OPTICS_229,Glasses,Gözlük
LENS_WORD_OPTICS_229,Lens,Lens
MONOCLE_WORD_OPTICS_229,Monocle,Monoküler
SPYGLASS_WORD_OPTICS_229,Spyglass,Dürbün
SIGNPOST_WORD_NAVIGATE_230,Signpost,Tabela
SEXTANT_WORD_NAVIGATE_230,Sextant,Sekstant
COMPASS_WORD_NAVIGATE_230,Compass,Pusula
PLAYPEN_WORD_TODDLER_231,Playpen,Oyun parkı
NAP_TIME_WORD_TODDLER_231,Nap time,Uyku vakti
PACIFIER_WORD_TODDLER_231,Pacifier,Emzik
CAPRINE_WORD_FAMILIES_234,Caprine,Keçigil
OVINE_WORD_FAMILIES_234,Ovine,Koyungil
FELINE_WORD_FAMILIES_234,Feline,Kedigil
EQUINE_WORD_FAMILIES_234,Equine,Atgil
CANINE_WORD_FAMILIES_234,Canine,Köpekgil
MURINE_WORD_FAMILIES_234,Murine,Faregil
PORCINE_WORD_FAMILIES_234,Porcine,Domuzgil
BOVINE_WORD_FAMILIES_234,Bovine,Sığırgil
ALTAIR_WORD_STARS_236,Altair,Altair
POLARIS_WORD_STARS_236,Polaris,Kutup Yıldızı
SIRIUS_WORD_STARS_236,Sirius,Sirius
VEGA_WORD_STARS_236,Vega,Vega
RIGEL_WORD_STARS_236,Rigel,Rigel
ALKAID_WORD_STARS_236,Alkaid,Alkaid
NEURAL_WORD_AI_238,Neural,Sinirsel
DATASET_WORD_AI_238,Dataset,Veri seti
CHATBOT_WORD_AI_238,Chatbot,Sohbet botu
AGENT_WORD_AI_238,Agent,Ajan
MATRIX_WORD_AI_238,Matrix,Matris
CORTEX_WORD_AI_238,Cortex,Korteks
REGION_WORD_DIVISION_242,Region,Bölge
COUNTRY_WORD_DIVISION_242,Country,Ülke
STATE_WORD_DIVISION_242,State,Eyalet
CITY_WORD_DIVISION_242,City,Şehir
DIALOGUE_WORD_SPEAK_244,Dialogue,Diyalog
DEBATE_WORD_SPEAK_244,Debate,Tartışma
ARGUMENT_WORD_SPEAK_244,Argument,Münakaşa
WAVY_WORD_HAIR_245,Wavy,Dalgalı
CURLY_WORD_HAIR_245,Curly,Kıvırcık
COILY_WORD_HAIR_245,Coily,Bukle
SPRAIN_WORD_INJURIES_249,Sprain,Burkulma
FRACTURE_WORD_INJURIES_249,Fracture,Kırık
BRUISE_WORD_INJURIES_249,Bruise,Çürük
WOUND_WORD_INJURIES_249,Wound,Yara
HEADACHE_WORD_FLU_251,Headache,Baş ağrısı
PILLS_WORD_FLU_251,Pills,Haplar
COUGH_WORD_FLU_251,Cough,Öksürük
GYPSUM_WORD_MINERALS_253,Gypsum,Alçıtaşı
CALCITE_WORD_MINERALS_253,Calcite,Kalsit
AZURITE_WORD_MINERALS_253,Azurite,Azurit
MICA_WORD_MINERALS_253,Mica,Mika
MARBLE_WORD_MINERALS_253,Marble,Mermer
QUARTZ_WORD_MINERALS_253,Quartz,Kuvars
LIME_WORD_MINERALS_253,Lime,Kireç
BERYL_WORD_MINERALS_253,Beryl,Beril
DECAY_WORD_RADIATE_257,Decay,Bozunma
FALLOUT_WORD_RADIATE_257,Fallout,Serpinti
CURIE_WORD_RADIATE_257,Curie,Curie
X_RAYS_WORD_RADIATE_257,X-rays,Röntgen
GLUCAGON_WORD_HORMONES_259,Glucagon,Glukagon
CORTISOL_WORD_HORMONES_259,Cortisol,Kortizol
INSULIN_WORD_HORMONES_259,Insulin,İnsülin
GASTRIN_WORD_HORMONES_259,Gastrin,Gastrin
IRIS_WORD_EYE_260,Iris,İris
PUPIL_WORD_EYE_260,Pupil,Göz bebeği
RETINA_WORD_EYE_260,Retina,Retina
DIG_WORD_SHOVEL_261,Dig,Kazmak
EXCAVATE_WORD_SHOVEL_261,Excavate,Kazı yapmak
UNEARTH_WORD_SHOVEL_261,Unearth,Çıkarmak
ALNICO_WORD_ALLOY_264,Alnico,Alnico
AMALGAM_WORD_ALLOY_264,Amalgam,Amalgam
BRASS_WORD_ALLOY_264,Brass,Pirinç
BRONZE_WORD_ALLOY_264,Bronze,Bronz
NICHROME_WORD_ALLOY_264,Nichrome,Nikrom
TUNGSTEN_WORD_ALLOY_264,Pewter,Kalay
NITINOL_WORD_ALLOY_264,Nitinol,Nitinol
STELLITE_WORD_ALLOY_264,Stellite,Stellit
DIWALI_WORD_FESTIVAL_270,Diwali,Diwali
HOLI_WORD_FESTIVAL_270,Holi,Holi
SONGKRAN_WORD_FESTIVAL_270,Songkran,Songkran
THULIUM_WORD_METAL_272,Thulium,Tulyum
HOLMIUM_WORD_METAL_272,Holmium,Holmiyum
IRIDIUM_WORD_METAL_272,Iridium,İridyum
RHODIUM_WORD_METAL_272,Rhodium,Rodyum
YTTRIUM_WORD_METAL_272,Yttrium,İtriyum
LUTETIUM_WORD_METAL_272,Lutetium,Lutesyum
EUROPIUM_WORD_METAL_272,Europium,Öropiyum
ERBIUM_WORD_METAL_272,Erbium,Erbiyum
INSIGNIA_WORD_ARTIFACT_276,Insignia,Nişan
RELIC_WORD_ARTIFACT_276,Relic,Kalıntı
SIGIL_WORD_ARTIFACT_276,Sigil,Mühür
TOTEM_WORD_ARTIFACT_276,Totem,Totem
AMULET_WORD_ARTIFACT_276,Amulet,Muska
VASE_WORD_ARTIFACT_276,Vase,Vazo
GUARD_WORD_DEFENSE_277,Guard,Muhafız
CCTV_WORD_DEFENSE_277,CCTV,Güvenlik kamerası
SECURITY_WORD_DEFENSE_277,Security,Güvenlik
PATROL_WORD_DEFENSE_277,Patrol,Devriye
ATOM_WORD_PARTICLE_281,Atom,Atom
ELECTRON_WORD_PARTICLE_281,Electron,Elektron
NEUTRON_WORD_PARTICLE_281,Neutron,Nötron
HARLEM_WORD_NEW_YORK_287,Harlem,Harlem
SOHO_WORD_NEW_YORK_287,Soho,Soho
TRIBECA_WORD_NEW_YORK_287,Tribeca,Tribeca
ASTORIA_WORD_NEW_YORK_287,Astoria,Astoria
BRONX_WORD_NEW_YORK_287,Bronx,Bronx
QUEENS_WORD_NEW_YORK_287,Queens,Queens
BARNACLE_WORD_NO_BONES_289,Barnacle,Midye kabuğu
SPIDER_WORD_NO_BONES_289,Spider,Örümcek
SQUID_WORD_NO_BONES_289,Squid,Kalamar
STARFISH_WORD_NO_BONES_289,Starfish,Denizyıldızı
WORM_WORD_NO_BONES_289,Worm,Solucan
FABLE_WORD_LEGENDS_291,Fable,Fabl
SAGA_WORD_LEGENDS_291,Saga,Destan
TALE_WORD_LEGENDS_291,Tale,Masal
EPIC_WORD_LEGENDS_291,Epic,Epik
MYTH_WORD_LEGENDS_291,Myth,Efsane
HI_WORD_HELLO_295,Hi,Merhaba
HOWDY_WORD_HELLO_295,Howdy,Selam
HEY_WORD_HELLO_295,Hey,Hey
DEGREE_WORD_PHD_296,Degree,Derece
THESIS_WORD_PHD_296,Thesis,Tez
RESEARCH_WORD_PHD_296,Research,Araştırma
CONSENT_WORD_OK_SIGN_301,Consent,Onay
OKAY_WORD_OK_SIGN_301,Okay,Tamam
YES_WORD_OK_SIGN_301,Yes,Evet
SCALES_WORD_JUSTICE_310,Scales,Terazi
GAVEL_WORD_JUSTICE_310,Gavel,Tokmak
LAW_WORD_JUSTICE_310,Law,Hukuk
COURT_WORD_JUSTICE_310,Court,Mahkeme
INMATE_WORD_PRISONER_312,Inmate,Mahkûm
FELON_WORD_PRISONER_312,Felon,Suçlu
DETAINEE_WORD_PRISONER_312,Detainee,Tutuklu
METEOR_WORD_SPACE_314,Meteor,Göktaşı
ECLIPSE_WORD_SPACE_314,Eclipse,Tutulma
AURORA_WORD_SPACE_314,Aurora,Kutup ışığı
PULSAR_WORD_SPACE_314,Pulsar,Pulsar
QUASAR_WORD_SPACE_314,Quasar,Kuasar
NEBULA_WORD_SPACE_314,Nebula,Bulutsu
NOVA_WORD_SPACE_314,Nova,Nova
ASTEROID_WORD_SPACE_314,Asteroid,Asteroit
GAMBLER_WORD_WESTERN_317,Gambler,Kumarbaz
SHERIFF_WORD_WESTERN_317,Sheriff,Şerif
COWBOY_WORD_WESTERN_317,Cowboy,Kovboy
LASSO_WORD_WESTERN_317,Lasso,Kement
SALOON_WORD_WESTERN_317,Saloon,Saloon
RODEO_WORD_WESTERN_317,Rodeo,Rodeo
SECURE_WORD_LOCK_321,Secure,Güvenli
STURDY_WORD_LOCK_321,Sturdy,Sağlam
TRUSTY_WORD_LOCK_321,Trusty,Güvenilir
THIGH_WORD_LEGS_322,Thigh,Uyluk
KNEE_WORD_LEGS_322,Knee,Diz
ANKLE_WORD_LEGS_322,Ankle,Ayak bileği
RA_WORD_PYRAMIDS_330,Ra,Ra
OSIRIS_WORD_PYRAMIDS_330,Osiris,Osiris
ANUBIS_WORD_PYRAMIDS_330,Anubis,Anubis
RAMSES_WORD_PYRAMIDS_330,Ramses,Ramses
PICKAXE_WORD_SHAFT_331,Pickaxe,Kazma
MINE_WORD_SHAFT_331,Mine,Maden
CART_WORD_SHAFT_331,Cart,Vagon
PADDOCK_WORD_FARMING_333,Paddock,Çayır
COMPOST_WORD_FARMING_333,Compost,Kompost
FALLOW_WORD_FARMING_333,Fallow,Nadasa bırakma
CROP_WORD_FARMING_333,Crop,Ekin
HAY_WORD_FARMING_333,Hay,Saman
HARVEST_WORD_FARMING_333,Harvest,Hasat
TOPSOIL_WORD_FARMING_333,Topsoil,Üst toprak
GRAIN_WORD_FARMING_333,Grain,Tahıl
SLEDDING_WORD_SLIDING_339,Sledding,Kızak
SKELETON_WORD_SLIDING_339,Skeleton,Skeleton
SKIING_WORD_SLIDING_339,Skiing,Kayak
SKATING_WORD_SLIDING_339,Skating,Buz pateni
LUGE_WORD_SLIDING_339,Luge,Kızak yarışı
OIL_WORD_PAINTING_340,Oil,Yağlı boya
ACRYLIC_WORD_PAINTING_340,Acrylic,Akrilik
GOUACHE_WORD_PAINTING_340,Gouache,Guvaş
TEMPERA_WORD_PAINTING_340,Tempera,Tempera
FRESCO_WORD_PAINTING_340,Fresco,Fresk
RISOTTO_WORD_RICE_342,Risotto,Risotto
CONGEE_WORD_RICE_342,Congee,Pirinç çorbası
PAELLA_WORD_RICE_342,Paella,Paella
SUSHI_WORD_RICE_342,Sushi,Suşi
ROMANCE_WORD_HEART_344,Romance,Romantizm
COUPLE_WORD_HEART_344,Couple,Çift
PASSION_WORD_HEART_344,Passion,Tutku
VANS_WORD_HIPPIE_349,Vans,Minibüsler
COMMUNE_WORD_HIPPIE_349,Commune,Komün
FREEDOM_WORD_HIPPIE_349,Freedom,Özgürlük
DRONE_WORD_ROBOT_354,Drone,Drone
ROBOVAC_WORD_ROBOT_354,Robovac,Robot süpürge
NANOBOT_WORD_ROBOT_354,Nanobot,Nanobot
CYBORG_WORD_ROBOT_354,Cyborg,Siborg
ANDROID_WORD_ROBOT_354,Android,Android
MACHINE_WORD_ROBOT_354,Machine,Makine
SIGMA_WORD_GREECE_359,Sigma,Sigma
DELTA_WORD_GREECE_359,Delta,Delta
KAPPA_WORD_GREECE_359,Kappa,Kappa
MOTION_WORD_DYNAMICS_360,Motion,Hareket
INERTIA_WORD_DYNAMICS_360,Inertia,Eylemsizlik
VELOCITY_WORD_DYNAMICS_360,Velocity,Hız
ONTARIO_WORD_LAKES_365,Ontario,Ontario
SUPERIOR_WORD_LAKES_365,Superior,Superior
TITICACA_WORD_LAKES_365,Titicaca,Titicaca
BAIKAL_WORD_LAKES_365,Baikal,Baykal
MICHIGAN_WORD_LAKES_365,Michigan,Michigan
HURON_WORD_LAKES_365,Huron,Huron
ATOM_WORD_NUCLEAR_366,Atom,Atom
NEUTRON_WORD_NUCLEAR_366,Neutron,Nötron
PROTON_WORD_NUCLEAR_366,Proton,Proton
ELECTRON_WORD_NUCLEAR_366,Electron,Elektron
MILAN_WORD_ITALY_376,Milan,Milano
ROME_WORD_ITALY_376,Rome,Roma
VENICE_WORD_ITALY_376,Venice,Venedik
FLORENCE_WORD_ITALY_376,Florence,Floransa
THIS_WORD_POINTING_379,This,Bu
THAT_WORD_POINTING_379,That,Şu
THOSE_WORD_POINTING_379,Those,Onlar
NORMAL_WORD_SKIN_380,Normal,Normal
DRY_WORD_SKIN_380,Dry,Kuru
OILY_WORD_SKIN_380,Oily,Yağlı
LIBRARY_WORD_BUILD_384,Library,Kütüphane
MUSEUM_WORD_BUILD_384,Museum,Müze
HOSPITAL_WORD_BUILD_384,Hospital,Hastane
SCHOOL_BUILDING_WORD_BUILD_384,School building,Okul binası
HOTEL_WORD_BUILD_384,Hotel,Otel
FACTORY_WORD_BUILD_384,Factory,Fabrika
STADIUM_WORD_BUILD_384,Stadium,Stadyum
MALL_WORD_BUILD_384,Mall,AVM
MONARCHY_WORD_POLICIES_394,Monarchy,Monarşi
TYRANNY_WORD_POLICIES_394,Tyranny,Tiranlık
ANARCHY_WORD_POLICIES_394,Anarchy,Anarşi
POWER_WORD_STRENGTH_401,Power,Güç
FORCE_WORD_STRENGTH_401,Force,Kuvvet
MIGHT_WORD_STRENGTH_401,Might,Kudret
TEXT_WORD_MESSAGE_407,Text,Mesaj
EMAIL_WORD_MESSAGE_407,Email,E-posta
LETTER_WORD_MESSAGE_407,Letter,Mektup
FAX_WORD_MESSAGE_407,Fax,Faks
DUALISM_WORD_VIEWS_410,Dualism,Düalizm
STOICISM_WORD_VIEWS_410,Stoicism,Stoacılık
NIHILISM_WORD_VIEWS_410,Nihilism,Nihilizm
LUNGS_WORD_ORGANS_412,Lungs,Akciğer
KIDNEY_WORD_ORGANS_412,Kidney,Böbrek
STOMACH_WORD_ORGANS_412,Stomach,Mide
LIVER_WORD_ORGANS_412,Liver,Karaciğer
BLADDER_WORD_ORGANS_412,Bladder,Mesane
SPLEEN_WORD_ORGANS_412,Spleen,Dalak
HEART_WORD_ORGANS_412,Heart,Kalp
PANCREAS_WORD_ORGANS_412,Pancreas,Pankreas
FOOL_WORD_TAROT_417,Fool,Deli
MOON_WORD_TAROT_417,Moon,Ay
MAGICIAN_WORD_TAROT_417,Magician,Sihirbaz
EMPRESS_WORD_TAROT_417,Empress,İmparatoriçe
SOPRANO_WORD_VOICES_439,Soprano,Soprano
TENOR_WORD_VOICES_439,Tenor,Tenor
BARITONE_WORD_VOICES_439,Baritone,Bariton
BASS_WORD_VOICES_439,Bass,Bas
ALTO_WORD_VOICES_439,Alto,Alto
SONNET_WORD_POETRY_440,Sonnet,Sone
HAIKU_WORD_POETRY_440,Haiku,Haiku
ODE_WORD_POETRY_440,Ode,Od
BALLAD_WORD_POETRY_440,Ballad,Balad
ACROSTIC_WORD_POETRY_440,Acrostic,Akrostiş
SUPPER_WORD_MEALS_444,Supper,Akşam yemeği
LUNCH_WORD_MEALS_444,Lunch,Öğle yemeği
DINNER_WORD_MEALS_444,Dinner,Yemek
CAULDRON_WORD_ALCHEMY_445,Cauldron,Kazan
ELIXIR_WORD_ALCHEMY_445,Elixir,İksir
POTION_WORD_ALCHEMY_445,Potion,İksir
RITUAL_WORD_PAGANISM_469,Ritual,Ritüel
TOTEM_WORD_PAGANISM_469,Totem,Totem
IDOL_WORD_PAGANISM_469,Idol,Put
ALTAR_WORD_PAGANISM_469,Altar,Sunak
CURRENT_WORD_PRESENT_470,Current,Güncel
NOW_WORD_PRESENT_470,Now,Şimdi
TODAY_WORD_PRESENT_470,Today,Bugün
CODE_WORD_SECRET_471,Code,Kod
AGENT_WORD_SECRET_471,Agent,Ajan
WORD_WORD_SECRET_471,Identity,Kimlik
DONKEY_WORD_EQUIDAE_475,Donkey,Eşek
MULE_WORD_EQUIDAE_475,Mule,Katır
MUSTANG_WORD_EQUIDAE_475,Mustang,Mustang
HORSE_WORD_EQUIDAE_475,Horse,At
ZEBRA_WORD_EQUIDAE_475,Zebra,Zebra
PONY_WORD_EQUIDAE_475,Pony,Midilli
COWHIDE_WORD_LEATHER_480,Cowhide,Sığır derisi
NUBUCK_WORD_LEATHER_480,Nubuck,Nubuk
SUEDE_WORD_LEATHER_480,Suede,Süet
TOWER_WORD_CASTLE_485,Tower,Kule
MOAT_WORD_CASTLE_485,Moat,Hendek
DUNGEON_WORD_CASTLE_485,Dungeon,Zindan
BASTION_WORD_CASTLE_485,Bastion,Burç
RAMPART_WORD_CASTLE_485,Rampart,Sur
TURRET_WORD_CASTLE_485,Turret,Kulecik
PARAPET_WORD_CASTLE_485,Parapet,Parapet
CITADEL_WORD_CASTLE_485,Citadel,Kale
LCD_WORD_DISPLAY_486,LCD,LCD
LED_WORD_DISPLAY_486,LED,LED
OLED_WORD_DISPLAY_486,OLED,OLED
CRT_WORD_DISPLAY_486,CRT,CRT
PLASMA_WORD_DISPLAY_486,Plasma,Plazma
AMOLED_WORD_DISPLAY_486,AMOLED,AMOLED
MAYANS_WORD_CULTURES_487,Mayans,Mayalar
AZTECS_WORD_CULTURES_487,Aztecs,Aztekler
ROMANS_WORD_CULTURES_487,Romans,Romalılar
GREEKS_WORD_CULTURES_487,Greeks,Yunanlılar
CELTS_WORD_CULTURES_487,Celts,Keltler
VIKINGS_WORD_CULTURES_487,Vikings,Vikingler
SAMURAI_WORD_WARRIORS_491,Samurai,Samuray
SHINOBI_WORD_WARRIORS_491,Shinobi,Shinobi
RONIN_WORD_WARRIORS_491,Ronin,Ronin
ASSASSIN_WORD_WARRIORS_491,Assassin,Suikastçı
NINJA_WORD_WARRIORS_491,Ninja,Ninja
DECEIVE_WORD_LIE_492,Deceive,Aldatmak
DELUDE_WORD_LIE_492,Delude,Kandırmak
FALSIFY_WORD_LIE_492,Falsify,Tahrif etmek
MISLEAD_WORD_LIE_492,Mislead,Yanıltmak
OBOE_WORD_VIOLIN_508,Oboe,Obua
CLARINET_WORD_VIOLIN_508,Clarinet,Klarnet
FLUTE_WORD_VIOLIN_508,Flute,Flüt
CELLO_WORD_VIOLIN_508,Cello,Çello
MATE_WORD_ANAGRAM_511,Mate,Arkadaş
TEAM_WORD_ANAGRAM_511,Team,Takım
MEAT_WORD_ANAGRAM_511,Meat,Et
BONGO_WORD_DRUM_518,Bongo,Bongo
DJEMBE_WORD_DRUM_518,Djembe,Djembe
TABLA_WORD_DRUM_518,Tabla,Tabla
ASHIKO_WORD_DRUM_518,Ashiko,Ashiko
TRIUMPH_WORD_WREATH_544,Triumph,Zafer
VICTORY_WORD_WREATH_544,Victory,Galibiyet
SUCCESS_WORD_WREATH_544,Success,Başarı
YOGA_WORD_ZEN_549,Yoga,Yoga
RINZAI_WORD_ZEN_549,Rinzai,Rinzai
DHARMA_WORD_ZEN_549,Dharma,Dharma
ROUTER_WORD_NETWORK_588,Router,Yönlendirici
SERVER_WORD_NETWORK_588,Server,Sunucu
GATEWAY_WORD_NETWORK_588,Gateway,Ağ geçidi
ETHERNET_WORD_NETWORK_588,Ethernet,Ethernet
PACKET_WORD_NETWORK_588,Packet,Paket
DUTY_WORD_CUSTOMS_592,Duty,Gümrük
IMPORT_WORD_CUSTOMS_592,Import,İthalat
BORDER_WORD_CUSTOMS_592,Border,Sınır
EXPORT_WORD_CUSTOMS_592,Export,İhracat
PAYMENT_WORD_MORTGAGE_595,Payment,Ödeme
INTEREST_WORD_MORTGAGE_595,Interest,Faiz
RATE_WORD_MORTGAGE_595,Rate,Oran
MIX_WORD_CONCRETE_601,Mix,Karıştırmak
TROWEL_WORD_CONCRETE_601,Trowel,Mala
SCREED_WORD_CONCRETE_601,Screed,Şap
SATIRE_WORD_MEMES_620,Satire,Hiciv
PARODY_WORD_MEMES_620,Parody,Parodi
TROLLING_WORD_MEMES_620,Trolling,Trolleme
METHANE_WORD_ALKANES_641,Methane,Metan
ETHANE_WORD_ALKANES_641,Ethane,Etan
PROPANE_WORD_ALKANES_641,Propane,Propan
BUTANE_WORD_ALKANES_641,Butane,Bütan
ASSESS_WORD_EVALUATE_651,Assess,Değerlendirmek
ESTIMATE_WORD_EVALUATE_651,Estimate,Tahmin etmek
ANALYZE_WORD_EVALUATE_651,Analyze,Analiz etmek
HUNT_WORD_QUEST_680,Hunt,Av
INQUIRY_WORD_QUEST_680,Inquiry,Soruşturma
PURSUIT_WORD_QUEST_680,Pursuit,Takip
GOATEE_WORD_BEARDS_681,Goatee,Keçi sakalı
BALBO_WORD_BEARDS_681,Balbo,Balbo
DUCKTAIL_WORD_BEARDS_681,Ducktail,Ördek kuyruğu
SYNERGY_WORD_YINYANG_721,Synergy,Sinerji
DUALITY_WORD_YINYANG_721,Duality,İkilik
HARMONY_WORD_YINYANG_721,Harmony,Uyum
GOURMET_WORD_FOODIE_726,Gourmet,Gurme
EPICURE_WORD_FOODIE_726,Epicure,Tat düşkünü
TASTE_WORD_FOODIE_726,Taste,Lezzet
SYBARITE_WORD_FOODIE_726,Sybarite,Zevk düşkünü
HEDONISM_WORD_FOODIE_726,Hedonism,Hedonizm
DISHES_WORD_FOODIE_726,Dishes,Yemekler
ROLE_WORD_OPERA_760,Role,Rol
DIVA_WORD_OPERA_760,Diva,Diva
ACT_WORD_OPERA_760,Act,Perde
BAY_WORD_HARBOR_764,Bay,Koy
PIER_WORD_HARBOR_764,Pier,İskele
WHARF_WORD_HARBOR_764,Wharf,Rıhtım
COAST_WORD_HARBOR_764,Coast,Kıyı
MARINA_WORD_HARBOR_764,Marina,Marina
VESSEL_WORD_HARBOR_764,Vessel,Gemi
BRICK_WORD_STREET_768,Lamp,Lamba
DRIVER_WORD_STREET_768,Driver,Sürücü
CORNER_WORD_STREET_768,Corner,Köşe
BIKE_WORD_STREET_768,Bike,Bisiklet
LION_WORD_CHIMERA_795,Lion,Aslan
GOAT_WORD_CHIMERA_795,Goat,Keçi
SERPENT_WORD_CHIMERA_795,Serpent,Yılan
REINS_WORD_CARRIAGE_800,Reins,Dizginler
HARNESS_WORD_CARRIAGE_800,Harness,Koşum
COACHMAN_WORD_CARRIAGE_800,Coachman,Arabacı
CANTER_WORD_GAITS_810,Canter,Eşkin
GALLOP_WORD_GAITS_810,Gallop,Dörtnala
TROT_WORD_GAITS_810,Trot,Tırıs
CORE_WORD_EARTH_831,Core,Çekirdek
MANTLE_WORD_EARTH_831,Mantle,Manto
CRUST_WORD_EARTH_831,Crust,Kabuk
PAGANINI_WORD_VIOLINS_845,Paganini,Paganini
LUTHIER_WORD_VIOLINS_845,Luthier,Lutiye
FRET_WORD_VIOLINS_845,Bow,Yay
NOUN_WORD_GRAMMAR_861,Noun,İsim
VERB_WORD_GRAMMAR_861,Verb,Fiil
ADVERB_WORD_GRAMMAR_861,Adverb,Zarf
CREST_WORD_COASTAL_882,Crest,Dalga tepesi
BREEZE_WORD_COASTAL_882,Breeze,Esinti
SURFING_WORD_COASTAL_882,Surfing,Sörf
SHINGLE_WORD_COASTAL_882,Shingle,Çakıl
SAND_WORD_COASTAL_882,Sand,Kum
GROYNE_WORD_COASTAL_882,Groyne,Dalgakıran
TIDE_WORD_COASTAL_882,Tide,Gelgit
JETTY_WORD_COASTAL_882,Jetty,İskele
TIRE_WORD_WHEEL_890,Tire,Lastik
HUBCAP_WORD_WHEEL_890,Hubcap,Jant kapağı
STEER_WORD_WHEEL_890,Steer,Direksiyon
AXLE_WORD_WHEEL_890,Axle,Aks
FORTUNE_WORD_WHEEL_890,Rim,Jant
STEEL_WORD_INDUSTRY_921,Steel,Çelik
GOODS_WORD_INDUSTRY_921,Goods,Mallar
PRODUCE_WORD_INDUSTRY_921,Produce,Ürünler
MEGA_WORD_PREFIX_922,Mega,Mega
NANO_WORD_PREFIX_922,Nano,Nano
DECA_WORD_PREFIX_922,Deca,Deka
SIAMESE_WORD_BREEDS_940,Siamese,Siyam
SPHYNX_WORD_BREEDS_940,Sphynx,Sfenks
BIRMAN_WORD_BREEDS_940,Birman,Birman
BENGAL_WORD_BREEDS_940,Bengal,Bengal
ANGORA_WORD_BREEDS_940,Angora,Ankara kedisi
BIG_BEN_WORD_LANDMARK_948,Big Ben,Big Ben
SPHINX_WORD_LANDMARK_948,Sphinx,Sfenks
COLOSSEUM_WORD_LANDMARK_948,Colosseum,Kolezyum
PYRAMIDS_WORD_LANDMARK_948,Pyramids,Piramitler
NILE_WORD_RIVERS_959,Nile,Nil
AMAZON_WORD_RIVERS_959,Amazon,Amazon
HUDSON_WORD_RIVERS_959,Hudson,Hudson
SURF_WORD_COAST_969,Surf,Sörf
BEACH_WORD_COAST_969,Beach,Plaj
CLIFF_WORD_COAST_969,Cliff,Uçurum
CLEANSER_WORD_SKINCARE_984,Cleanser,Temizleyici
TONER_WORD_SKINCARE_984,Toner,Tonik
SERUM_WORD_SKINCARE_984,Serum,Serum
TEXTURE_WORD_SKINCARE_984,Texture,Doku
PORES_WORD_SKINCARE_984,Pores,Gözenekler
RETINOL_WORD_SKINCARE_984,Retinol,Retinol
PEPTIDES_WORD_SKINCARE_984,Peptides,Peptitler
BLEMISH_WORD_SKINCARE_984,Blemish,Leke
ROMANOV_WORD_DYNASTY_991,Romanov,Romanov
TUDOR_WORD_DYNASTY_991,Tudor,Tudor
KENNEDY_WORD_DYNASTY_991,Ottoman,Osmanlı
BOURBON_WORD_DYNASTY_991,Bourbon,Bourbon
CLERIC_WORD_PRIEST_1019,Cleric,Ruhban
BIBLE_WORD_PRIEST_1019,Bible,İncil
SAINT_WORD_PRIEST_1019,Saint,Aziz
PREACHER_WORD_PRIEST_1019,Preacher,Vaiz
JOURNEY_WORD_MAPS_1022,Journey,Yolculuk
LANDMARK_WORD_MAPS_1022,Landmark,Simge
BORDER_WORD_MAPS_1022,Border,Sınır
ATLAS_WORD_MAPS_1022,Atlas,Atlas
GLOBE_WORD_MAPS_1022,Globe,Küre
SCALE_WORD_MAPS_1022,Scale,Ölçek
TERRAIN_WORD_MAPS_1022,Terrain,Arazi
CONTOUR_WORD_MAPS_1022,Contour,Kontur
MELODY_WORD_SINGING_1054,Melody,Melodi
SONG_WORD_SINGING_1054,Song,Şarkı
PITCH_WORD_SINGING_1054,Pitch,Perde
SOLOIST_WORD_SINGING_1054,Soloist,Solist
ARIA_WORD_SINGING_1054,Aria,Arya
CHOIR_WORD_SINGING_1054,Choir,Koro
HUMMING_WORD_SINGING_1054,Humming,Mırıldanma
TIMBRE_WORD_SINGING_1054,Timbre,Tını
GENE_WORD_GENETICS_1060,Gene,Gen
DNA_WORD_GENETICS_1060,DNA,DNA
GENOME_WORD_GENETICS_1060,Genome,Genom
TV_WORD_SCREEN_1030,TV,TV
ATM_WORD_SCREEN_1030,ATM,ATM
E_READER_WORD_SCREEN_1030,E-reader,E-kitap okuyucu
BUZZER_WORD_ALARM_1031,Buzzer,Zil
BEEP_WORD_ALARM_1031,Beep,Bip sesi
RUSH_WORD_ALARM_1031,Rush,Acele
MAPLE_WORD_LEAVES_1055,Maple,Akçaağaç
OAK_WORD_LEAVES_1055,Oak,Meşe
PALM_WORD_LEAVES_1055,Palm,Palmiye
CHESTNUT_WORD_LEAVES_1055,Chestnut,Kestane
ASH_WORD_LEAVES_1055,Ash,Dişbudak
POPLAR_WORD_LEAVES_1055,Poplar,Kavak
PLATE_WORD_DISHWARE_829,Plate,Tabak
CUP_WORD_DISHWARE_829,Cup,Fincan
BOWL_WORD_DISHWARE_829,Bowl,Kâse
SAUCER_WORD_DISHWARE_829,Saucer,Çay tabağı
FROG_WORD_POND_830,Frog,Kurbağa
REED_WORD_POND_830,Reed,Saz
DUCK_WORD_POND_830,Duck,Ördek
PAWN_PIC_CHESS_1,,
ROOK_PIC_CHESS_1,,
KNIGHT_PIC_CHESS_1,,
BISHOP_PIC_CHESS_1,,
QUEEN_PIC_CHESS_1,,
KING_PIC_CHESS_1,,
CHESSBOARD_PIC_CHESS_1,,
CHESS_CLOCK_PIC_CHESS_1,,
HOCKEY_PIC_SPORTS_2,,
SOCCER_PIC_SPORTS_2,,
BOXING_PIC_SPORTS_2,,
TENNIS_PIC_SPORTS_2,,
GOLF_PIC_SPORTS_2,,
RUGBY_PIC_SPORTS_2,,
CURLING_PIC_SPORTS_2,,
TABLE_TENNIS_PIC_SPORTS_2,,
TABLE_PIC_FURNITURE_3,,
SOFA_PIC_FURNITURE_3,,
CHAIR_PIC_FURNITURE_3,,
DESK_PIC_FURNITURE_3,,
BED_PIC_FURNITURE_3,,
WARDROBE_PIC_FURNITURE_3,,
BOOKSHELF_PIC_FURNITURE_3,,
DRESSERS_PIC_FURNITURE_3,,
ACE_OF_HEARTS_PIC_DECK_4,,
KING_HEARTS_PIC_DECK_4,,
QUEEN_HEARTS_PIC_DECK_4,,
JACK_HEARTS_PIC_DECK_4,,
10_HEARTS_PIC_DECK_4,,
9_HEARTS_PIC_DECK_4,,
8_HEARTS_PIC_DECK_4,,
7_HEARTS_PIC_DECK_4,,
ARIES_PIC_ZODIAC_5,,
TAURUS_PIC_ZODIAC_5,,
GEMINI_PIC_ZODIAC_5,,
CANCER_PIC_ZODIAC_5,,
LEO_PIC_ZODIAC_5,,
VIRGO_PIC_ZODIAC_5,,
LIBRA_PIC_ZODIAC_5,,
SAGITTARIUS_PIC_ZODIAC_5,,
PLIERS_PIC_TOOLBOX_6,,
WRENCH_PIC_TOOLBOX_6,,
DRILL_PIC_TOOLBOX_6,,
ADHESIVE_TAPE_PIC_TOOLBOX_6,,
SAW_PIC_TOOLBOX_6,,
CHISEL_PIC_TOOLBOX_6,,
CLAMP_PIC_TOOLBOX_6,,
HAMMER_PIC_TOOLBOX_6,,
GLOVES_PIC_GARMENTS_7,,
DRESS_PIC_GARMENTS_7,,
PANTS_PIC_GARMENTS_7,,
SHIRT_PIC_GARMENTS_7,,
PANTIES_PIC_GARMENTS_7,,
COAT_PIC_GARMENTS_7,,
JACKET_PIC_GARMENTS_7,,
SKIRT_PIC_GARMENTS_7,,
BROCCOLI_PIC_VEGGIE_8,,
CABBAGE_PIC_VEGGIE_8,,
POTATO_PIC_VEGGIE_8,,
CARROT_PIC_VEGGIE_8,,
BEETROOT_PIC_VEGGIE_8,,
CUCUMBER_PIC_VEGGIE_8,,
ONION_PIC_VEGGIE_8,,
EGGPLANT_PIC_VEGGIE_8,,
ORANGE_PIC_FRUITS_9,,
KIWI_PIC_FRUITS_9,,
BANANA_PIC_FRUITS_9,,
APPLE_PIC_FRUITS_9,,
POMEGRANATE_PIC_FRUITS_9,,
PEACH_PIC_FRUITS_9,,
PINEAPPLE_PIC_FRUITS_9,,
WATERMELON_PIC_FRUITS_9,,
CUSHION_PIC_CHAIR_10,,
THRONE_PIC_CHAIR_10,,
OTTOMAN_PIC_CHAIR_10,,
STOOL_PIC_CHAIR_10,,
ARMCHAIR_PIC_CHAIR_10,,
LOVESEAT_PIC_CHAIR_10,,
RECLINER_PIC_CHAIR_10,,
BEANBAG_PIC_CHAIR_10,,
KEPI_PIC_HATS_11,,
BERET_PIC_HATS_11,,
CAP_PIC_HATS_11,,
HAT_PIC_HATS_11,,
VISOR_PIC_HATS_11,,
TURBAN_PIC_HATS_11,,
SOMBRERO_PIC_HATS_11,,
PANAMA_HAT_PIC_HATS_11,,
ORGAN_PIC_PLAY_12,,
VIOLIN_PIC_PLAY_12,,
UKULELE_PIC_PLAY_12,,
DRUM_PIC_PLAY_12,,
PIANO_PIC_PLAY_12,,
FLUTE_PIC_PLAY_12,,
GUITAR_PIC_PLAY_12,,
CELLO_PIC_PLAY_12,,
BROOM_PIC_CLEANING_13,,
MOP_PIC_CLEANING_13,,
VACUUM_PIC_CLEANING_13,,
DUSTER_PIC_CLEANING_13,,
SPONGE_PIC_CLEANING_13,,
BUCKET_PIC_CLEANING_13,,
BIN_PIC_CLEANING_13,,
DUSTPAN_PIC_CLEANING_13,,
BOOTS_PIC_SHOES_14,,
HEELS_PIC_SHOES_14,,
FLATS_PIC_SHOES_14,,
OXFORDS_PIC_SHOES_14,,
WEDGES_PIC_SHOES_14,,
MONKS_PIC_SHOES_14,,
BROGUES_PIC_SHOES_14,,
DERBIES_PIC_SHOES_14,,
ITALY_PIC_MAP_15,,
INDIA_PIC_MAP_15,,
AUSTRALIA_PIC_MAP_15,,
FRANCE_PIC_MAP_15,,
USA_PIC_MAP_15,,
UK_PIC_MAP_15,,
SPAIN_PIC_MAP_15,,
JAPAN_PIC_MAP_15,,
DOVE_PIC_BIRD_16,,
EAGLE_PIC_BIRD_16,,
SWAN_PIC_BIRD_16,,
OWL_PIC_BIRD_16,,
HERON_PIC_BIRD_16,,
ROBIN_PIC_BIRD_16,,
FINCH_PIC_BIRD_16,,
VULTURE_PIC_BIRD_16,,
LOBSTER_PIC_SEAFOOD_17,,
OYSTER_PIC_SEAFOOD_17,,
MUSSEL_PIC_SEAFOOD_17,,
CRAB_PIC_SEAFOOD_17,,
SCALLOP_PIC_SEAFOOD_17,,
CONCH_PIC_SEAFOOD_17,,
SQUID_PIC_SEAFOOD_17,,
SHRIMP_PIC_SEAFOOD_17,,
TERRIER_PIC_DOGS_18,,
BEAGLE_PIC_DOGS_18,,
POODLE_PIC_DOGS_18,,
SPANIEL_PIC_DOGS_18,,
HUSKY_PIC_DOGS_18,,
COLLIE_PIC_DOGS_18,,
BULLDOG_PIC_DOGS_18,,
PUG_PIC_DOGS_18,,
PIZZA_PIC_EATS_19,,
TACO_PIC_EATS_19,,
FRIES_PIC_EATS_19,,
BURGER_PIC_EATS_19,,
KEBAB_PIC_EATS_19,,
SANDWICH_PIC_EATS_19,,
BURRITO_PIC_EATS_19,,
HOT_DOG_PIC_EATS_19,,
LIBRARY_PIC_BUILD_20,,
MUSEUM_PIC_BUILD_20,,
HOSPITAL_PIC_BUILD_20,,
SCHOOL_BUILDING_PIC_BUILD_20,,
HOTEL_PIC_BUILD_20,,
FACTORY_PIC_BUILD_20,,
STADIUM_PIC_BUILD_20,,
MALL_PIC_BUILD_20,,
TROLL_PIC_FOLKLORE_21,,
GOBLIN_PIC_FOLKLORE_21,,
OGRE_PIC_FOLKLORE_21,,
BANSHEE_PIC_FOLKLORE_21,,
UNICORN_PIC_FOLKLORE_21,,
FAIRY_PIC_FOLKLORE_21,,
GNOME_PIC_FOLKLORE_21,,
GENIE_PIC_FOLKLORE_21,,
APRICOT_PIC_DRUPES_22,,
PEACH_PIC_DRUPES_22,,
PLUM_PIC_DRUPES_22,,
CHERRY_PIC_DRUPES_22,,
MANGO_PIC_DRUPES_22,,
LOQUAT_PIC_DRUPES_22,,
OLIVE_PIC_DRUPES_22,,
LYCHEE_PIC_DRUPES_22,,
BLANKET_PIC_PICNIC_23,,
BASKET_PIC_PICNIC_23,,
SANDWICH_PIC_PICNIC_23,,
ANTS_PIC_PICNIC_23,,
JUICE_PIC_PICNIC_23,,
SUN_PIC_PICNIC_23,,
GRASS_PIC_PICNIC_23,,
CRACKERS_PIC_PICNIC_23,,
PROFITEROLE_PIC_PASTRY_24,,
PIE_PIC_PASTRY_24,,
CAKE_PIC_PASTRY_24,,
BRIOCHE_PIC_PASTRY_24,,
TART_PIC_PASTRY_24,,
SCONE_PIC_PASTRY_24,,
STRUDEL_PIC_PASTRY_24,,
BROWNIE_PIC_PASTRY_24,,
BUGLE_PIC_WIND_25,,
TUBA_PIC_WIND_25,,
FLUTE_PIC_WIND_25,,
SAX_PIC_WIND_25,,
HARMONICA_PIC_WIND_25,,
BAGPIPES_PIC_WIND_25,,
CLARINET_PIC_WIND_25,,
TRUMPET_PIC_WIND_25,,
BOOKSTORE_PIC_MALL_26,,
PHARMACY_PIC_MALL_26,,
SECURITY_PIC_MALL_26,,
JANITOR_PIC_MALL_26,,
CREDIT_CARD_PIC_MALL_26,,
CASH_PIC_MALL_26,,
PAPER_BAG_PIC_MALL_26,,
FITTING_ROOM_PIC_MALL_26,,
VIOLIN_PIC_STRINGS_27,,
GUITAR_PIC_STRINGS_27,,
CELLO_PIC_STRINGS_27,,
VIOLA_PIC_STRINGS_27,,
BANJO_PIC_STRINGS_27,,
HARP_PIC_STRINGS_27,,
UKULELE_PIC_STRINGS_27,,
MANDOLIN_PIC_STRINGS_27,,
NECKLACE_PIC_JEWELRY_28,,
EARRING_PIC_JEWELRY_28,,
DIAMOND_RING_PIC_JEWELRY_28,,
BRACELET_PIC_JEWELRY_28,,
ANKLET_PIC_JEWELRY_28,,
LOCKET_PIC_JEWELRY_28,,
DIADEM_PIC_JEWELRY_28,,
BROOCH_PIC_JEWELRY_28,,
DAISY_PIC_FLOWERS_29,,
LILY_PIC_FLOWERS_29,,
TULIP_PIC_FLOWERS_29,,
ROSE_PIC_FLOWERS_29,,
POPPY_PIC_FLOWERS_29,,
PEONY_PIC_FLOWERS_29,,
ASTER_PIC_FLOWERS_29,,
PANSY_PIC_FLOWERS_29,,
LIZARD_PIC_REPTILES_30,,
SNAKE_PIC_REPTILES_30,,
ALLIGATOR_PIC_REPTILES_30,,
GECKO_PIC_REPTILES_30,,
CHAMELEON_PIC_REPTILES_30,,
IGUANA_PIC_REPTILES_30,,
TURTLE_PIC_REPTILES_30,,
DINOSAUR_PIC_REPTILES_30,,
DIAMOND_PIC_GEMSTONE_31,,
RUBY_PIC_GEMSTONE_31,,
SAPPHIRE_PIC_GEMSTONE_31,,
EMERALD_PIC_GEMSTONE_31,,
CRYSTAL_PIC_GEMSTONE_31,,
GARNET_PIC_GEMSTONE_31,,
PERIDOT_PIC_GEMSTONE_31,,
OPAL_PIC_GEMSTONE_31,,
MOSQUITO_PIC_INSECTS_32,,
LADYBUG_PIC_INSECTS_32,,
MOTH_PIC_INSECTS_32,,
WASP_PIC_INSECTS_32,,
DRAGONFLY_PIC_INSECTS_32,,
ANT_PIC_INSECTS_32,,
CRICKET_PIC_INSECTS_32,,
MANTIS_PIC_INSECTS_32,,
BEAVER_PIC_RODENTS_33,,
MARMOT_PIC_RODENTS_33,,
NUTRIA_PIC_RODENTS_33,,
SQUIRREL_PIC_RODENTS_33,,
CAPYBARA_PIC_RODENTS_33,,
RAT_PIC_RODENTS_33,,
HAMSTER_PIC_RODENTS_33,,
GUINEA_PIG_PIC_RODENTS_33,,
COWBOY_HAT_PIC_WESTERN_34,,
COWBOY_BOOTS_PIC_WESTERN_34,,
LASSO_PIC_WESTERN_34,,
COWBOY_PIC_WESTERN_34,,
SHERIFF_PIC_WESTERN_34,,
BADGE_PIC_WESTERN_34,,
SALOON_PIC_WESTERN_34,,
CACTI_PIC_WESTERN_34,,
JOLLY_ROGER_PIC_PIRATE_35,,
PARROT_PIC_PIRATE_35,,
CUTLASS_PIC_PIRATE_35,,
CANNON_PIC_PIRATE_35,,
RUM_PIC_PIRATE_35,,
TREASURE_MAP_PIC_PIRATE_35,,
WOODEN_SHIP_S_WHEEL_PIC_PIRATE_35,,
TREASURE_CHEST_PIC_PIRATE_35,,
BUOY_PIC_BEACH_36,,
SEAGULL_PIC_BEACH_36,,
BAY_PIC_BEACH_36,,
SAND_PIC_BEACH_36,,
WAVES_PIC_BEACH_36,,
SHELLS_PIC_BEACH_36,,
BEACH_CHAIR_PIC_BEACH_36,,
BEACH_UMBRELLA_PIC_BEACH_36,,
PYRAMID_PIC_EGYPT_37,,
SPHINX_PIC_EGYPT_37,,
PHARAOH_S_MASK_PIC_EGYPT_37,,
MUMMY_PIC_EGYPT_37,,
SCARAB_PIC_EGYPT_37,,
NILE_RIVER_PIC_EGYPT_37,,
ANUBIS_PIC_EGYPT_37,,
HIEROGLYPHS_PIC_EGYPT_37,,
ASTRONAUT_PIC_SPACE_38,,
ROCKET_PIC_SPACE_38,,
UFO_PIC_SPACE_38,,
ALIEN_PIC_SPACE_38,,
SATURN_PIC_SPACE_38,,
SPACE_STATION_PIC_SPACE_38,,
GALAXY_PIC_SPACE_38,,
MARS_ROVER_PIC_SPACE_38,,
TUNA_PIC_SEA_FISH_39,,
MARLIN_PIC_SEA_FISH_39,,
COD_PIC_SEA_FISH_39,,
SARDINE_PIC_SEA_FISH_39,,
SHARK_PIC_SEA_FISH_39,,
SAWFISH_PIC_SEA_FISH_39,,
STINGRAY_PIC_SEA_FISH_39,,
CLOWNFISH_PIC_SEA_FISH_39,,
BALLOON_PIC_BIRTHDAY_40,,
CANDLE_PIC_BIRTHDAY_40,,
CAKE_PIC_BIRTHDAY_40,,
BOX_PIC_BIRTHDAY_40,,
CONFETTI_PIC_BIRTHDAY_40,,
BIRTHDAY_HAT_PIC_BIRTHDAY_40,,
PARTY_HORN_PIC_BIRTHDAY_40,,
BIRTHDAY_BANNER_PIC_BIRTHDAY_40,,
ELECTRIC_CAR_PIC_CHARGER_41,,
SMARTWATCH_PIC_CHARGER_41,,
LAPTOP_PIC_CHARGER_41,,
DIGITAL_CAMERA_PIC_CHARGER_41,,
POWER_BANK_PIC_CHARGER_41,,
ELECTRIC_TOOTHBRUSH_PIC_CHARGER_41,,
BLUETOOTH_HEADPHONES_PIC_CHARGER_41,,
DRONE_PIC_CHARGER_41,,
HELICOPTER_PIC_TRANSPORT_42,,
TRAIN_PIC_TRANSPORT_42,,
PLANE_PIC_TRANSPORT_42,,
TAXI_PIC_TRANSPORT_42,,
SCOOTER_PIC_TRANSPORT_42,,
DOUBLE_DECKER_BUS_PIC_TRANSPORT_42,,
MOTORBOAT_PIC_TRANSPORT_42,,
HOT_AIR_BALLOON_PIC_TRANSPORT_42,,
CAT_PIC_WHISKERS_43,,
DOG_PIC_WHISKERS_43,,
SEAL_PIC_WHISKERS_43,,
WALRUS_PIC_WHISKERS_43,,
OTTER_PIC_WHISKERS_43,,
SQUIRREL_PIC_WHISKERS_43,,
CATFISH_PIC_WHISKERS_43,,
LION_PIC_WHISKERS_43,,
BEEF_PIC_BURGER_44,,
BUN_PIC_BURGER_44,,
SAUCE_PIC_BURGER_44,,
CHEESE_PIC_BURGER_44,,
LETTUCE_PIC_BURGER_44,,
TOMATO_PIC_BURGER_44,,
PICKLE_PIC_BURGER_44,,
ONION_PIC_BURGER_44,,
SODA_PIC_DRINKS_45,,
ESPRESSO_PIC_DRINKS_45,,
LEMONADE_PIC_DRINKS_45,,
JUICE_PIC_DRINKS_45,,
TEA_PIC_DRINKS_45,,
MILK_PIC_DRINKS_45,,
BUBBLE_TEA_PIC_DRINKS_45,,
SPORTS_DRINK_PIC_DRINKS_45,,
CIRCLE_PIC_SHAPES_46,,
SQUARE_PIC_SHAPES_46,,
OVAL_PIC_SHAPES_46,,
OCTAGON_PIC_SHAPES_46,,
TRIANGLE_PIC_SHAPES_46,,
STAR_PIC_SHAPES_46,,
HEART_PIC_SHAPES_46,,
RHOMBUS_PIC_SHAPES_46,,
JEWELRY_PIC_LUXURY_47,,
WATCH_PIC_LUXURY_47,,
CLASSIC_HANDBAG_PIC_LUXURY_47,,
YACHT_PIC_LUXURY_47,,
PRIVATE_JET_PIC_LUXURY_47,,
SUPERCAR_PIC_LUXURY_47,,
ART_PAINTING_PIC_LUXURY_47,,
AMERICAN_EXPRESS_CENTURION_CARD_PIC_LUXURY_47,,
FOOL_PIC_TAROT_48,,
MOON_PIC_TAROT_48,,
MAGICIAN_PIC_TAROT_48,,
EMPRESS_PIC_TAROT_48,,
DEATH_PIC_TAROT_48,,
SUN_PIC_TAROT_48,,
STAR_PIC_TAROT_48,,
HANGED_MAN_PIC_TAROT_48,,
PACIFIER_PIC_BABIES_49,,
DIAPER_PIC_BABIES_49,,
RATTLE_PIC_BABIES_49,,
STROLLER_PIC_BABIES_49,,
BOTTLE_PIC_BABIES_49,,
BABY_BOWL_AND_SOFT_TIP_SPOON_PIC_BABIES_49,,
CRIB_PIC_BABIES_49,,
CAR_SEAT_PIC_BABIES_49,,
ROPE_PIC_SAILOR_50,,
FLAG_PIC_SAILOR_50,,
STORM_PIC_SAILOR_50,,
KNOT_PIC_SAILOR_50,,
SAILOR_HAT_PIC_SAILOR_50,,
SPYGLASS_PIC_SAILOR_50,,
SEXTANT_PIC_SAILOR_50,,
HARBOR_LIGHTHOUSE_PIC_SAILOR_50,,
GUM_PIC_CANDY_51,,
CHOCO_PIC_CANDY_51,,
FUDGE_PIC_CANDY_51,,
LOLLIPOP_PIC_CANDY_51,,
HARD_CANDY_PIC_CANDY_51,,
MARSHMALLOW_PIC_CANDY_51,,
TURKISH_DELIGHT_PIC_CANDY_51,,
COTTON_CANDY_PIC_CANDY_51,,
DOOR_PIC_KEYS_52,,
PADLOCK_PIC_KEYS_52,,
CAR_PIC_KEYS_52,,
SAFE_PIC_KEYS_52,,
SUITCASE_PIC_KEYS_52,,
STORAGE_LOCKER_PIC_KEYS_52,,
TREASURE_CHEST_PIC_KEYS_52,,
LOCKABLE_NOTEBOOK_PIC_KEYS_52,,
GRASS_PIC_LAWN_53,,
MOWER_PIC_LAWN_53,,
FOUR_LEAF_CLOVER_PIC_LAWN_53,,
SPRINKLER_PIC_LAWN_53,,
GARDENING_GLOVES_PIC_LAWN_53,,
LEAF_RAKE_PIC_LAWN_53,,
PICNIC_BLANKET_PIC_LAWN_53,,
FRISBEE_PIC_LAWN_53,,
CUBE_PIC_3D_54,,
SPHERE_PIC_3D_54,,
CONE_PIC_3D_54,,
TORUS_PIC_3D_54,,
SQUARE_PYRAMID_PIC_3D_54,,
CYLINDER_PIC_3D_54,,
OCTAHEDRON_PIC_3D_54,,
MOBIUS_STRIP_PIC_3D_54,,
BATS_PIC_VAMPIRE_55,,
FANGS_PIC_VAMPIRE_55,,
COFFIN_PIC_VAMPIRE_55,,
GARLIC_PIC_VAMPIRE_55,,
CAPE_PIC_VAMPIRE_55,,
CANDLE_AND_CANDLESTICK_PIC_VAMPIRE_55,,
GOTHIC_CASTLE_PIC_VAMPIRE_55,,
RED_ROSE_PIC_VAMPIRE_55,,
BIG_BEN_PIC_LANDMARK_56,,
STATUE_OF_LIBERTY_PIC_LANDMARK_56,,
COLOSSEUM_PIC_LANDMARK_56,,
PYRAMIDS_PIC_LANDMARK_56,,
GREAT_WALL_PIC_LANDMARK_56,,
EIFFEL_TOWER_PIC_LANDMARK_56,,
PARTHENON_PIC_LANDMARK_56,,
LEANING_TOWER_OF_PISA_PIC_LANDMARK_56,,
DUNES_PIC_DESERT_57,,
CACTI_PIC_DESERT_57,,
OASIS_PIC_DESERT_57,,
CAMEL_PIC_DESERT_57,,
LEATHER_WATER_CANTEEN_PIC_DESERT_57,,
GOGGLES_PIC_DESERT_57,,
FENNEC_FOX_PIC_DESERT_57,,
DESERT_TENT_PIC_DESERT_57,,
TEDDY_BEAR_PIC_TOYS_58,,
KITE_PIC_TOYS_58,,
LEGO_PIC_TOYS_58,,
GAMEPAD_PIC_TOYS_58,,
SPINNING_TOP_PIC_TOYS_58,,
JUMP_ROPE_PIC_TOYS_58,,
JIGSAW_PUZZLE_PIC_TOYS_58,,
BUILDING_BLOCKS_PIC_TOYS_58,,
EGGPLANT_PIC_PURPLE_59,,
VIOLET_PIC_PURPLE_59,,
PLUM_PIC_PURPLE_59,,
LAVENDER_PIC_PURPLE_59,,
PURPLE_GRAPES_PIC_PURPLE_59,,
PURPLE_MUG_PIC_PURPLE_59,,
AMETHYST_PIC_PURPLE_59,,
WISTERIA_PIC_PURPLE_59,,
BANANA_PIC_YELLOW_60,,
CORN_PIC_YELLOW_60,,
GOLD_PIC_YELLOW_60,,
CHEESE_PIC_YELLOW_60,,
RUBBER_DUCK_PIC_YELLOW_60,,
LEMON_PIC_YELLOW_60,,
YELLOW_GEMSTONE_PIC_YELLOW_60,,
YELLOW_ROSE_PIC_YELLOW_60,,
UMBRELLA_PIC_RAIN_61,,
RAINCOAT_PIC_RAIN_61,,
CLOUD_PIC_RAIN_61,,
PUDDLE_PIC_RAIN_61,,
RAIN_BOOTS_PIC_RAIN_61,,
LIGHTNING_PIC_RAIN_61,,
RAINBOW_PIC_RAIN_61,,
RAINY_WEATHER_ICON_PIC_RAIN_61,,
DUMBBELL_PIC_GYM_62,,
BARBELL_PIC_GYM_62,,
AIR_BIKE_PIC_GYM_62,,
KETTLEBELL_PIC_GYM_62,,
TREADMILL_PIC_GYM_62,,
EXERCISE_BALL_PIC_GYM_62,,
ELLIPTICAL_MACHINE_PIC_GYM_62,,
AB_ROLLER_PIC_GYM_62,,
SOCKS_PIC_PAIRS_63,,
TWINS_PIC_PAIRS_63,,
SKIS_PIC_PAIRS_63,,
GLOVES_PIC_PAIRS_63,,
SHOES_PIC_PAIRS_63,,
WINGS_PIC_PAIRS_63,,
EARBUDS_PIC_PAIRS_63,,
CHOPSTICKS_PIC_PAIRS_63,,
TENT_PIC_CAMPING_64,,
CAMPFIRE_PIC_CAMPING_64,,
HAMMOCK_PIC_CAMPING_64,,
SLEEPING_BAG_PIC_CAMPING_64,,
CAMP_CHAIR_PIC_CAMPING_64,,
CAMPING_LANTERN_PIC_CAMPING_64,,
MULTI_TOOL_PIC_CAMPING_64,,
INSECT_REPELLENT_PIC_CAMPING_64,,
CANDY_CANE_PIC_XMAS_65,,
CHRISTMAS_STOCKING_PIC_XMAS_65,,
SANTA_PIC_XMAS_65,,
CHRISTMAS_TREE_PIC_XMAS_65,,
FAIRY_LIGHTS_PIC_XMAS_65,,
REINDEER_PIC_XMAS_65,,
GINGERBREAD_HOUSE_PIC_XMAS_65,,
CHRISTMAS_GIFT_PIC_XMAS_65,,
STAMP_PIC_MAIL_66,,
PARCEL_PIC_MAIL_66,,
LETTER_PIC_MAIL_66,,
MAILBOX_PIC_MAIL_66,,
POSTMARK_PIC_MAIL_66,,
EMAIL_PIC_MAIL_66,,
CARRIER_PIGEON_PIC_MAIL_66,,
POSTMAN_PIC_MAIL_66,,
CHEF_S_HAT_PIC_CHEF_67,,
RESTAURANT_PIC_CHEF_67,,
DISH_PIC_CHEF_67,,
CHEF_S_JACKET_PIC_CHEF_67,,
PROFESSIONAL_OVEN_PIC_CHEF_67,,
CHEF_S_KNIFE_PIC_CHEF_67,,
WOK_PIC_CHEF_67,,
SPICE_JAR_PIC_CHEF_67,,
TV_PIC_SCREEN_68,,
LAPTOP_PIC_SCREEN_68,,
E_READER_PIC_SCREEN_68,,
SMARTPHONE_PIC_SCREEN_68,,
SMARTWATCH_PIC_SCREEN_68,,
HANDHELD_GAME_CONSOLE_PIC_SCREEN_68,,
MOVIE_SCREEN_PIC_SCREEN_68,,
CALCULATOR_PIC_SCREEN_68,,
STETHOSCOPE_PIC_TOOLS_69,,
WRENCH_PIC_TOOLS_69,,
PAINTBRUSH_PIC_TOOLS_69,,
GAVEL_PIC_TOOLS_69,,
MICROPHONE_PIC_TOOLS_69,,
HARD_HAT_PIC_TOOLS_69,,
TEACHING_POINTER_PIC_TOOLS_69,,
SCAPEL_PIC_TOOLS_69,,
STAPLER_PIC_SUPPLIES_70,,
TAPE_DISPENSER_PIC_SUPPLIES_70,,
PAPERCLIP_PIC_SUPPLIES_70,,
NOTEBOOK_PIC_SUPPLIES_70,,
RUBBER_STAMP_PIC_SUPPLIES_70,,
FILE_FOLDER_PIC_SUPPLIES_70,,
PENCIL_PIC_SUPPLIES_70,,
CALCULATOR_PIC_SUPPLIES_70,,
BOWL_PIC_UTENSILS_71,,
PLATE_PIC_UTENSILS_71,,
CHOPSTICKS_PIC_UTENSILS_71,,
SPOON_PIC_UTENSILS_71,,
FORK_PIC_UTENSILS_71,,
CUP_PIC_UTENSILS_71,,
DINNER_KNIFE_PIC_UTENSILS_71,,
PLACEMAT_PIC_UTENSILS_71,,
CANVAS_PIC_ARTS_72,,
PALETTE_PIC_ARTS_72,,
SCULPTURE_PIC_ARTS_72,,
CAMERA_PIC_ARTS_72,,
FILM_PIC_ARTS_72,,
SHEET_MUSIC_PIC_ARTS_72,,
STAGE_CURTAIN_PIC_ARTS_72,,
MASK_PIC_ARTS_72,,
COMPASS_PIC_SURVIVAL_73,,
FLASHLIGHT_PIC_SURVIVAL_73,,
TENT_PIC_SURVIVAL_73,,
MATCHES_PIC_SURVIVAL_73,,
MULTI_TOOL_PIC_SURVIVAL_73,,
WATER_BOTTLE_PIC_SURVIVAL_73,,
ROPE_PIC_SURVIVAL_73,,
FIRST_AID_KIT_PIC_SURVIVAL_73,,
FLOUR_PIC_BAKING_74,,
EGGS_PIC_BAKING_74,,
SUGAR_PIC_BAKING_74,,
BUTTER_PIC_BAKING_74,,
YEAST_PIC_BAKING_74,,
CHOCOLATE_CHIPS_PIC_BAKING_74,,
VANILLA_EXTRACT_PIC_BAKING_74,,
CREAM_PIC_BAKING_74,,
THERMOMETER_PIC_MEDICAL_75,,
MASK_PIC_MEDICAL_75,,
SYRINGE_PIC_MEDICAL_75,,
PILLS_PIC_MEDICAL_75,,
BANDAGE_PIC_MEDICAL_75,,
WHEELCHAIR_PIC_MEDICAL_75,,
BLOOD_PRESSURE_MONITOR_PIC_MEDICAL_75,,
FIRST_AID_KIT_PIC_MEDICAL_75,,
REUSABLE_BAG_PIC_ECO_ITEMS_76,,
BIODEGRADABLE_UTENSILS_PIC_ECO_ITEMS_76,,
SOLAR_PANEL_PIC_ECO_ITEMS_76,,
WINDMILL_PIC_ECO_ITEMS_76,,
RECYCLING_BIN_PIC_ECO_ITEMS_76,,
BICYCLE_PIC_ECO_ITEMS_76,,
WATER_SAVING_FAUCET_PIC_ECO_ITEMS_76,,
LED_LIGHT_PIC_ECO_ITEMS_76,,
WALL_CLOCK_PIC_DECOR_77,,
PHOTO_FRAME_PIC_DECOR_77,,
RUG_PIC_DECOR_77,,
VASE_PIC_DECOR_77,,
WALL_ART_PIC_DECOR_77,,
CURTAINS_PIC_DECOR_77,,
THROW_PILLOW_PIC_DECOR_77,,
SCENTED_CANDLE_PIC_DECOR_77,,
SURFBOARD_PIC_AQUATICS_78,,
DIVING_MASK_PIC_AQUATICS_78,,
KAYAK_PIC_AQUATICS_78,,
LIFE_RING_PIC_AQUATICS_78,,
WETSUIT_PIC_AQUATICS_78,,
SAILBOAT_PIC_AQUATICS_78,,
PADDLEBOARD_PIC_AQUATICS_78,,
LIFE_JACKET_PIC_AQUATICS_78,,
CHECKMARK_PIC_ICONS_79,,
CROSS_PIC_ICONS_79,,
CIRCLE_PIC_ICONS_79,,
ARROW_PIC_ICONS_79,,
HEART_PIC_ICONS_79,,
STAR_PIC_ICONS_79,,
LOCK_ICON_PIC_ICONS_79,,
ENVELOPE_ICON_PIC_ICONS_79,,
JACK_O_LANTERN_PIC_HALLOWEEN_80,,
GHOST_PIC_HALLOWEEN_80,,
BAT_PIC_HALLOWEEN_80,,
BLACK_CAT_PIC_HALLOWEEN_80,,
WITCH_HAT_PIC_HALLOWEEN_80,,
SPIDER_WEB_PIC_HALLOWEEN_80,,
CANDY_BUCKET_PIC_HALLOWEEN_80,,
SKELETON_PIC_HALLOWEEN_80,,
