id,basic_card_name_en,zh-CN
DOG_WORD_PETS_2,Dog,狗
HAMSTER_WORD_PETS_2,Hamster,仓鼠
CAT_WORD_PETS_2,Cat,猫
PARROT_WORD_PETS_2,Parrot,鹦鹉
HOT_DOG_WORD_FOOD_3,Hot dog,热狗
PIZZA_WORD_FOOD_3,Pizza,披萨
BURGER_WORD_FOOD_3,Burger,汉堡
FRIES_WORD_FOOD_3,Fries,薯条
PEONY_WORD_FLOWERS_4,Peony,牡丹
LILY_WORD_FLOWERS_4,Lily,百合
ROSE_WORD_FLOWERS_4,Rose,玫瑰
TULIP_WORD_FLOWERS_4,Tulip,郁金香
WESTERN_WORD_CINEMA_6,Western,西部片
DRAMA_WORD_CINEMA_6,Drama,剧情片
COMEDY_WORD_CINEMA_6,Comedy,喜剧片
HORROR_WORD_CINEMA_6,Horror,恐怖片
POPCORN_WORD_CINEMA_6,Action,动作片
TICKET_WORD_CINEMA_6,Romance,爱情片
BEEF_WORD_BURGER_8,Beef,牛肉
BUN_WORD_BURGER_8,Bun,面包
SAUCE_WORD_BURGER_8,Sauce,酱料
CHEESE_WORD_BURGER_8,Cheese,奶酪
PAGE_WORD_BOOK_9,Page,页
PAPER_WORD_BOOK_9,Paper,纸
COVER_WORD_BOOK_9,Cover,封面
ASIA_WORD_LANDMASS_10,Asia,亚洲
AFRICA_WORD_LANDMASS_10,Africa,非洲
EUROPE_WORD_LANDMASS_10,Europe,欧洲
SODA_WORD_DRINKS_16,Soda,苏打水
ESPRESSO_WORD_DRINKS_16,Espresso,浓缩咖啡
LEMONADE_WORD_DRINKS_16,Lemonade,柠檬水
JUICE_WORD_DRINKS_16,Juice,果汁
PAWN_WORD_CHESS_17,Pawn,兵
ROOK_WORD_CHESS_17,Rook,车
BISHOP_WORD_CHESS_17,Bishop,象
QUEEN_WORD_CHESS_17,Queen,后
SPRING_WORD_SEASONS_18,Spring,春
AUTUMN_WORD_SEASONS_18,Autumn,秋
WINTER_WORD_SEASONS_18,Winter,冬
SUMMER_WORD_SEASONS_18,Summer,夏
ROD_WORD_FISHING_20,Rod,鱼竿
BOBBER_WORD_FISHING_20,Bobber,浮漂
BAIT_WORD_FISHING_20,Bait,鱼饵
JAMAICA_WORD_ISLANDS_21,Jamaica,牙买加
ICELAND_WORD_ISLANDS_21,Iceland,冰岛
SICILY_WORD_ISLANDS_21,Sicily,西西里
HAWAII_WORD_ISLANDS_21,Hawaii,夏威夷
BALI_WORD_ISLANDS_21,Bali,巴厘岛
IBIZA_WORD_ISLANDS_21,Ibiza,伊比萨
CRETE_WORD_ISLANDS_21,Crete,克里特
BARBADOS_WORD_ISLANDS_21,Barbados,巴巴多斯
RUMBA_WORD_DANCES_24,Rumba,伦巴
TANGO_WORD_DANCES_24,Tango,探戈
SALSA_WORD_DANCES_24,Salsa,萨尔萨
WALTZ_WORD_DANCES_24,Waltz,华尔兹
SAMBA_WORD_DANCES_24,Samba,桑巴
FLAMENCO_WORD_DANCES_24,Flamenco,弗拉明戈
MOSQUITO_WORD_INSECTS_25,Mosquito,蚊子
LADYBUG_WORD_INSECTS_25,Ladybug,瓢虫
MOTH_WORD_INSECTS_25,Moth,飞蛾
WASP_WORD_INSECTS_25,Wasp,黄蜂
DRAGONFLY_WORD_INSECTS_25,Dragonfly,蜻蜓
ANT_WORD_INSECTS_25,Ant,蚂蚁
METAL_WORD_MATERIAL_27,Metal,金属
GLASS_WORD_MATERIAL_27,Glass,玻璃
PLASTIC_WORD_MATERIAL_27,Plastic,塑料
STONE_WORD_MATERIAL_27,Stone,石头
TERMINAL_WORD_AIRPORT_29,Terminal,航站楼
RUNWAY_WORD_AIRPORT_29,Runway,跑道
GATE_WORD_AIRPORT_29,Gate,登机口
CREAM_WORD_DAIRY_30,Cream,奶油
BUTTER_WORD_DAIRY_30,Butter,黄油
YOGURT_WORD_DAIRY_30,Yogurt,酸奶
GOLDFISH_WORD_FISH_31,Goldfish,金鱼
TUNA_WORD_FISH_31,Tuna,金枪鱼
MARLIN_WORD_FISH_31,Marlin,旗鱼
SARDINE_WORD_FISH_31,Sardine,沙丁鱼
EEL_WORD_FISH_31,Eel,鳗鱼
MACKEREL_WORD_FISH_31,Mackerel,鲭鱼
GROUPER_WORD_FISH_31,Grouper,石斑鱼
PERCH_WORD_FISH_31,Perch,鲈鱼
ITALY_WORD_MAP_32,Italy,意大利
INDIA_WORD_MAP_32,India,印度
AUSTRALIA_WORD_MAP_32,Australia,澳大利亚
FRANCE_WORD_MAP_32,France,法国
USA_WORD_MAP_32,USA,美国
UK_WORD_MAP_32,UK,英国
CYPRUS_WORD_MAP_32,Cyprus,塞浦路斯
JAPAN_WORD_MAP_32,Japan,日本
ARMOR_WORD_KNIGHT_34,Armor,铠甲
HELMET_WORD_KNIGHT_34,Helmet,头盔
SHIELD_WORD_KNIGHT_34,Shield,盾牌
WEAPON_WORD_KNIGHT_34,Weapon,武器
DESTRIER_WORD_KNIGHT_34,Destrier,战马
CHIVALRY_WORD_KNIGHT_34,Chivalry,骑士精神
SHOOTER_WORD_GAMER_36,Shooter,射击
ARCADE_WORD_GAMER_36,Arcade,街机
STRATEGY_WORD_GAMER_36,Strategy,策略
SCORE_WORD_GAMER_36,Score,得分
DRYER_WORD_DEVICE_38,Dryer,干衣机
PRINTER_WORD_DEVICE_38,Printer,打印机
FAX_WORD_DEVICE_38,Fax,传真机
HEATER_WORD_DEVICE_38,Heater,暖气
MANSION_WORD_HOUSE_40,Mansion,豪宅
PALACE_WORD_HOUSE_40,Palace,宫殿
VILLA_WORD_HOUSE_40,Villa,别墅
PILOT_WORD_JOBS_42,Pilot,飞行员
MAILMAN_WORD_JOBS_42,Mailman,邮递员
DOCTOR_WORD_JOBS_42,Doctor,医生
WELDER_WORD_JOBS_42,Welder,焊工
ENGINEER_WORD_JOBS_42,Engineer,工程师
PLUMBER_WORD_JOBS_42,Plumber,水管工
ACTOR_WORD_JOBS_42,Actor,演员
NURSE_WORD_JOBS_42,Nurse,护士
SANDALS_WORD_FOOTWEAR_46,Sandals,凉鞋
UGGS_WORD_FOOTWEAR_46,Uggs,雪地靴
SLIPPERS_WORD_FOOTWEAR_46,Slippers,拖鞋
CLOGS_WORD_FOOTWEAR_46,Clogs,木屐
LOAFERS_WORD_FOOTWEAR_46,Loafers,乐福鞋
SNEAKERS_WORD_FOOTWEAR_46,Sneakers,运动鞋
CAR_WORD_DRIVING_49,Car,汽车
ROAD_WORD_DRIVING_49,Road,道路
SIGN_WORD_DRIVING_49,Sign,路标
TRAFFIC_WORD_DRIVING_49,Traffic,交通
VESPUCCI_WORD_EXPLORER_51,Vespucci,韦斯普奇
MAGELLAN_WORD_EXPLORER_51,Magellan,麦哲伦
COLUMBUS_WORD_EXPLORER_51,Columbus,哥伦布
KICK_WORD_MOVEMENT_52,Kick,踢
WALK_WORD_MOVEMENT_52,Walk,走
JUMP_WORD_MOVEMENT_52,Jump,跳
SOLID_WORD_PHASE_57,Solid,固体
LIQUID_WORD_PHASE_57,Liquid,液体
GAS_WORD_PHASE_57,Gas,气体
COMFY_WORD_COZY_58,Comfy,舒适
WARM_WORD_COZY_58,Warm,温暖
SNUG_WORD_COZY_58,Snug,惬意
ARIES_WORD_ZODIAC_59,Aries,白羊座
TAURUS_WORD_ZODIAC_59,Taurus,金牛座
GEMINI_WORD_ZODIAC_59,Gemini,双子座
LEO_WORD_ZODIAC_59,Leo,狮子座
VIRGO_WORD_ZODIAC_59,Virgo,处女座
LIBRA_WORD_ZODIAC_59,Libra,天秤座
SCORPIO_WORD_ZODIAC_59,Scorpio,天蝎座
PISCES_WORD_ZODIAC_59,Pisces,双鱼座
FRIGATE_WORD_SHIP_62,Frigate,护卫舰
CARAVEL_WORD_SHIP_62,Caravel,卡拉维尔
GALLEON_WORD_SHIP_62,Galleon,大帆船
BRIG_WORD_SHIP_62,Brig,双桅船
TANKER_WORD_SHIP_62,Tanker,油轮
TUGBOAT_WORD_SHIP_62,Tugboat,拖船
STAMP_WORD_MAILMAN_63,Stamp,邮票
ENVELOPE_WORD_MAILMAN_63,Envelope,信封
LETTER_WORD_MAILMAN_63,Letter,信件
MAIL_WORD_MAILMAN_63,Mail,邮件
SEAL_WORD_MAILMAN_63,Seal,封蜡
INK_WORD_MAILMAN_63,Ink,墨水
BUST_WORD_SCULPT_64,Bust,胸像
FIGURINE_WORD_SCULPT_64,Figurine,雕像
STATUE_WORD_SCULPT_64,Statue,雕塑
MONUMENT_WORD_SCULPT_64,Monument,纪念碑
ENGLISH_WORD_LANGUAGE_70,English,英语
ITALIAN_WORD_LANGUAGE_70,Italian,意大利语
HINDI_WORD_LANGUAGE_70,Hindi,印地语
JAPANESE_WORD_LANGUAGE_70,Japanese,日语
HEBREW_WORD_LANGUAGE_70,Hebrew,希伯来语
DANISH_WORD_LANGUAGE_70,Danish,丹麦语
LATIN_WORD_LANGUAGE_70,Latin,拉丁语
POLISH_WORD_LANGUAGE_70,Polish,波兰语
LENS_WORD_CAMERA_73,Lens,镜头
FLASH_WORD_CAMERA_73,Flash,闪光灯
ZOOM_WORD_CAMERA_73,Zoom,变焦
FILTER_WORD_CAMERA_73,Filter,滤镜
SHUTTER_WORD_CAMERA_73,Shutter,快门
EXPOSURE_WORD_CAMERA_73,Exposure,曝光
MIST_WORD_FOG_76,Mist,薄雾
HAZE_WORD_FOG_76,Haze,霾
SMOG_WORD_FOG_76,Smog,雾霾
VAPOR_WORD_FOG_76,Vapor,蒸汽
SLEET_WORD_SNOW_77,Sleet,雨夹雪
FLAKE_WORD_SNOW_77,Flake,雪花
ICEBERG_WORD_SNOW_77,Frost,霜
HEDGEHOG_WORD_SPIKY_78,Hedgehog,刺猬
CACTUS_WORD_SPIKY_78,Cactus,仙人掌
DURIAN_WORD_SPIKY_78,Durian,榴莲
DOVE_WORD_BIRDS_80,Dove,鸽子
EAGLE_WORD_BIRDS_80,Eagle,鹰
SWAN_WORD_BIRDS_80,Swan,天鹅
OWL_WORD_BIRDS_80,Owl,猫头鹰
HERON_WORD_BIRDS_80,Heron,苍鹭
ROBIN_WORD_BIRDS_80,Robin,知更鸟
FINCH_WORD_BIRDS_80,Finch,雀
VULTURE_WORD_BIRDS_80,Vulture,秃鹫
SARTRE_WORD_MINDS_82,Sartre,萨特
DANTE_WORD_MINDS_82,Dante,但丁
PLATO_WORD_MINDS_82,Plato,柏拉图
SOCRATES_WORD_MINDS_82,Socrates,苏格拉底
GALILEO_WORD_MINDS_82,Galileo,伽利略
KANT_WORD_MINDS_82,Kant,康德
PUCK_WORD_HOCKEY_86,Puck,冰球
PENALTY_WORD_HOCKEY_86,Penalty,罚球
GOAL_WORD_HOCKEY_86,Goal,进球
RINK_WORD_HOCKEY_86,Rink,冰场
COUPLE_WORD_DATE_87,Couple,情侣
TUXEDO_WORD_DATE_87,Wine,红酒
FLOWERS_WORD_DATE_87,Flowers,鲜花
TEETH_WORD_SAW_88,Teeth,锯齿
BLADE_WORD_SAW_88,Blade,刀片
NOTCH_WORD_SAW_88,Notch,切口
OLDMAN_WORD_ACTOR_89,Oldman,奥德曼
PITT_WORD_ACTOR_89,Pitt,皮特
EASTWOOD_WORD_ACTOR_89,Eastwood,伊斯特伍德
HANKS_WORD_ACTOR_89,Hanks,汉克斯
CROWE_WORD_ACTOR_89,Crowe,克劳
CRUISE_WORD_ACTOR_89,Cruise,克鲁斯
DICAPRIO_WORD_ACTOR_89,DiCaprio,迪卡普里奥
WAHLBERG_WORD_ACTOR_89,Wahlberg,沃尔伯格
MERCURY_WORD_PLANET_90,Mercury,水星
JUPITER_WORD_PLANET_90,Jupiter,木星
SATURN_WORD_PLANET_90,Saturn,土星
URANUS_WORD_PLANET_90,Uranus,天王星
NEPTUNE_WORD_PLANET_90,Neptune,海王星
MARS_WORD_PLANET_90,Mars,火星
EARTH_WORD_PLANET_90,Earth,地球
VENUS_WORD_PLANET_90,Venus,金星
BIOLOGY_WORD_LESSONS_94,Biology,生物
PHYSICS_WORD_LESSONS_94,Physics,物理
GEOMETRY_WORD_LESSONS_94,Geometry,几何
ALGEBRA_WORD_LESSONS_94,Algebra,代数
HISTORY_WORD_LESSONS_94,History,历史
CALCULUS_WORD_LESSONS_94,Calculus,微积分
TABLETS_WORD_PILLS_99,Tablets,药片
CAPSULES_WORD_PILLS_99,Capsules,胶囊
LOZENGES_WORD_PILLS_99,Lozenges,含片
CLOUDS_WORD_RAINY_100,Clouds,云
SHOWERS_WORD_RAINY_100,Showers,阵雨
PUDDLES_WORD_RAINY_100,Puddles,水洼
CIABATTA_WORD_BREADS_102,Ciabatta,恰巴塔
BAGUETTE_WORD_BREADS_102,Baguette,法棍
FOCACCIA_WORD_BREADS_102,Focaccia,佛卡夏
PITA_WORD_BREADS_102,Pita,皮塔饼
CHALLAH_WORD_BREADS_102,Challah,哈拉面包
TORTILLA_WORD_BREADS_102,Tortilla,玉米饼
BRIOCHE_WORD_BREADS_102,Brioche,布里欧
AREPA_WORD_BREADS_102,Arepa,玉米饼饼
GYRUS_WORD_BRAIN_106,Gyrus,脑回
CORTEX_WORD_BRAIN_106,Cortex,皮层
LOBE_WORD_BRAIN_106,Lobe,脑叶
HYDROGEN_WORD_ELEMENTS_107,Hydrogen,氢
NITROGEN_WORD_ELEMENTS_107,Nitrogen,氮
SULFUR_WORD_ELEMENTS_107,Sulfur,硫
CARBON_WORD_ELEMENTS_107,Carbon,碳
SODIUM_WORD_ELEMENTS_107,Sodium,钠
SILICON_WORD_ELEMENTS_107,Silicon,硅
IODINE_WORD_ELEMENTS_107,Iodine,碘
OXYGEN_WORD_ELEMENTS_107,Oxygen,氧
BRIE_WORD_CHEESE_108,Brie,布里
FETA_WORD_CHEESE_108,Feta,菲达
GOUDA_WORD_CHEESE_108,Gouda,高达
CHEDDAR_WORD_CHEESE_108,Cheddar,切达
PARMESAN_WORD_CHEESE_108,Parmesan,帕玛森
RICOTTA_WORD_CHEESE_108,Ricotta,里科塔
EDAM_WORD_CHEESE_108,Edam,艾登
DORBLU_WORD_CHEESE_108,Swiss,瑞士奶酪
WORKOUT_WORD_FITNESS_110,Workout,锻炼
YOGA_WORD_FITNESS_110,Yoga,瑜伽
PILATES_WORD_FITNESS_110,Pilates,普拉提
JOGGING_WORD_FITNESS_110,Jogging,慢跑
GYM_WORD_FITNESS_110,Gym,健身房
CARDIO_WORD_FITNESS_110,Cardio,有氧运动
BICEPS_WORD_MUSCLES_112,Biceps,肱二头肌
DELTOIDS_WORD_MUSCLES_112,Deltoids,三角肌
ABS_WORD_MUSCLES_112,Abs,腹肌
TRICEPS_WORD_MUSCLES_112,Triceps,肱三头肌
SCARAB_WORD_EGYPT_114,Scarab,圣甲虫
PHARAOH_WORD_EGYPT_114,Pharaoh,法老
PAPYRUS_WORD_EGYPT_114,Papyrus,纸莎草
PYRAMID_WORD_EGYPT_114,Pyramid,金字塔
MULBERRY_WORD_BERRY_116,Mulberry,桑葚
BILBERRY_WORD_BERRY_116,Bilberry,越橘
BARBERRY_WORD_BERRY_116,Barberry,小檗
ATHENS_WORD_CAPITALS_119,Athens,雅典
PRAGUE_WORD_CAPITALS_119,Prague,布拉格
MADRID_WORD_CAPITALS_119,Madrid,马德里
RIYADH_WORD_CAPITALS_119,Riyadh,利雅得
OTTAWA_WORD_CAPITALS_119,Ottawa,渥太华
ROME_WORD_CAPITALS_119,Rome,罗马
OSLO_WORD_CAPITALS_119,Oslo,奥斯陆
CAIRO_WORD_CAPITALS_119,Cairo,开罗
POWDER_WORD_MAKEUP_120,Powder,粉饼
SPONGE_WORD_MAKEUP_120,Sponge,海绵
PALETTE_WORD_MAKEUP_120,Palette,调色盘
SERUM_WORD_MAKEUP_120,Serum,精华液
PEEL_WORD_MAKEUP_120,Peel,去角质
BLUSH_WORD_MAKEUP_120,Blush,腮红
SAVATE_WORD_COMBAT_121,Savate,法式踢腿
JUDO_WORD_COMBAT_121,Judo,柔道
KARATE_WORD_COMBAT_121,Karate,空手道
KUNG_FU_WORD_COMBAT_121,Kung fu,功夫
SUMO_WORD_COMBAT_121,Sumo,相扑
SILAT_WORD_COMBAT_121,Silat,席拉
CHORDS_WORD_GUITAR_122,Chords,和弦
PICKUPS_WORD_GUITAR_122,Pickups,拾音器
STRINGS_WORD_GUITAR_122,Strings,琴弦
RIFFS_WORD_GUITAR_122,Riffs,即兴乐段
POINTE_WORD_BALLET_125,Pointe,足尖
TUTU_WORD_BALLET_125,Tutu,芭蕾裙
BARRE_WORD_BALLET_125,Barre,把杆
ALLIANCE_WORD_UNITE_126,Alliance,联盟
LEAGUE_WORD_UNITE_126,League,联赛
UNION_WORD_UNITE_126,Union,联合
JEWELRY_WORD_LUXURY_133,Jewelry,珠宝
WATCH_WORD_LUXURY_133,Watch,手表
CAVIAR_WORD_LUXURY_133,Caviar,鱼子酱
YACHT_WORD_LUXURY_133,Yacht,游艇
SAVANNA_WORD_BIOMES_135,Savanna,热带草原
TUNDRA_WORD_BIOMES_135,Tundra,冻原
TAIGA_WORD_BIOMES_135,Taiga,针叶林
SRIRACHA_WORD_SPICY_136,Sriracha,是拉差
WASABI_WORD_SPICY_136,Wasabi,芥末
HABANERO_WORD_SPICY_136,Habanero,哈瓦那辣椒
COCKPIT_WORD_PLANE_139,Cockpit,驾驶舱
SEATBELT_WORD_PLANE_139,Seatbelt,安全带
WINGS_WORD_PLANE_139,Wings,机翼
ENGINE_WORD_PLANE_139,Engine,引擎
RUDDER_WORD_PLANE_139,Rudder,方向舵
FUSELAGE_WORD_PLANE_139,Fuselage,机身
AILERON_WORD_PLANE_139,Aileron,副翼
FLY_WORD_PLANE_139,Fly,飞行
BEAVER_WORD_RODENTS_141,Beaver,河狸
MARMOT_WORD_RODENTS_141,Marmot,旱獭
NUTRIA_WORD_RODENTS_141,Nutria,海狸鼠
SQUIRREL_WORD_RODENTS_141,Squirrel,松鼠
CAPYBARA_WORD_RODENTS_141,Capybara,水豚
RAT_WORD_RODENTS_141,Rat,老鼠
SOLAR_WORD_ENERGY_145,Solar,太阳能
NUCLEAR_WORD_ENERGY_145,Nuclear,核能
KINETIC_WORD_ENERGY_145,Kinetic,动能
THERMAL_WORD_ENERGY_145,Thermal,热能
ESSAY_WORD_ARTICLES_147,Essay,散文
REVIEW_WORD_ARTICLES_147,Review,评论
OPINION_WORD_ARTICLES_147,Opinion,观点
TSUNAMI_WORD_DISASTER_148,Tsunami,海啸
TORNADO_WORD_DISASTER_148,Tornado,龙卷风
FLOOD_WORD_DISASTER_148,Flood,洪水
GORILLA_WORD_PRIMATES_149,Gorilla,大猩猩
GIBBON_WORD_PRIMATES_149,Gibbon,长臂猿
BABOON_WORD_PRIMATES_149,Baboon,狒狒
LEMUR_WORD_PRIMATES_149,Lemur,狐猴
MACAQUE_WORD_PRIMATES_149,Macaque,猕猴
SIMIAN_WORD_PRIMATES_149,Simian,猿猴
MANDRILL_WORD_PRIMATES_149,Mandrill,山魈
TARSIER_WORD_PRIMATES_149,Tarsier,眼镜猴
PYTHON_WORD_CODING_150,Python,Python
JAVA_WORD_CODING_150,Java,Java
RUBY_WORD_CODING_150,Ruby,Ruby
SWIFT_WORD_CODING_150,Swift,Swift
SCRIPT_WORD_CODING_150,Script,Script
PHP_WORD_CODING_150,PHP,PHP
SQL_WORD_CODING_150,SQL,SQL
BUGS_WORD_CODING_150,Bugs,Bug
LYRICS_WORD_RAP_151,Lyrics,歌词
VERSE_WORD_RAP_151,Verse,诗句
RHYME_WORD_RAP_151,Rhyme,韵脚
PUNCH_WORD_RAP_151,Punch,点睛句
NIAGARA_WORD_WATER_152,Niagara,尼亚加拉
VICTORIA_WORD_WATER_152,Victoria,维多利亚
YOSEMITE_WORD_WATER_152,Yosemite,优胜美地
HAVASU_WORD_WATER_152,Havasu,哈瓦苏
YO_YO_WORD_TOYS_154,Yo-yo,溜溜球
SPINNER_WORD_TOYS_154,Spinner,陀螺
DOLL_WORD_TOYS_154,Doll,玩偶
SERGEANT_WORD_ARMY_156,Sergeant,中士
MAJOR_WORD_ARMY_156,Major,少校
GENERAL_WORD_ARMY_156,General,将军
COLONEL_WORD_ARMY_156,Colonel,上校
PRIVATE_WORD_ARMY_156,Private,列兵
CORPORAL_WORD_ARMY_156,Corporal,下士
CAPTAIN_WORD_ARMY_156,Captain,上尉
RANK_WORD_ARMY_156,Rank,军衔
ZEN_WORD_MEDITATE_160,Zen,禅
BREATH_WORD_MEDITATE_160,Breath,呼吸
PEACE_WORD_MEDITATE_160,Peace,平静
MANTRA_WORD_MEDITATE_160,Mantra,咒语
FAMOUS_WORD_FAME_161,Famous,著名
ICONIC_WORD_FAME_161,Iconic,标志性
POPULAR_WORD_FAME_161,Popular,流行
RENOWN_WORD_FAME_161,Renown,声望
SYNTAX_WORD_LINGUIST_162,Syntax,语法
POLYGLOT_WORD_LINGUIST_162,Polyglot,通晓多语者
GRAMMAR_WORD_LINGUIST_162,Grammar,文法
SCHOLAR_WORD_LINGUIST_162,Scholar,学者
EASTER_WORD_HOLIDAY_163,Easter,复活节
NEW_YEAR_WORD_HOLIDAY_163,New Year,新年
FLAG_DAY_WORD_HOLIDAY_163,Flag Day,国旗日
DUMBBELL_WORD_GYM_164,Dumbbell,哑铃
BARBELL_WORD_GYM_164,Barbell,杠铃
AIR_BIKE_WORD_GYM_164,Air bike,风阻单车
PERICLES_WORD_WILLIAM_165,Pericles,伯利克里
MACBETH_WORD_WILLIAM_165,Macbeth,麦克白
HAMLET_WORD_WILLIAM_165,Hamlet,哈姆雷特
OTHELLO_WORD_WILLIAM_165,Othello,奥赛罗
JULIET_WORD_WILLIAM_165,Juliet,朱丽叶
ROMEO_WORD_WILLIAM_165,Romeo,罗密欧
TEMPEST_WORD_WILLIAM_165,Tempest,暴风雨
HENRY_V_WORD_WILLIAM_165,Henry V,亨利五世
WOLF_WORD_CANINES_168,Wolf,狼
COYOTE_WORD_CANINES_168,Coyote,郊狼
DINGO_WORD_CANINES_168,Dingo,澳洲野犬
JACKAL_WORD_CANINES_168,Jackal,豺
FOX_WORD_CANINES_168,Fox,狐狸
DHOLE_WORD_CANINES_168,Dhole,豺犬
HARVARD_WORD_STUDIES_169,Harvard,哈佛
STANFORD_WORD_STUDIES_169,Stanford,斯坦福
OXFORD_WORD_STUDIES_169,Oxford,牛津
YALE_WORD_STUDIES_169,Yale,耶鲁
SORBONNE_WORD_STUDIES_169,Sorbonne,索邦
MIT_WORD_STUDIES_169,MIT,麻省理工
LEMON_WORD_CITRUS_173,Lemon,柠檬
LIME_WORD_CITRUS_173,Lime,青柠
POMELO_WORD_CITRUS_173,Pomelo,柚子
GLIDER_WORD_AIRCRAFT_174,Glider,滑翔机
JETLINER_WORD_AIRCRAFT_174,Jetliner,喷气客机
AIRPLANE_WORD_AIRCRAFT_174,Airplane,飞机
MERLOT_WORD_GRAPE_177,Merlot,梅洛
RIESLING_WORD_GRAPE_177,Riesling,雷司令
SHIRAZ_WORD_GRAPE_177,Shiraz,设拉子
GRENACHE_WORD_GRAPE_177,Grenache,歌海娜
MUSCAT_WORD_GRAPE_177,Muscat,麝香
MALBEC_WORD_GRAPE_177,Malbec,马尔贝克
AMANITA_WORD_MUSHROOM_178,Amanita,鹅膏菌
PORCINI_WORD_MUSHROOM_178,Porcini,牛肝菌
RUSSULA_WORD_MUSHROOM_178,Russula,红菇
TRUFFLE_WORD_MUSHROOM_178,Truffle,松露
ENOKI_WORD_MUSHROOM_178,Enoki,金针菇
SHIITAKE_WORD_MUSHROOM_178,Shiitake,香菇
WALRUS_WORD_ARCTIC_180,Walrus,海象
POLAR_BEAR_WORD_ARCTIC_180,Polar bear,北极熊
SNOWY_OWL_WORD_ARCTIC_180,Snowy owl,雪鸮
REINDEER_WORD_ARCTIC_180,Reindeer,驯鹿
PIT_STOP_WORD_RACING_182,Pit stop,进站
FINISH_WORD_RACING_182,Finish,终点
SPEEDWAY_WORD_RACING_182,Speedway,赛道
ASSIST_WORD_HELP_183,Assist,协助
SUPPORT_WORD_HELP_183,Support,支持
DONATE_WORD_HELP_183,Donate,捐赠
OPAL_WORD_GEMSTONE_186,Opal,蛋白石
RUBY_WORD_GEMSTONE_186,Ruby,红宝石
TOPAZ_WORD_GEMSTONE_186,Topaz,黄玉
SAPPHIRE_WORD_GEMSTONE_186,Sapphire,蓝宝石
GARNET_WORD_GEMSTONE_186,Garnet,石榴石
DIAMOND_WORD_GEMSTONE_186,Diamond,钻石
ONYX_WORD_GEMSTONE_186,Onyx,缟玛瑙
AGATE_WORD_GEMSTONE_186,Agate,玛瑙
ORION_WORD_PATTERN_188,Orion,猎户座
PERSEUS_WORD_PATTERN_188,Perseus,英仙座
DRACO_WORD_PATTERN_188,Draco,天龙座
SCORPIUS_WORD_PATTERN_188,Scorpius,天蝎座
CYGNUS_WORD_PATTERN_188,Cygnus,天鹅座
SERPENS_WORD_PATTERN_188,Serpens,巨蛇座
GASOLINE_WORD_FUELS_190,Gasoline,汽油
DIESEL_WORD_FUELS_190,Diesel,柴油
COAL_WORD_FUELS_190,Coal,煤炭
PROPANE_WORD_FUELS_190,Propane,丙烷
KEROSENE_WORD_FUELS_190,Kerosene,煤油
VOTER_WORD_ELECT_193,Voter,选民
BALLOT_WORD_ELECT_193,Ballot,选票
CAMPAIGN_WORD_ELECT_193,Campaign,竞选
TURNOUT_WORD_ELECT_193,Turnout,投票率
KING_WORD_CROWN_194,King,国王
EMPEROR_WORD_CROWN_194,Emperor,皇帝
MAHARAJA_WORD_CROWN_194,Maharaja,大君
KENNEDY_WORD_LEADER_196,Washington,华盛顿
CLINTON_WORD_LEADER_196,Jefferson,杰斐逊
LINCOLN_WORD_LEADER_196,Lincoln,林肯
REAGAN_WORD_LEADER_196,Roosevelt,罗斯福
BUSH_WORD_LEADER_196,Wilson,威尔逊
OBAMA_WORD_LEADER_196,Jackson,杰克逊
ADAMS_WORD_LEADER_196,Adams,亚当斯
BIDEN_WORD_LEADER_196,Madison,麦迪逊
SOFT_BUN_WORD_HOT_DOG_201,Soft bun,软面包
SAUSAGE_WORD_HOT_DOG_201,Sausage,香肠
KETCHUP_WORD_HOT_DOG_201,Ketchup,番茄酱
DECODE_WORD_CIPHER_208,Decode,解码
ENCODE_WORD_CIPHER_208,Encode,编码
KEYWORD_WORD_CIPHER_208,Keyword,密钥
PASSWORD_WORD_CIPHER_208,Password,密码
HARMONY_WORD_SYMPHONY_210,Harmony,和声
OVERTURE_WORD_SYMPHONY_210,Overture,序曲
MELODY_WORD_SYMPHONY_210,Melody,旋律
PHOTO_WORD_ARTWORKS_211,Photo,摄影
DRAWING_WORD_ARTWORKS_211,Drawing,素描
PAINTING_WORD_ARTWORKS_211,Painting,绘画
HAMMER_WORD_AUCTION_215,Hammer,槌
LOT_WORD_AUCTION_215,Lot,拍品
BID_WORD_AUCTION_215,Bid,出价
PRICE_WORD_AUCTION_215,Price,价格
CATALOG_WORD_AUCTION_215,Catalog,目录
BIDDER_WORD_AUCTION_215,Bidder,竞拍者
EXCELSA_WORD_BEANS_219,Excelsa,埃塞尔萨
ROBUSTA_WORD_BEANS_219,Robusta,罗布斯塔
LIBERICA_WORD_BEANS_219,Liberica,利比里卡
ARABICA_WORD_BEANS_219,Arabica,阿拉比卡
TENT_WORD_CAMPING_221,Tent,帐篷
CAMPFIRE_WORD_CAMPING_221,Campfire,篝火
HAMMOCK_WORD_CAMPING_221,Hammock,吊床
ORGAN_WORD_PLAY_223,Organ,管风琴
VIOLIN_WORD_PLAY_223,Violin,小提琴
UKULELE_WORD_PLAY_223,Ukulele,尤克里里
DRUM_WORD_PLAY_223,Drum,鼓
PIANO_WORD_PLAY_223,Piano,钢琴
FLUTE_WORD_PLAY_223,Flute,长笛
GUITAR_WORD_PLAY_223,Guitar,吉他
CELLO_WORD_PLAY_223,Cello,大提琴
BANK_WORD_FINANCE_227,Bank,银行
INCOME_WORD_FINANCE_227,Income,收入
EXPENSE_WORD_FINANCE_227,Expense,支出
MONEY_WORD_FINANCE_227,Money,金钱
KINGDOM_WORD_MEDIEVAL_228,Kingdom,王国
LORD_WORD_MEDIEVAL_228,Lord,领主
KNIGHT_WORD_MEDIEVAL_228,Knight,骑士
CASTLE_WORD_MEDIEVAL_228,Castle,城堡
GLASSES_WORD_OPTICS_229,Glasses,眼镜
LENS_WORD_OPTICS_229,Lens,镜片
MONOCLE_WORD_OPTICS_229,Monocle,单片眼镜
SPYGLASS_WORD_OPTICS_229,Spyglass,望远镜
SIGNPOST_WORD_NAVIGATE_230,Signpost,路牌
SEXTANT_WORD_NAVIGATE_230,Sextant,六分仪
COMPASS_WORD_NAVIGATE_230,Compass,指南针
PLAYPEN_WORD_TODDLER_231,Playpen,游戏围栏
NAP_TIME_WORD_TODDLER_231,Nap time,午睡时间
PACIFIER_WORD_TODDLER_231,Pacifier,安抚奶嘴
CAPRINE_WORD_FAMILIES_234,Caprine,山羊科
OVINE_WORD_FAMILIES_234,Ovine,绵羊科
FELINE_WORD_FAMILIES_234,Feline,猫科
EQUINE_WORD_FAMILIES_234,Equine,马科
CANINE_WORD_FAMILIES_234,Canine,犬科
MURINE_WORD_FAMILIES_234,Murine,鼠科
PORCINE_WORD_FAMILIES_234,Porcine,猪科
BOVINE_WORD_FAMILIES_234,Bovine,牛科
ALTAIR_WORD_STARS_236,Altair,牛郎星
POLARIS_WORD_STARS_236,Polaris,北极星
SIRIUS_WORD_STARS_236,Sirius,天狼星
VEGA_WORD_STARS_236,Vega,织女星
RIGEL_WORD_STARS_236,Rigel,参宿七
ALKAID_WORD_STARS_236,Alkaid,摇光星
NEURAL_WORD_AI_238,Neural,神经网络
DATASET_WORD_AI_238,Dataset,数据集
CHATBOT_WORD_AI_238,Chatbot,聊天机器人
AGENT_WORD_AI_238,Agent,智能体
MATRIX_WORD_AI_238,Matrix,矩阵
CORTEX_WORD_AI_238,Cortex,皮层
REGION_WORD_DIVISION_242,Region,地区
COUNTRY_WORD_DIVISION_242,Country,国家
STATE_WORD_DIVISION_242,State,州
CITY_WORD_DIVISION_242,City,城市
DIALOGUE_WORD_SPEAK_244,Dialogue,对话
DEBATE_WORD_SPEAK_244,Debate,辩论
ARGUMENT_WORD_SPEAK_244,Argument,争论
WAVY_WORD_HAIR_245,Wavy,波浪
CURLY_WORD_HAIR_245,Curly,卷发
COILY_WORD_HAIR_245,Coily,螺旋卷
SPRAIN_WORD_INJURIES_249,Sprain,扭伤
FRACTURE_WORD_INJURIES_249,Fracture,骨折
BRUISE_WORD_INJURIES_249,Bruise,淤青
WOUND_WORD_INJURIES_249,Wound,伤口
HEADACHE_WORD_FLU_251,Headache,头痛
PILLS_WORD_FLU_251,Pills,药丸
COUGH_WORD_FLU_251,Cough,咳嗽
GYPSUM_WORD_MINERALS_253,Gypsum,石膏
CALCITE_WORD_MINERALS_253,Calcite,方解石
AZURITE_WORD_MINERALS_253,Azurite,蓝铜矿
MICA_WORD_MINERALS_253,Mica,云母
MARBLE_WORD_MINERALS_253,Marble,大理石
QUARTZ_WORD_MINERALS_253,Quartz,石英
LIME_WORD_MINERALS_253,Lime,石灰
BERYL_WORD_MINERALS_253,Beryl,绿柱石
DECAY_WORD_RADIATE_257,Decay,衰变
FALLOUT_WORD_RADIATE_257,Fallout,辐射尘
CURIE_WORD_RADIATE_257,Curie,居里
X_RAYS_WORD_RADIATE_257,X-rays,X射线
GLUCAGON_WORD_HORMONES_259,Glucagon,胰高血糖素
CORTISOL_WORD_HORMONES_259,Cortisol,皮质醇
INSULIN_WORD_HORMONES_259,Insulin,胰岛素
GASTRIN_WORD_HORMONES_259,Gastrin,胃泌素
IRIS_WORD_EYE_260,Iris,虹膜
PUPIL_WORD_EYE_260,Pupil,瞳孔
RETINA_WORD_EYE_260,Retina,视网膜
DIG_WORD_SHOVEL_261,Dig,挖掘
EXCAVATE_WORD_SHOVEL_261,Excavate,发掘
UNEARTH_WORD_SHOVEL_261,Unearth,出土
ALNICO_WORD_ALLOY_264,Alnico,铝镍钴
AMALGAM_WORD_ALLOY_264,Amalgam,汞合金
BRASS_WORD_ALLOY_264,Brass,黄铜
BRONZE_WORD_ALLOY_264,Bronze,青铜
NICHROME_WORD_ALLOY_264,Nichrome,镍铬合金
TUNGSTEN_WORD_ALLOY_264,Pewter,白镴
NITINOL_WORD_ALLOY_264,Nitinol,镍钛诺
STELLITE_WORD_ALLOY_264,Stellite,司太立
DIWALI_WORD_FESTIVAL_270,Diwali,排灯节
HOLI_WORD_FESTIVAL_270,Holi,洒红节
SONGKRAN_WORD_FESTIVAL_270,Songkran,泼水节
THULIUM_WORD_METAL_272,Thulium,铥
HOLMIUM_WORD_METAL_272,Holmium,钬
IRIDIUM_WORD_METAL_272,Iridium,铱
RHODIUM_WORD_METAL_272,Rhodium,铑
YTTRIUM_WORD_METAL_272,Yttrium,钇
LUTETIUM_WORD_METAL_272,Lutetium,镥
EUROPIUM_WORD_METAL_272,Europium,铕
ERBIUM_WORD_METAL_272,Erbium,铒
INSIGNIA_WORD_ARTIFACT_276,Insignia,徽章
RELIC_WORD_ARTIFACT_276,Relic,遗物
SIGIL_WORD_ARTIFACT_276,Sigil,印记
TOTEM_WORD_ARTIFACT_276,Totem,图腾
AMULET_WORD_ARTIFACT_276,Amulet,护身符
VASE_WORD_ARTIFACT_276,Vase,花瓶
GUARD_WORD_DEFENSE_277,Guard,警卫
CCTV_WORD_DEFENSE_277,CCTV,监控
SECURITY_WORD_DEFENSE_277,Security,安保
PATROL_WORD_DEFENSE_277,Patrol,巡逻
ATOM_WORD_PARTICLE_281,Atom,原子
ELECTRON_WORD_PARTICLE_281,Electron,电子
NEUTRON_WORD_PARTICLE_281,Neutron,中子
HARLEM_WORD_NEW_YORK_287,Harlem,哈莱姆
SOHO_WORD_NEW_YORK_287,Soho,苏豪
TRIBECA_WORD_NEW_YORK_287,Tribeca,翠贝卡
ASTORIA_WORD_NEW_YORK_287,Astoria,阿斯托里亚
BRONX_WORD_NEW_YORK_287,Bronx,布朗克斯
QUEENS_WORD_NEW_YORK_287,Queens,皇后区
BARNACLE_WORD_NO_BONES_289,Barnacle,藤壶
SPIDER_WORD_NO_BONES_289,Spider,蜘蛛
SQUID_WORD_NO_BONES_289,Squid,鱿鱼
STARFISH_WORD_NO_BONES_289,Starfish,海星
WORM_WORD_NO_BONES_289,Worm,蠕虫
FABLE_WORD_LEGENDS_291,Fable,寓言
SAGA_WORD_LEGENDS_291,Saga,传奇
TALE_WORD_LEGENDS_291,Tale,故事
EPIC_WORD_LEGENDS_291,Epic,史诗
MYTH_WORD_LEGENDS_291,Myth,神话
HI_WORD_HELLO_295,Hi,嗨
HOWDY_WORD_HELLO_295,Howdy,你好
HEY_WORD_HELLO_295,Hey,嘿
DEGREE_WORD_PHD_296,Degree,学位
THESIS_WORD_PHD_296,Thesis,论文
RESEARCH_WORD_PHD_296,Research,研究
CONSENT_WORD_OK_SIGN_301,Consent,同意
OKAY_WORD_OK_SIGN_301,Okay,好的
YES_WORD_OK_SIGN_301,Yes,是
SCALES_WORD_JUSTICE_310,Scales,天平
GAVEL_WORD_JUSTICE_310,Gavel,法槌
LAW_WORD_JUSTICE_310,Law,法律
COURT_WORD_JUSTICE_310,Court,法庭
INMATE_WORD_PRISONER_312,Inmate,囚犯
FELON_WORD_PRISONER_312,Felon,重犯
DETAINEE_WORD_PRISONER_312,Detainee,被拘留者
METEOR_WORD_SPACE_314,Meteor,流星
ECLIPSE_WORD_SPACE_314,Eclipse,日食
AURORA_WORD_SPACE_314,Aurora,极光
PULSAR_WORD_SPACE_314,Pulsar,脉冲星
QUASAR_WORD_SPACE_314,Quasar,类星体
NEBULA_WORD_SPACE_314,Nebula,星云
NOVA_WORD_SPACE_314,Nova,新星
ASTEROID_WORD_SPACE_314,Asteroid,小行星
GAMBLER_WORD_WESTERN_317,Gambler,赌徒
SHERIFF_WORD_WESTERN_317,Sheriff,治安官
COWBOY_WORD_WESTERN_317,Cowboy,牛仔
LASSO_WORD_WESTERN_317,Lasso,套索
SALOON_WORD_WESTERN_317,Saloon,酒馆
RODEO_WORD_WESTERN_317,Rodeo,牛仔竞技
SECURE_WORD_LOCK_321,Secure,安全
STURDY_WORD_LOCK_321,Sturdy,坚固
TRUSTY_WORD_LOCK_321,Trusty,可靠
THIGH_WORD_LEGS_322,Thigh,大腿
KNEE_WORD_LEGS_322,Knee,膝盖
ANKLE_WORD_LEGS_322,Ankle,脚踝
RA_WORD_PYRAMIDS_330,Ra,拉
OSIRIS_WORD_PYRAMIDS_330,Osiris,奥西里斯
ANUBIS_WORD_PYRAMIDS_330,Anubis,阿努比斯
RAMSES_WORD_PYRAMIDS_330,Ramses,拉美西斯
PICKAXE_WORD_SHAFT_331,Pickaxe,镐
MINE_WORD_SHAFT_331,Mine,矿
CART_WORD_SHAFT_331,Cart,矿车
PADDOCK_WORD_FARMING_333,Paddock,围场
COMPOST_WORD_FARMING_333,Compost,堆肥
FALLOW_WORD_FARMING_333,Fallow,休耕
CROP_WORD_FARMING_333,Crop,庄稼
HAY_WORD_FARMING_333,Hay,干草
HARVEST_WORD_FARMING_333,Harvest,收获
TOPSOIL_WORD_FARMING_333,Topsoil,表土
GRAIN_WORD_FARMING_333,Grain,谷物
SLEDDING_WORD_SLIDING_339,Sledding,雪橇
SKELETON_WORD_SLIDING_339,Skeleton,俯式冰橇
SKIING_WORD_SLIDING_339,Skiing,滑雪
SKATING_WORD_SLIDING_339,Skating,滑冰
LUGE_WORD_SLIDING_339,Luge,仰式雪橇
OIL_WORD_PAINTING_340,Oil,油画
ACRYLIC_WORD_PAINTING_340,Acrylic,丙烯
GOUACHE_WORD_PAINTING_340,Gouache,水粉
TEMPERA_WORD_PAINTING_340,Tempera,蛋彩
FRESCO_WORD_PAINTING_340,Fresco,壁画
RISOTTO_WORD_RICE_342,Risotto,意式烩饭
CONGEE_WORD_RICE_342,Congee,粥
PAELLA_WORD_RICE_342,Paella,西班牙海鲜饭
SUSHI_WORD_RICE_342,Sushi,寿司
ROMANCE_WORD_HEART_344,Romance,浪漫
COUPLE_WORD_HEART_344,Couple,情侣
PASSION_WORD_HEART_344,Passion,激情
VANS_WORD_HIPPIE_349,Vans,面包车
COMMUNE_WORD_HIPPIE_349,Commune,公社
FREEDOM_WORD_HIPPIE_349,Freedom,自由
DRONE_WORD_ROBOT_354,Drone,无人机
ROBOVAC_WORD_ROBOT_354,Robovac,扫地机器人
NANOBOT_WORD_ROBOT_354,Nanobot,纳米机器人
CYBORG_WORD_ROBOT_354,Cyborg,半机械人
ANDROID_WORD_ROBOT_354,Android,仿生人
MACHINE_WORD_ROBOT_354,Machine,机器
SIGMA_WORD_GREECE_359,Sigma,西格玛
DELTA_WORD_GREECE_359,Delta,德尔塔
KAPPA_WORD_GREECE_359,Kappa,卡帕
MOTION_WORD_DYNAMICS_360,Motion,运动
INERTIA_WORD_DYNAMICS_360,Inertia,惯性
VELOCITY_WORD_DYNAMICS_360,Velocity,速度
ONTARIO_WORD_LAKES_365,Ontario,安大略
SUPERIOR_WORD_LAKES_365,Superior,苏必利尔
TITICACA_WORD_LAKES_365,Titicaca,的的喀喀
BAIKAL_WORD_LAKES_365,Baikal,贝加尔
MICHIGAN_WORD_LAKES_365,Michigan,密歇根
HURON_WORD_LAKES_365,Huron,休伦
ATOM_WORD_NUCLEAR_366,Atom,原子
NEUTRON_WORD_NUCLEAR_366,Neutron,中子
PROTON_WORD_NUCLEAR_366,Proton,质子
ELECTRON_WORD_NUCLEAR_366,Electron,电子
MILAN_WORD_ITALY_376,Milan,米兰
ROME_WORD_ITALY_376,Rome,罗马
VENICE_WORD_ITALY_376,Venice,威尼斯
FLORENCE_WORD_ITALY_376,Florence,佛罗伦萨
THIS_WORD_POINTING_379,This,这个
THAT_WORD_POINTING_379,That,那个
THOSE_WORD_POINTING_379,Those,那些
NORMAL_WORD_SKIN_380,Normal,中性
DRY_WORD_SKIN_380,Dry,干性
OILY_WORD_SKIN_380,Oily,油性
LIBRARY_WORD_BUILD_384,Library,图书馆
MUSEUM_WORD_BUILD_384,Museum,博物馆
HOSPITAL_WORD_BUILD_384,Hospital,医院
SCHOOL_BUILDING_WORD_BUILD_384,School building,学校
HOTEL_WORD_BUILD_384,Hotel,酒店
FACTORY_WORD_BUILD_384,Factory,工厂
STADIUM_WORD_BUILD_384,Stadium,体育场
MALL_WORD_BUILD_384,Mall,商场
MONARCHY_WORD_POLICIES_394,Monarchy,君主制
TYRANNY_WORD_POLICIES_394,Tyranny,暴政
ANARCHY_WORD_POLICIES_394,Anarchy,无政府
POWER_WORD_STRENGTH_401,Power,力量
FORCE_WORD_STRENGTH_401,Force,力
MIGHT_WORD_STRENGTH_401,Might,威力
TEXT_WORD_MESSAGE_407,Text,短信
EMAIL_WORD_MESSAGE_407,Email,电子邮件
LETTER_WORD_MESSAGE_407,Letter,信件
FAX_WORD_MESSAGE_407,Fax,传真
DUALISM_WORD_VIEWS_410,Dualism,二元论
STOICISM_WORD_VIEWS_410,Stoicism,斯多葛主义
NIHILISM_WORD_VIEWS_410,Nihilism,虚无主义
LUNGS_WORD_ORGANS_412,Lungs,肺
KIDNEY_WORD_ORGANS_412,Kidney,肾
STOMACH_WORD_ORGANS_412,Stomach,胃
LIVER_WORD_ORGANS_412,Liver,肝
BLADDER_WORD_ORGANS_412,Bladder,膀胱
SPLEEN_WORD_ORGANS_412,Spleen,脾
HEART_WORD_ORGANS_412,Heart,心脏
PANCREAS_WORD_ORGANS_412,Pancreas,胰腺
FOOL_WORD_TAROT_417,Fool,愚者
MOON_WORD_TAROT_417,Moon,月亮
MAGICIAN_WORD_TAROT_417,Magician,魔术师
EMPRESS_WORD_TAROT_417,Empress,女皇
SOPRANO_WORD_VOICES_439,Soprano,女高音
TENOR_WORD_VOICES_439,Tenor,男高音
BARITONE_WORD_VOICES_439,Baritone,男中音
BASS_WORD_VOICES_439,Bass,男低音
ALTO_WORD_VOICES_439,Alto,女低音
SONNET_WORD_POETRY_440,Sonnet,十四行诗
HAIKU_WORD_POETRY_440,Haiku,俳句
ODE_WORD_POETRY_440,Ode,颂歌
BALLAD_WORD_POETRY_440,Ballad,叙事诗
ACROSTIC_WORD_POETRY_440,Acrostic,离合诗
SUPPER_WORD_MEALS_444,Supper,晚餐
LUNCH_WORD_MEALS_444,Lunch,午餐
DINNER_WORD_MEALS_444,Dinner,正餐
CAULDRON_WORD_ALCHEMY_445,Cauldron,坩埚
ELIXIR_WORD_ALCHEMY_445,Elixir,灵药
POTION_WORD_ALCHEMY_445,Potion,药水
RITUAL_WORD_PAGANISM_469,Ritual,仪式
TOTEM_WORD_PAGANISM_469,Totem,图腾
IDOL_WORD_PAGANISM_469,Idol,神像
ALTAR_WORD_PAGANISM_469,Altar,祭坛
CURRENT_WORD_PRESENT_470,Current,当前
NOW_WORD_PRESENT_470,Now,现在
TODAY_WORD_PRESENT_470,Today,今天
CODE_WORD_SECRET_471,Code,密码
AGENT_WORD_SECRET_471,Agent,特工
WORD_WORD_SECRET_471,Identity,身份
DONKEY_WORD_EQUIDAE_475,Donkey,驴
MULE_WORD_EQUIDAE_475,Mule,骡
MUSTANG_WORD_EQUIDAE_475,Mustang,野马
HORSE_WORD_EQUIDAE_475,Horse,马
ZEBRA_WORD_EQUIDAE_475,Zebra,斑马
PONY_WORD_EQUIDAE_475,Pony,小马
COWHIDE_WORD_LEATHER_480,Cowhide,牛皮
NUBUCK_WORD_LEATHER_480,Nubuck,磨砂皮
SUEDE_WORD_LEATHER_480,Suede,绒面革
TOWER_WORD_CASTLE_485,Tower,塔楼
MOAT_WORD_CASTLE_485,Moat,护城河
DUNGEON_WORD_CASTLE_485,Dungeon,地牢
BASTION_WORD_CASTLE_485,Bastion,棱堡
RAMPART_WORD_CASTLE_485,Rampart,城墙
TURRET_WORD_CASTLE_485,Turret,角楼
PARAPET_WORD_CASTLE_485,Parapet,矮墙
CITADEL_WORD_CASTLE_485,Citadel,城塞
LCD_WORD_DISPLAY_486,LCD,LCD
LED_WORD_DISPLAY_486,LED,LED
OLED_WORD_DISPLAY_486,OLED,OLED
CRT_WORD_DISPLAY_486,CRT,CRT
PLASMA_WORD_DISPLAY_486,Plasma,等离子
AMOLED_WORD_DISPLAY_486,AMOLED,AMOLED
MAYANS_WORD_CULTURES_487,Mayans,玛雅人
AZTECS_WORD_CULTURES_487,Aztecs,阿兹特克人
ROMANS_WORD_CULTURES_487,Romans,罗马人
GREEKS_WORD_CULTURES_487,Greeks,希腊人
CELTS_WORD_CULTURES_487,Celts,凯尔特人
VIKINGS_WORD_CULTURES_487,Vikings,维京人
SAMURAI_WORD_WARRIORS_491,Samurai,武士
SHINOBI_WORD_WARRIORS_491,Shinobi,忍者
RONIN_WORD_WARRIORS_491,Ronin,浪人
ASSASSIN_WORD_WARRIORS_491,Assassin,刺客
NINJA_WORD_WARRIORS_491,Ninja,忍者
DECEIVE_WORD_LIE_492,Deceive,欺骗
DELUDE_WORD_LIE_492,Delude,迷惑
FALSIFY_WORD_LIE_492,Falsify,伪造
MISLEAD_WORD_LIE_492,Mislead,误导
OBOE_WORD_VIOLIN_508,Oboe,双簧管
CLARINET_WORD_VIOLIN_508,Clarinet,单簧管
FLUTE_WORD_VIOLIN_508,Flute,长笛
CELLO_WORD_VIOLIN_508,Cello,大提琴
MATE_WORD_ANAGRAM_511,Mate,伙伴
TEAM_WORD_ANAGRAM_511,Team,团队
MEAT_WORD_ANAGRAM_511,Meat,肉
BONGO_WORD_DRUM_518,Bongo,邦戈鼓
DJEMBE_WORD_DRUM_518,Djembe,非洲鼓
TABLA_WORD_DRUM_518,Tabla,塔布拉鼓
ASHIKO_WORD_DRUM_518,Ashiko,阿西科鼓
TRIUMPH_WORD_WREATH_544,Triumph,凯旋
VICTORY_WORD_WREATH_544,Victory,胜利
SUCCESS_WORD_WREATH_544,Success,成功
YOGA_WORD_ZEN_549,Yoga,瑜伽
RINZAI_WORD_ZEN_549,Rinzai,临济
DHARMA_WORD_ZEN_549,Dharma,法
ROUTER_WORD_NETWORK_588,Router,路由器
SERVER_WORD_NETWORK_588,Server,服务器
GATEWAY_WORD_NETWORK_588,Gateway,网关
ETHERNET_WORD_NETWORK_588,Ethernet,以太网
PACKET_WORD_NETWORK_588,Packet,数据包
DUTY_WORD_CUSTOMS_592,Duty,关税
IMPORT_WORD_CUSTOMS_592,Import,进口
BORDER_WORD_CUSTOMS_592,Border,边境
EXPORT_WORD_CUSTOMS_592,Export,出口
PAYMENT_WORD_MORTGAGE_595,Payment,还款
INTEREST_WORD_MORTGAGE_595,Interest,利息
RATE_WORD_MORTGAGE_595,Rate,利率
MIX_WORD_CONCRETE_601,Mix,搅拌
TROWEL_WORD_CONCRETE_601,Trowel,抹刀
SCREED_WORD_CONCRETE_601,Screed,刮板
SATIRE_WORD_MEMES_620,Satire,讽刺
PARODY_WORD_MEMES_620,Parody,恶搞
TROLLING_WORD_MEMES_620,Trolling,钓鱼
METHANE_WORD_ALKANES_641,Methane,甲烷
ETHANE_WORD_ALKANES_641,Ethane,乙烷
PROPANE_WORD_ALKANES_641,Propane,丙烷
BUTANE_WORD_ALKANES_641,Butane,丁烷
ASSESS_WORD_EVALUATE_651,Assess,评估
ESTIMATE_WORD_EVALUATE_651,Estimate,估算
ANALYZE_WORD_EVALUATE_651,Analyze,分析
HUNT_WORD_QUEST_680,Hunt,狩猎
INQUIRY_WORD_QUEST_680,Inquiry,探寻
PURSUIT_WORD_QUEST_680,Pursuit,追求
GOATEE_WORD_BEARDS_681,Goatee,山羊胡
BALBO_WORD_BEARDS_681,Balbo,巴尔博胡
DUCKTAIL_WORD_BEARDS_681,Ducktail,鸭尾胡
SYNERGY_WORD_YINYANG_721,Synergy,协同
DUALITY_WORD_YINYANG_721,Duality,二元性
HARMONY_WORD_YINYANG_721,Harmony,和谐
GOURMET_WORD_FOODIE_726,Gourmet,美食家
EPICURE_WORD_FOODIE_726,Epicure,享乐者
TASTE_WORD_FOODIE_726,Taste,味觉
SYBARITE_WORD_FOODIE_726,Sybarite,奢侈者
HEDONISM_WORD_FOODIE_726,Hedonism,享乐主义
DISHES_WORD_FOODIE_726,Dishes,菜肴
ROLE_WORD_OPERA_760,Role,角色
DIVA_WORD_OPERA_760,Diva,歌后
ACT_WORD_OPERA_760,Act,幕
BAY_WORD_HARBOR_764,Bay,海湾
PIER_WORD_HARBOR_764,Pier,码头
WHARF_WORD_HARBOR_764,Wharf,码头
COAST_WORD_HARBOR_764,Coast,海岸
MARINA_WORD_HARBOR_764,Marina,游艇码头
VESSEL_WORD_HARBOR_764,Vessel,船只
BRICK_WORD_STREET_768,Lamp,路灯
DRIVER_WORD_STREET_768,Driver,司机
CORNER_WORD_STREET_768,Corner,街角
BIKE_WORD_STREET_768,Bike,自行车
LION_WORD_CHIMERA_795,Lion,狮子
GOAT_WORD_CHIMERA_795,Goat,山羊
SERPENT_WORD_CHIMERA_795,Serpent,巨蛇
REINS_WORD_CARRIAGE_800,Reins,缰绳
HARNESS_WORD_CARRIAGE_800,Harness,挽具
COACHMAN_WORD_CARRIAGE_800,Coachman,车夫
CANTER_WORD_GAITS_810,Canter,慢跑
GALLOP_WORD_GAITS_810,Gallop,飞奔
TROT_WORD_GAITS_810,Trot,小跑
CORE_WORD_EARTH_831,Core,地核
MANTLE_WORD_EARTH_831,Mantle,地幔
CRUST_WORD_EARTH_831,Crust,地壳
PAGANINI_WORD_VIOLINS_845,Paganini,帕格尼尼
LUTHIER_WORD_VIOLINS_845,Luthier,制琴师
FRET_WORD_VIOLINS_845,Bow,琴弓
NOUN_WORD_GRAMMAR_861,Noun,名词
VERB_WORD_GRAMMAR_861,Verb,动词
ADVERB_WORD_GRAMMAR_861,Adverb,副词
CREST_WORD_COASTAL_882,Crest,浪尖
BREEZE_WORD_COASTAL_882,Breeze,海风
SURFING_WORD_COASTAL_882,Surfing,冲浪
SHINGLE_WORD_COASTAL_882,Shingle,卵石滩
SAND_WORD_COASTAL_882,Sand,沙滩
GROYNE_WORD_COASTAL_882,Groyne,防波堤
TIDE_WORD_COASTAL_882,Tide,潮汐
JETTY_WORD_COASTAL_882,Jetty,栈桥
TIRE_WORD_WHEEL_890,Tire,轮胎
HUBCAP_WORD_WHEEL_890,Hubcap,轮毂盖
STEER_WORD_WHEEL_890,Steer,转向
AXLE_WORD_WHEEL_890,Axle,车轴
FORTUNE_WORD_WHEEL_890,Rim,轮辋
STEEL_WORD_INDUSTRY_921,Steel,钢铁
GOODS_WORD_INDUSTRY_921,Goods,商品
PRODUCE_WORD_INDUSTRY_921,Produce,产品
MEGA_WORD_PREFIX_922,Mega,兆
NANO_WORD_PREFIX_922,Nano,纳
DECA_WORD_PREFIX_922,Deca,十
SIAMESE_WORD_BREEDS_940,Siamese,暹罗猫
SPHYNX_WORD_BREEDS_940,Sphynx,斯芬克斯猫
BIRMAN_WORD_BREEDS_940,Birman,伯曼猫
BENGAL_WORD_BREEDS_940,Bengal,孟加拉猫
ANGORA_WORD_BREEDS_940,Angora,安哥拉猫
BIG_BEN_WORD_LANDMARK_948,Big Ben,大本钟
SPHINX_WORD_LANDMARK_948,Sphinx,狮身人面像
COLOSSEUM_WORD_LANDMARK_948,Colosseum,斗兽场
PYRAMIDS_WORD_LANDMARK_948,Pyramids,金字塔群
NILE_WORD_RIVERS_959,Nile,尼罗河
AMAZON_WORD_RIVERS_959,Amazon,亚马逊河
HUDSON_WORD_RIVERS_959,Hudson,哈德逊河
SURF_WORD_COAST_969,Surf,冲浪
BEACH_WORD_COAST_969,Beach,海滩
CLIFF_WORD_COAST_969,Cliff,悬崖
CLEANSER_WORD_SKINCARE_984,Cleanser,洁面乳
TONER_WORD_SKINCARE_984,Toner,爽肤水
SERUM_WORD_SKINCARE_984,Serum,精华液
TEXTURE_WORD_SKINCARE_984,Texture,肤质
PORES_WORD_SKINCARE_984,Pores,毛孔
RETINOL_WORD_SKINCARE_984,Retinol,视黄醇
PEPTIDES_WORD_SKINCARE_984,Peptides,多肽
BLEMISH_WORD_SKINCARE_984,Blemish,瑕疵
ROMANOV_WORD_DYNASTY_991,Romanov,罗曼诺夫
TUDOR_WORD_DYNASTY_991,Tudor,都铎
KENNEDY_WORD_DYNASTY_991,Ottoman,奥斯曼
BOURBON_WORD_DYNASTY_991,Bourbon,波旁
CLERIC_WORD_PRIEST_1019,Cleric,牧师
BIBLE_WORD_PRIEST_1019,Bible,圣经
SAINT_WORD_PRIEST_1019,Saint,圣人
PREACHER_WORD_PRIEST_1019,Preacher,传教士
JOURNEY_WORD_MAPS_1022,Journey,旅程
LANDMARK_WORD_MAPS_1022,Landmark,地标
BORDER_WORD_MAPS_1022,Border,边界
ATLAS_WORD_MAPS_1022,Atlas,地图集
GLOBE_WORD_MAPS_1022,Globe,地球仪
SCALE_WORD_MAPS_1022,Scale,比例尺
TERRAIN_WORD_MAPS_1022,Terrain,地形
CONTOUR_WORD_MAPS_1022,Contour,等高线
MELODY_WORD_SINGING_1054,Melody,旋律
SONG_WORD_SINGING_1054,Song,歌曲
PITCH_WORD_SINGING_1054,Pitch,音调
SOLOIST_WORD_SINGING_1054,Soloist,独唱者
ARIA_WORD_SINGING_1054,Aria,咏叹调
CHOIR_WORD_SINGING_1054,Choir,合唱团
HUMMING_WORD_SINGING_1054,Humming,哼唱
TIMBRE_WORD_SINGING_1054,Timbre,音色
GENE_WORD_GENETICS_1060,Gene,基因
DNA_WORD_GENETICS_1060,DNA,DNA
GENOME_WORD_GENETICS_1060,Genome,基因组
TV_WORD_SCREEN_1030,TV,电视
ATM_WORD_SCREEN_1030,ATM,取款机
E_READER_WORD_SCREEN_1030,E-reader,电子阅读器
BUZZER_WORD_ALARM_1031,Buzzer,蜂鸣器
BEEP_WORD_ALARM_1031,Beep,哔声
RUSH_WORD_ALARM_1031,Rush,紧急
MAPLE_WORD_LEAVES_1055,Maple,枫树
OAK_WORD_LEAVES_1055,Oak,橡树
PALM_WORD_LEAVES_1055,Palm,棕榈
CHESTNUT_WORD_LEAVES_1055,Chestnut,栗树
ASH_WORD_LEAVES_1055,Ash,白蜡树
POPLAR_WORD_LEAVES_1055,Poplar,杨树
PLATE_WORD_DISHWARE_829,Plate,盘子
CUP_WORD_DISHWARE_829,Cup,杯子
BOWL_WORD_DISHWARE_829,Bowl,碗
SAUCER_WORD_DISHWARE_829,Saucer,碟子
FROG_WORD_POND_830,Frog,青蛙
REED_WORD_POND_830,Reed,芦苇
DUCK_WORD_POND_830,Duck,鸭子
PAWN_PIC_CHESS_1,,
ROOK_PIC_CHESS_1,,
KNIGHT_PIC_CHESS_1,,
BISHOP_PIC_CHESS_1,,
QUEEN_PIC_CHESS_1,,
KING_PIC_CHESS_1,,
CHESSBOARD_PIC_CHESS_1,,
CHESS_CLOCK_PIC_CHESS_1,,
HOCKEY_PIC_SPORTS_2,,
SOCCER_PIC_SPORTS_2,,
BOXING_PIC_SPORTS_2,,
TENNIS_PIC_SPORTS_2,,
GOLF_PIC_SPORTS_2,,
RUGBY_PIC_SPORTS_2,,
CURLING_PIC_SPORTS_2,,
TABLE_TENNIS_PIC_SPORTS_2,,
TABLE_PIC_FURNITURE_3,,
SOFA_PIC_FURNITURE_3,,
CHAIR_PIC_FURNITURE_3,,
DESK_PIC_FURNITURE_3,,
BED_PIC_FURNITURE_3,,
WARDROBE_PIC_FURNITURE_3,,
BOOKSHELF_PIC_FURNITURE_3,,
DRESSERS_PIC_FURNITURE_3,,
ACE_OF_HEARTS_PIC_DECK_4,,
KING_HEARTS_PIC_DECK_4,,
QUEEN_HEARTS_PIC_DECK_4,,
JACK_HEARTS_PIC_DECK_4,,
10_HEARTS_PIC_DECK_4,,
9_HEARTS_PIC_DECK_4,,
8_HEARTS_PIC_DECK_4,,
7_HEARTS_PIC_DECK_4,,
ARIES_PIC_ZODIAC_5,,
TAURUS_PIC_ZODIAC_5,,
GEMINI_PIC_ZODIAC_5,,
CANCER_PIC_ZODIAC_5,,
LEO_PIC_ZODIAC_5,,
VIRGO_PIC_ZODIAC_5,,
LIBRA_PIC_ZODIAC_5,,
SAGITTARIUS_PIC_ZODIAC_5,,
PLIERS_PIC_TOOLBOX_6,,
WRENCH_PIC_TOOLBOX_6,,
DRILL_PIC_TOOLBOX_6,,
ADHESIVE_TAPE_PIC_TOOLBOX_6,,
SAW_PIC_TOOLBOX_6,,
CHISEL_PIC_TOOLBOX_6,,
CLAMP_PIC_TOOLBOX_6,,
HAMMER_PIC_TOOLBOX_6,,
GLOVES_PIC_GARMENTS_7,,
DRESS_PIC_GARMENTS_7,,
PANTS_PIC_GARMENTS_7,,
SHIRT_PIC_GARMENTS_7,,
PANTIES_PIC_GARMENTS_7,,
COAT_PIC_GARMENTS_7,,
JACKET_PIC_GARMENTS_7,,
SKIRT_PIC_GARMENTS_7,,
BROCCOLI_PIC_VEGGIE_8,,
CABBAGE_PIC_VEGGIE_8,,
POTATO_PIC_VEGGIE_8,,
CARROT_PIC_VEGGIE_8,,
BEETROOT_PIC_VEGGIE_8,,
CUCUMBER_PIC_VEGGIE_8,,
ONION_PIC_VEGGIE_8,,
EGGPLANT_PIC_VEGGIE_8,,
ORANGE_PIC_FRUITS_9,,
KIWI_PIC_FRUITS_9,,
BANANA_PIC_FRUITS_9,,
APPLE_PIC_FRUITS_9,,
POMEGRANATE_PIC_FRUITS_9,,
PEACH_PIC_FRUITS_9,,
PINEAPPLE_PIC_FRUITS_9,,
WATERMELON_PIC_FRUITS_9,,
CUSHION_PIC_CHAIR_10,,
THRONE_PIC_CHAIR_10,,
OTTOMAN_PIC_CHAIR_10,,
STOOL_PIC_CHAIR_10,,
ARMCHAIR_PIC_CHAIR_10,,
LOVESEAT_PIC_CHAIR_10,,
RECLINER_PIC_CHAIR_10,,
BEANBAG_PIC_CHAIR_10,,
KEPI_PIC_HATS_11,,
BERET_PIC_HATS_11,,
CAP_PIC_HATS_11,,
HAT_PIC_HATS_11,,
VISOR_PIC_HATS_11,,
TURBAN_PIC_HATS_11,,
SOMBRERO_PIC_HATS_11,,
PANAMA_HAT_PIC_HATS_11,,
ORGAN_PIC_PLAY_12,,
VIOLIN_PIC_PLAY_12,,
UKULELE_PIC_PLAY_12,,
DRUM_PIC_PLAY_12,,
PIANO_PIC_PLAY_12,,
FLUTE_PIC_PLAY_12,,
GUITAR_PIC_PLAY_12,,
CELLO_PIC_PLAY_12,,
BROOM_PIC_CLEANING_13,,
MOP_PIC_CLEANING_13,,
VACUUM_PIC_CLEANING_13,,
DUSTER_PIC_CLEANING_13,,
SPONGE_PIC_CLEANING_13,,
BUCKET_PIC_CLEANING_13,,
BIN_PIC_CLEANING_13,,
DUSTPAN_PIC_CLEANING_13,,
BOOTS_PIC_SHOES_14,,
HEELS_PIC_SHOES_14,,
FLATS_PIC_SHOES_14,,
OXFORDS_PIC_SHOES_14,,
WEDGES_PIC_SHOES_14,,
MONKS_PIC_SHOES_14,,
BROGUES_PIC_SHOES_14,,
DERBIES_PIC_SHOES_14,,
ITALY_PIC_MAP_15,,
INDIA_PIC_MAP_15,,
AUSTRALIA_PIC_MAP_15,,
FRANCE_PIC_MAP_15,,
USA_PIC_MAP_15,,
UK_PIC_MAP_15,,
SPAIN_PIC_MAP_15,,
JAPAN_PIC_MAP_15,,
DOVE_PIC_BIRD_16,,
EAGLE_PIC_BIRD_16,,
SWAN_PIC_BIRD_16,,
OWL_PIC_BIRD_16,,
HERON_PIC_BIRD_16,,
ROBIN_PIC_BIRD_16,,
FINCH_PIC_BIRD_16,,
VULTURE_PIC_BIRD_16,,
LOBSTER_PIC_SEAFOOD_17,,
OYSTER_PIC_SEAFOOD_17,,
MUSSEL_PIC_SEAFOOD_17,,
CRAB_PIC_SEAFOOD_17,,
SCALLOP_PIC_SEAFOOD_17,,
CONCH_PIC_SEAFOOD_17,,
SQUID_PIC_SEAFOOD_17,,
SHRIMP_PIC_SEAFOOD_17,,
TERRIER_PIC_DOGS_18,,
BEAGLE_PIC_DOGS_18,,
POODLE_PIC_DOGS_18,,
SPANIEL_PIC_DOGS_18,,
HUSKY_PIC_DOGS_18,,
COLLIE_PIC_DOGS_18,,
BULLDOG_PIC_DOGS_18,,
PUG_PIC_DOGS_18,,
PIZZA_PIC_EATS_19,,
TACO_PIC_EATS_19,,
FRIES_PIC_EATS_19,,
BURGER_PIC_EATS_19,,
KEBAB_PIC_EATS_19,,
SANDWICH_PIC_EATS_19,,
BURRITO_PIC_EATS_19,,
HOT_DOG_PIC_EATS_19,,
LIBRARY_PIC_BUILD_20,,
MUSEUM_PIC_BUILD_20,,
HOSPITAL_PIC_BUILD_20,,
SCHOOL_BUILDING_PIC_BUILD_20,,
HOTEL_PIC_BUILD_20,,
FACTORY_PIC_BUILD_20,,
STADIUM_PIC_BUILD_20,,
MALL_PIC_BUILD_20,,
TROLL_PIC_FOLKLORE_21,,
GOBLIN_PIC_FOLKLORE_21,,
OGRE_PIC_FOLKLORE_21,,
BANSHEE_PIC_FOLKLORE_21,,
UNICORN_PIC_FOLKLORE_21,,
FAIRY_PIC_FOLKLORE_21,,
GNOME_PIC_FOLKLORE_21,,
GENIE_PIC_FOLKLORE_21,,
APRICOT_PIC_DRUPES_22,,
PEACH_PIC_DRUPES_22,,
PLUM_PIC_DRUPES_22,,
CHERRY_PIC_DRUPES_22,,
MANGO_PIC_DRUPES_22,,
LOQUAT_PIC_DRUPES_22,,
OLIVE_PIC_DRUPES_22,,
LYCHEE_PIC_DRUPES_22,,
BLANKET_PIC_PICNIC_23,,
BASKET_PIC_PICNIC_23,,
SANDWICH_PIC_PICNIC_23,,
ANTS_PIC_PICNIC_23,,
JUICE_PIC_PICNIC_23,,
SUN_PIC_PICNIC_23,,
GRASS_PIC_PICNIC_23,,
CRACKERS_PIC_PICNIC_23,,
PROFITEROLE_PIC_PASTRY_24,,
PIE_PIC_PASTRY_24,,
CAKE_PIC_PASTRY_24,,
BRIOCHE_PIC_PASTRY_24,,
TART_PIC_PASTRY_24,,
SCONE_PIC_PASTRY_24,,
STRUDEL_PIC_PASTRY_24,,
BROWNIE_PIC_PASTRY_24,,
BUGLE_PIC_WIND_25,,
TUBA_PIC_WIND_25,,
FLUTE_PIC_WIND_25,,
SAX_PIC_WIND_25,,
HARMONICA_PIC_WIND_25,,
BAGPIPES_PIC_WIND_25,,
CLARINET_PIC_WIND_25,,
TRUMPET_PIC_WIND_25,,
BOOKSTORE_PIC_MALL_26,,
PHARMACY_PIC_MALL_26,,
SECURITY_PIC_MALL_26,,
JANITOR_PIC_MALL_26,,
CREDIT_CARD_PIC_MALL_26,,
CASH_PIC_MALL_26,,
PAPER_BAG_PIC_MALL_26,,
FITTING_ROOM_PIC_MALL_26,,
VIOLIN_PIC_STRINGS_27,,
GUITAR_PIC_STRINGS_27,,
CELLO_PIC_STRINGS_27,,
VIOLA_PIC_STRINGS_27,,
BANJO_PIC_STRINGS_27,,
HARP_PIC_STRINGS_27,,
UKULELE_PIC_STRINGS_27,,
MANDOLIN_PIC_STRINGS_27,,
NECKLACE_PIC_JEWELRY_28,,
EARRING_PIC_JEWELRY_28,,
DIAMOND_RING_PIC_JEWELRY_28,,
BRACELET_PIC_JEWELRY_28,,
ANKLET_PIC_JEWELRY_28,,
LOCKET_PIC_JEWELRY_28,,
DIADEM_PIC_JEWELRY_28,,
BROOCH_PIC_JEWELRY_28,,
DAISY_PIC_FLOWERS_29,,
LILY_PIC_FLOWERS_29,,
TULIP_PIC_FLOWERS_29,,
ROSE_PIC_FLOWERS_29,,
POPPY_PIC_FLOWERS_29,,
PEONY_PIC_FLOWERS_29,,
ASTER_PIC_FLOWERS_29,,
PANSY_PIC_FLOWERS_29,,
LIZARD_PIC_REPTILES_30,,
SNAKE_PIC_REPTILES_30,,
ALLIGATOR_PIC_REPTILES_30,,
GECKO_PIC_REPTILES_30,,
CHAMELEON_PIC_REPTILES_30,,
IGUANA_PIC_REPTILES_30,,
TURTLE_PIC_REPTILES_30,,
DINOSAUR_PIC_REPTILES_30,,
DIAMOND_PIC_GEMSTONE_31,,
RUBY_PIC_GEMSTONE_31,,
SAPPHIRE_PIC_GEMSTONE_31,,
EMERALD_PIC_GEMSTONE_31,,
CRYSTAL_PIC_GEMSTONE_31,,
GARNET_PIC_GEMSTONE_31,,
PERIDOT_PIC_GEMSTONE_31,,
OPAL_PIC_GEMSTONE_31,,
MOSQUITO_PIC_INSECTS_32,,
LADYBUG_PIC_INSECTS_32,,
MOTH_PIC_INSECTS_32,,
WASP_PIC_INSECTS_32,,
DRAGONFLY_PIC_INSECTS_32,,
ANT_PIC_INSECTS_32,,
CRICKET_PIC_INSECTS_32,,
MANTIS_PIC_INSECTS_32,,
BEAVER_PIC_RODENTS_33,,
MARMOT_PIC_RODENTS_33,,
NUTRIA_PIC_RODENTS_33,,
SQUIRREL_PIC_RODENTS_33,,
CAPYBARA_PIC_RODENTS_33,,
RAT_PIC_RODENTS_33,,
HAMSTER_PIC_RODENTS_33,,
GUINEA_PIG_PIC_RODENTS_33,,
COWBOY_HAT_PIC_WESTERN_34,,
COWBOY_BOOTS_PIC_WESTERN_34,,
LASSO_PIC_WESTERN_34,,
COWBOY_PIC_WESTERN_34,,
SHERIFF_PIC_WESTERN_34,,
BADGE_PIC_WESTERN_34,,
SALOON_PIC_WESTERN_34,,
CACTI_PIC_WESTERN_34,,
JOLLY_ROGER_PIC_PIRATE_35,,
PARROT_PIC_PIRATE_35,,
CUTLASS_PIC_PIRATE_35,,
CANNON_PIC_PIRATE_35,,
RUM_PIC_PIRATE_35,,
TREASURE_MAP_PIC_PIRATE_35,,
WOODEN_SHIP_S_WHEEL_PIC_PIRATE_35,,
TREASURE_CHEST_PIC_PIRATE_35,,
BUOY_PIC_BEACH_36,,
SEAGULL_PIC_BEACH_36,,
BAY_PIC_BEACH_36,,
SAND_PIC_BEACH_36,,
WAVES_PIC_BEACH_36,,
SHELLS_PIC_BEACH_36,,
BEACH_CHAIR_PIC_BEACH_36,,
BEACH_UMBRELLA_PIC_BEACH_36,,
PYRAMID_PIC_EGYPT_37,,
SPHINX_PIC_EGYPT_37,,
PHARAOH_S_MASK_PIC_EGYPT_37,,
MUMMY_PIC_EGYPT_37,,
SCARAB_PIC_EGYPT_37,,
NILE_RIVER_PIC_EGYPT_37,,
ANUBIS_PIC_EGYPT_37,,
HIEROGLYPHS_PIC_EGYPT_37,,
ASTRONAUT_PIC_SPACE_38,,
ROCKET_PIC_SPACE_38,,
UFO_PIC_SPACE_38,,
ALIEN_PIC_SPACE_38,,
SATURN_PIC_SPACE_38,,
SPACE_STATION_PIC_SPACE_38,,
GALAXY_PIC_SPACE_38,,
MARS_ROVER_PIC_SPACE_38,,
TUNA_PIC_SEA_FISH_39,,
MARLIN_PIC_SEA_FISH_39,,
COD_PIC_SEA_FISH_39,,
SARDINE_PIC_SEA_FISH_39,,
SHARK_PIC_SEA_FISH_39,,
SAWFISH_PIC_SEA_FISH_39,,
STINGRAY_PIC_SEA_FISH_39,,
CLOWNFISH_PIC_SEA_FISH_39,,
BALLOON_PIC_BIRTHDAY_40,,
CANDLE_PIC_BIRTHDAY_40,,
CAKE_PIC_BIRTHDAY_40,,
BOX_PIC_BIRTHDAY_40,,
CONFETTI_PIC_BIRTHDAY_40,,
BIRTHDAY_HAT_PIC_BIRTHDAY_40,,
PARTY_HORN_PIC_BIRTHDAY_40,,
BIRTHDAY_BANNER_PIC_BIRTHDAY_40,,
ELECTRIC_CAR_PIC_CHARGER_41,,
SMARTWATCH_PIC_CHARGER_41,,
LAPTOP_PIC_CHARGER_41,,
DIGITAL_CAMERA_PIC_CHARGER_41,,
POWER_BANK_PIC_CHARGER_41,,
ELECTRIC_TOOTHBRUSH_PIC_CHARGER_41,,
BLUETOOTH_HEADPHONES_PIC_CHARGER_41,,
DRONE_PIC_CHARGER_41,,
HELICOPTER_PIC_TRANSPORT_42,,
TRAIN_PIC_TRANSPORT_42,,
PLANE_PIC_TRANSPORT_42,,
TAXI_PIC_TRANSPORT_42,,
SCOOTER_PIC_TRANSPORT_42,,
DOUBLE_DECKER_BUS_PIC_TRANSPORT_42,,
MOTORBOAT_PIC_TRANSPORT_42,,
HOT_AIR_BALLOON_PIC_TRANSPORT_42,,
CAT_PIC_WHISKERS_43,,
DOG_PIC_WHISKERS_43,,
SEAL_PIC_WHISKERS_43,,
WALRUS_PIC_WHISKERS_43,,
OTTER_PIC_WHISKERS_43,,
SQUIRREL_PIC_WHISKERS_43,,
CATFISH_PIC_WHISKERS_43,,
LION_PIC_WHISKERS_43,,
BEEF_PIC_BURGER_44,,
BUN_PIC_BURGER_44,,
SAUCE_PIC_BURGER_44,,
CHEESE_PIC_BURGER_44,,
LETTUCE_PIC_BURGER_44,,
TOMATO_PIC_BURGER_44,,
PICKLE_PIC_BURGER_44,,
ONION_PIC_BURGER_44,,
SODA_PIC_DRINKS_45,,
ESPRESSO_PIC_DRINKS_45,,
LEMONADE_PIC_DRINKS_45,,
JUICE_PIC_DRINKS_45,,
TEA_PIC_DRINKS_45,,
MILK_PIC_DRINKS_45,,
BUBBLE_TEA_PIC_DRINKS_45,,
SPORTS_DRINK_PIC_DRINKS_45,,
CIRCLE_PIC_SHAPES_46,,
SQUARE_PIC_SHAPES_46,,
OVAL_PIC_SHAPES_46,,
OCTAGON_PIC_SHAPES_46,,
TRIANGLE_PIC_SHAPES_46,,
STAR_PIC_SHAPES_46,,
HEART_PIC_SHAPES_46,,
RHOMBUS_PIC_SHAPES_46,,
JEWELRY_PIC_LUXURY_47,,
WATCH_PIC_LUXURY_47,,
CLASSIC_HANDBAG_PIC_LUXURY_47,,
YACHT_PIC_LUXURY_47,,
PRIVATE_JET_PIC_LUXURY_47,,
SUPERCAR_PIC_LUXURY_47,,
ART_PAINTING_PIC_LUXURY_47,,
AMERICAN_EXPRESS_CENTURION_CARD_PIC_LUXURY_47,,
FOOL_PIC_TAROT_48,,
MOON_PIC_TAROT_48,,
MAGICIAN_PIC_TAROT_48,,
EMPRESS_PIC_TAROT_48,,
DEATH_PIC_TAROT_48,,
SUN_PIC_TAROT_48,,
STAR_PIC_TAROT_48,,
HANGED_MAN_PIC_TAROT_48,,
PACIFIER_PIC_BABIES_49,,
DIAPER_PIC_BABIES_49,,
RATTLE_PIC_BABIES_49,,
STROLLER_PIC_BABIES_49,,
BOTTLE_PIC_BABIES_49,,
BABY_BOWL_AND_SOFT_TIP_SPOON_PIC_BABIES_49,,
CRIB_PIC_BABIES_49,,
CAR_SEAT_PIC_BABIES_49,,
ROPE_PIC_SAILOR_50,,
FLAG_PIC_SAILOR_50,,
STORM_PIC_SAILOR_50,,
KNOT_PIC_SAILOR_50,,
SAILOR_HAT_PIC_SAILOR_50,,
SPYGLASS_PIC_SAILOR_50,,
SEXTANT_PIC_SAILOR_50,,
HARBOR_LIGHTHOUSE_PIC_SAILOR_50,,
GUM_PIC_CANDY_51,,
CHOCO_PIC_CANDY_51,,
FUDGE_PIC_CANDY_51,,
LOLLIPOP_PIC_CANDY_51,,
HARD_CANDY_PIC_CANDY_51,,
MARSHMALLOW_PIC_CANDY_51,,
TURKISH_DELIGHT_PIC_CANDY_51,,
COTTON_CANDY_PIC_CANDY_51,,
DOOR_PIC_KEYS_52,,
PADLOCK_PIC_KEYS_52,,
CAR_PIC_KEYS_52,,
SAFE_PIC_KEYS_52,,
SUITCASE_PIC_KEYS_52,,
STORAGE_LOCKER_PIC_KEYS_52,,
TREASURE_CHEST_PIC_KEYS_52,,
LOCKABLE_NOTEBOOK_PIC_KEYS_52,,
GRASS_PIC_LAWN_53,,
MOWER_PIC_LAWN_53,,
FOUR_LEAF_CLOVER_PIC_LAWN_53,,
SPRINKLER_PIC_LAWN_53,,
GARDENING_GLOVES_PIC_LAWN_53,,
LEAF_RAKE_PIC_LAWN_53,,
PICNIC_BLANKET_PIC_LAWN_53,,
FRISBEE_PIC_LAWN_53,,
CUBE_PIC_3D_54,,
SPHERE_PIC_3D_54,,
CONE_PIC_3D_54,,
TORUS_PIC_3D_54,,
SQUARE_PYRAMID_PIC_3D_54,,
CYLINDER_PIC_3D_54,,
OCTAHEDRON_PIC_3D_54,,
MOBIUS_STRIP_PIC_3D_54,,
BATS_PIC_VAMPIRE_55,,
FANGS_PIC_VAMPIRE_55,,
COFFIN_PIC_VAMPIRE_55,,
GARLIC_PIC_VAMPIRE_55,,
CAPE_PIC_VAMPIRE_55,,
CANDLE_AND_CANDLESTICK_PIC_VAMPIRE_55,,
GOTHIC_CASTLE_PIC_VAMPIRE_55,,
RED_ROSE_PIC_VAMPIRE_55,,
BIG_BEN_PIC_LANDMARK_56,,
STATUE_OF_LIBERTY_PIC_LANDMARK_56,,
COLOSSEUM_PIC_LANDMARK_56,,
PYRAMIDS_PIC_LANDMARK_56,,
GREAT_WALL_PIC_LANDMARK_56,,
EIFFEL_TOWER_PIC_LANDMARK_56,,
PARTHENON_PIC_LANDMARK_56,,
LEANING_TOWER_OF_PISA_PIC_LANDMARK_56,,
DUNES_PIC_DESERT_57,,
CACTI_PIC_DESERT_57,,
OASIS_PIC_DESERT_57,,
CAMEL_PIC_DESERT_57,,
LEATHER_WATER_CANTEEN_PIC_DESERT_57,,
GOGGLES_PIC_DESERT_57,,
FENNEC_FOX_PIC_DESERT_57,,
DESERT_TENT_PIC_DESERT_57,,
TEDDY_BEAR_PIC_TOYS_58,,
KITE_PIC_TOYS_58,,
LEGO_PIC_TOYS_58,,
GAMEPAD_PIC_TOYS_58,,
SPINNING_TOP_PIC_TOYS_58,,
JUMP_ROPE_PIC_TOYS_58,,
JIGSAW_PUZZLE_PIC_TOYS_58,,
BUILDING_BLOCKS_PIC_TOYS_58,,
EGGPLANT_PIC_PURPLE_59,,
VIOLET_PIC_PURPLE_59,,
PLUM_PIC_PURPLE_59,,
LAVENDER_PIC_PURPLE_59,,
PURPLE_GRAPES_PIC_PURPLE_59,,
PURPLE_MUG_PIC_PURPLE_59,,
AMETHYST_PIC_PURPLE_59,,
WISTERIA_PIC_PURPLE_59,,
BANANA_PIC_YELLOW_60,,
CORN_PIC_YELLOW_60,,
GOLD_PIC_YELLOW_60,,
CHEESE_PIC_YELLOW_60,,
RUBBER_DUCK_PIC_YELLOW_60,,
LEMON_PIC_YELLOW_60,,
YELLOW_GEMSTONE_PIC_YELLOW_60,,
YELLOW_ROSE_PIC_YELLOW_60,,
UMBRELLA_PIC_RAIN_61,,
RAINCOAT_PIC_RAIN_61,,
CLOUD_PIC_RAIN_61,,
PUDDLE_PIC_RAIN_61,,
RAIN_BOOTS_PIC_RAIN_61,,
LIGHTNING_PIC_RAIN_61,,
RAINBOW_PIC_RAIN_61,,
RAINY_WEATHER_ICON_PIC_RAIN_61,,
DUMBBELL_PIC_GYM_62,,
BARBELL_PIC_GYM_62,,
AIR_BIKE_PIC_GYM_62,,
KETTLEBELL_PIC_GYM_62,,
TREADMILL_PIC_GYM_62,,
EXERCISE_BALL_PIC_GYM_62,,
ELLIPTICAL_MACHINE_PIC_GYM_62,,
AB_ROLLER_PIC_GYM_62,,
SOCKS_PIC_PAIRS_63,,
TWINS_PIC_PAIRS_63,,
SKIS_PIC_PAIRS_63,,
GLOVES_PIC_PAIRS_63,,
SHOES_PIC_PAIRS_63,,
WINGS_PIC_PAIRS_63,,
EARBUDS_PIC_PAIRS_63,,
CHOPSTICKS_PIC_PAIRS_63,,
TENT_PIC_CAMPING_64,,
CAMPFIRE_PIC_CAMPING_64,,
HAMMOCK_PIC_CAMPING_64,,
SLEEPING_BAG_PIC_CAMPING_64,,
CAMP_CHAIR_PIC_CAMPING_64,,
CAMPING_LANTERN_PIC_CAMPING_64,,
MULTI_TOOL_PIC_CAMPING_64,,
INSECT_REPELLENT_PIC_CAMPING_64,,
CANDY_CANE_PIC_XMAS_65,,
CHRISTMAS_STOCKING_PIC_XMAS_65,,
SANTA_PIC_XMAS_65,,
CHRISTMAS_TREE_PIC_XMAS_65,,
FAIRY_LIGHTS_PIC_XMAS_65,,
REINDEER_PIC_XMAS_65,,
GINGERBREAD_HOUSE_PIC_XMAS_65,,
CHRISTMAS_GIFT_PIC_XMAS_65,,
STAMP_PIC_MAIL_66,,
PARCEL_PIC_MAIL_66,,
LETTER_PIC_MAIL_66,,
MAILBOX_PIC_MAIL_66,,
POSTMARK_PIC_MAIL_66,,
EMAIL_PIC_MAIL_66,,
CARRIER_PIGEON_PIC_MAIL_66,,
POSTMAN_PIC_MAIL_66,,
CHEF_S_HAT_PIC_CHEF_67,,
RESTAURANT_PIC_CHEF_67,,
DISH_PIC_CHEF_67,,
CHEF_S_JACKET_PIC_CHEF_67,,
PROFESSIONAL_OVEN_PIC_CHEF_67,,
CHEF_S_KNIFE_PIC_CHEF_67,,
WOK_PIC_CHEF_67,,
SPICE_JAR_PIC_CHEF_67,,
TV_PIC_SCREEN_68,,
LAPTOP_PIC_SCREEN_68,,
E_READER_PIC_SCREEN_68,,
SMARTPHONE_PIC_SCREEN_68,,
SMARTWATCH_PIC_SCREEN_68,,
HANDHELD_GAME_CONSOLE_PIC_SCREEN_68,,
MOVIE_SCREEN_PIC_SCREEN_68,,
CALCULATOR_PIC_SCREEN_68,,
STETHOSCOPE_PIC_TOOLS_69,,
WRENCH_PIC_TOOLS_69,,
PAINTBRUSH_PIC_TOOLS_69,,
GAVEL_PIC_TOOLS_69,,
MICROPHONE_PIC_TOOLS_69,,
HARD_HAT_PIC_TOOLS_69,,
TEACHING_POINTER_PIC_TOOLS_69,,
SCAPEL_PIC_TOOLS_69,,
STAPLER_PIC_SUPPLIES_70,,
TAPE_DISPENSER_PIC_SUPPLIES_70,,
PAPERCLIP_PIC_SUPPLIES_70,,
NOTEBOOK_PIC_SUPPLIES_70,,
RUBBER_STAMP_PIC_SUPPLIES_70,,
FILE_FOLDER_PIC_SUPPLIES_70,,
PENCIL_PIC_SUPPLIES_70,,
CALCULATOR_PIC_SUPPLIES_70,,
BOWL_PIC_UTENSILS_71,,
PLATE_PIC_UTENSILS_71,,
CHOPSTICKS_PIC_UTENSILS_71,,
SPOON_PIC_UTENSILS_71,,
FORK_PIC_UTENSILS_71,,
CUP_PIC_UTENSILS_71,,
DINNER_KNIFE_PIC_UTENSILS_71,,
PLACEMAT_PIC_UTENSILS_71,,
CANVAS_PIC_ARTS_72,,
PALETTE_PIC_ARTS_72,,
SCULPTURE_PIC_ARTS_72,,
CAMERA_PIC_ARTS_72,,
FILM_PIC_ARTS_72,,
SHEET_MUSIC_PIC_ARTS_72,,
STAGE_CURTAIN_PIC_ARTS_72,,
MASK_PIC_ARTS_72,,
COMPASS_PIC_SURVIVAL_73,,
FLASHLIGHT_PIC_SURVIVAL_73,,
TENT_PIC_SURVIVAL_73,,
MATCHES_PIC_SURVIVAL_73,,
MULTI_TOOL_PIC_SURVIVAL_73,,
WATER_BOTTLE_PIC_SURVIVAL_73,,
ROPE_PIC_SURVIVAL_73,,
FIRST_AID_KIT_PIC_SURVIVAL_73,,
FLOUR_PIC_BAKING_74,,
EGGS_PIC_BAKING_74,,
SUGAR_PIC_BAKING_74,,
BUTTER_PIC_BAKING_74,,
YEAST_PIC_BAKING_74,,
CHOCOLATE_CHIPS_PIC_BAKING_74,,
VANILLA_EXTRACT_PIC_BAKING_74,,
CREAM_PIC_BAKING_74,,
THERMOMETER_PIC_MEDICAL_75,,
MASK_PIC_MEDICAL_75,,
SYRINGE_PIC_MEDICAL_75,,
PILLS_PIC_MEDICAL_75,,
BANDAGE_PIC_MEDICAL_75,,
WHEELCHAIR_PIC_MEDICAL_75,,
BLOOD_PRESSURE_MONITOR_PIC_MEDICAL_75,,
FIRST_AID_KIT_PIC_MEDICAL_75,,
REUSABLE_BAG_PIC_ECO_ITEMS_76,,
BIODEGRADABLE_UTENSILS_PIC_ECO_ITEMS_76,,
SOLAR_PANEL_PIC_ECO_ITEMS_76,,
WINDMILL_PIC_ECO_ITEMS_76,,
RECYCLING_BIN_PIC_ECO_ITEMS_76,,
BICYCLE_PIC_ECO_ITEMS_76,,
WATER_SAVING_FAUCET_PIC_ECO_ITEMS_76,,
LED_LIGHT_PIC_ECO_ITEMS_76,,
WALL_CLOCK_PIC_DECOR_77,,
PHOTO_FRAME_PIC_DECOR_77,,
RUG_PIC_DECOR_77,,
VASE_PIC_DECOR_77,,
WALL_ART_PIC_DECOR_77,,
CURTAINS_PIC_DECOR_77,,
THROW_PILLOW_PIC_DECOR_77,,
SCENTED_CANDLE_PIC_DECOR_77,,
SURFBOARD_PIC_AQUATICS_78,,
DIVING_MASK_PIC_AQUATICS_78,,
KAYAK_PIC_AQUATICS_78,,
LIFE_RING_PIC_AQUATICS_78,,
WETSUIT_PIC_AQUATICS_78,,
SAILBOAT_PIC_AQUATICS_78,,
PADDLEBOARD_PIC_AQUATICS_78,,
LIFE_JACKET_PIC_AQUATICS_78,,
CHECKMARK_PIC_ICONS_79,,
CROSS_PIC_ICONS_79,,
CIRCLE_PIC_ICONS_79,,
ARROW_PIC_ICONS_79,,
HEART_PIC_ICONS_79,,
STAR_PIC_ICONS_79,,
LOCK_ICON_PIC_ICONS_79,,
ENVELOPE_ICON_PIC_ICONS_79,,
JACK_O_LANTERN_PIC_HALLOWEEN_80,,
GHOST_PIC_HALLOWEEN_80,,
BAT_PIC_HALLOWEEN_80,,
BLACK_CAT_PIC_HALLOWEEN_80,,
WITCH_HAT_PIC_HALLOWEEN_80,,
SPIDER_WEB_PIC_HALLOWEEN_80,,
CANDY_BUCKET_PIC_HALLOWEEN_80,,
SKELETON_PIC_HALLOWEEN_80,,
